번호,이름(목록),이름(상세),이름(한자),생년월일,소속회,자격시험,사무소명,사무실전화,사무실팩스,사무실주소,이메일,전문분야
200,양희정,양희정,梁熙貞,1984.08.20,울산,변호사시험 5회,변호사양희정법률사무소,052-990-9209 ,052-257-4003,"[44661] 울산 남구 문수로 302 (옥동, 옥동파크텔) 302호",leafyshade55@gmail.com ,
199,박현수,박현수,朴賢洙,1976.07.11,울산,변호사시험 6회,법무법인 태화,052-272-2000 ,052-256-9800,[44645] 울산 남구 법대로 98 (옥동) 3층,purnyee@naver.com ,
198,진동환,진동환,陳東煥,1980.04.28,울산,변호사시험 6회,법무법인 원율,052-223-1616 ,052-258-8773,"[680-845] 울산 남구 옥동 583-4(삼호빌딩 1,2층)",jerdice@naver.com ,
197,이채영,이채영,李采映,,울산,변호사시험 6회,법무법인 우린,052-227-2121 ,052-227-7403,"[44645] 울산 남구 법대로 86-6 (옥동, 재송빌딩) 301호", ,
196,서주원,서주원,徐紬愿,1982.12.10,울산,변호사시험 6회,법무법인 더정성,052-272-3355 ,052-272-9797,"[44666] 울산 남구 문수로 414, 2층 (신정동, 종하빌딩)",hfbpfw@naver.com ,
195,최민영,최민영,崔珉瑛,1989.03.03,울산,변호사시험 6회,법무법인(유한)동헌,052-267-1700 ,052-267-3383,"[44645] 울산 남구 법대로 86-6 (옥동, 재송빌딩) 401호",purelake03@naver.com ,
194,고성진,고성진,高晟溱,1985.02.14,울산,변호사시험 6회,법무법인 삼성,052-257-2800 ,052-257-2803,"[44645] 울산 남구 법대로 91 (옥동, 삼호빌딩) 3층",seongjingo@hanmail.net ,
193,이용준,이용준,李庸準,,울산,변호사시험 5회,변호사이용준법률사무소,052 266 4110 ,052 268 4110,"[44643] 울산 남구 옥동 277-2, 주건축물 1동 (2층) ",gorae0701@naver.com ,
192,김은영,김은영,金恩鈴,1982.07.03,울산,변호사시험 6회,법무법인 재유,052-265-4400 ,052-265-9229,"[44645] 울산 남구 법대로14번길 20 , 3층(옥동)",bluesky8273@naver.com ,
191,추흥식,추흥식,秋興植,,울산,변호사시험 6회,,052-265-5555 ,052-272-5554,[44645] 울산 남구 문수로 313 (옥동) 402호,choobyun@gmail.com ,
190,김정희,김정희,金政熙,1987.01.08,울산,변호사시험 6회,법무법인 재유,052-265-4400 ,052-265-9229,[44645] 울산 남구 법대로14번길 20 (옥동) 3층,jungheelaw@gmail.com ,
189,정태우,정태우,鄭太瑀,1985.01.30,울산,변호사시험 5회,변호사정태우법률사무소,052-268-1110 ,052-268-8023,"[44645] 울산 남구 문수로 333-1 (옥동, 예스빌딩) 4층",chtw0313@naver.com ,
188,박종호,박종호,朴鍾鎬,1974.08.24,울산,사법시험 45회,변호사박종호법률사무소,052-257-3900 ,052-260-4900,[44642] 울산 남구 법대로 15 (옥동) 법대로빌딩401호,prkjongho@naver.com ,
187,하영욱,하영욱,河泳旭,1986.08.25,울산,변호사시험 5회,변호사하영욱법률사무소, ,,[44645] 울산 남구 법대로14번길 18 (옥동) 2층,hayu825@naver.com ,
186,최용기,최용기,崔容基,1979.03.25,울산,변호사시험 5회,법무법인 삼성,052-257-2800 ,052-257-2803,[44645] 울산 남구 법대로 91 (옥동) 삼호빌딩 3층,mrsatyross@naver.com ,
184,이동훈,이동훈,李東訓,1985.01.10,울산,변호사시험 5회,법무법인 더정성,052-272-3355 ,052-272-9797,"[44666] 울산 남구 문수로 414, 2층 (신정동, 종하빌딩)",ldh8511@daum.net ,
183,김진엽,김진엽,金辰曄,1976.07.23,울산,변호사시험 5회,변호사김진엽법률사무소,052-716-4711 ,052-716-4712,"[44645] 울산 남구 문수로 307 (옥동, 동원빌딩) 2층",yupi2000@naver.com ,
181,최윤성,최윤성,崔閏盛,1979.09.29,울산,,변호사최윤성법률사무소,052-266-7902 ,052-258-3060,[44645] 울산 남구 법대로81번길 4 (옥동) 2층,kevinbrownie@naver.com ,
180,이종훈,이종훈,李宗勳,1982.03.04,울산,변호사시험 5회,변호사이종훈법률사무소,052-269-2388 ,052-269-2488,"[44645] 울산 남구 법대로 95 (옥동, 선린빌딩) 1층",zxcmn7749@gmail.com ,
179,신창민,신창민,辛暢珉,1985.02.13,울산,변호사시험 5회,변호사신창민법률사무소,052-221-7100 ,052-271-3933,[44661] 울산 남구 문수로 312 (옥동) 경암빌딩 3층,changminp@naver.com ,
178,이상민,이상민,李相敃,1989.01.16,울산,변호사시험 5회,변호사이상민법률사무소,052-260-2253 ,052-260-2254,"[44645] 울산 남구 문수로 313 (옥동, 삼성빌딩) 302호",sangmin99@naver.com ,
177,김태우,김태우,金兌優,1974.10.22,울산,변호사시험 5회,변호사김태우법률사무소,052-260-3343 ,052-260-3347,[44643] 울산 남구 법대로14번길 31 (옥동) 205호,ktwlaw@naver.com ,
176,허순민,허순민,許淳民,1988.06.13,울산,변호사시험 5회,변호사허순민법률사무소,052-257-8000 ,052-257-8040,[44645] 울산 남구 법대로 93 (옥동) 조은빌딩 2층,rosesnrue@gmail.com ,
175,한종무,한종무,韓宗武,1979.01.26,울산,사법시험 46회,변호사한종무법률사무소,052-275-9700 ,052-275-1004,"[44645] 울산 남구 법대로8번길 36, 5층(옥동,현빌딩) ",haanci@naver.com ,
174,이윤아,이윤아,李允娥,1986.03.09,울산,변호사시험 4회,변호사이윤아법률사무소,052-256-0845 ,052-211-7050,"[44705] 울산 남구 삼산로 273 (삼산동, 삼산타워) 15층",iou548@naver.com ,
173,박찬영,박찬영,朴璨令,1987.03.14,울산,변호사시험 4회,변호사박찬영법률사무소,-- ,--,"[44428] 울산 중구 종가로 340 (교동, 근로복지공단) 근로복지공단", ,
172,강헌구,강헌구,姜憲求,,울산,변호사시험 4회,변호사강헌구법률사무소,052-260-1194 ,052-260-1195,[44719] 울산 남구 삼산로278번길 20 (삼산동) 1층,khg2k89@gmail.com ,
171,강승모,강승모,姜昇模,,울산,변호사시험 4회,변호사강승모법률사무소,0522601194 ,0522601195,[44719] 울산 남구 삼산로278번길 20 (삼산동) 1층,ksmkey@naver.com ,
170,강부성,강부성,姜扶成,1985.09.11,울산,변호사시험 4회,변호사강부성법률사무소,052-290-1265 ,052-290-1117,"[44512] 울산 중구 서원3길 65 (학성동, 울산문화방송) 경영심의부",zeitgeist2673@hanmail.net ,
169,박고운,박고운,朴고운,1987.06.04,울산,변호사시험 3회,변호사박고운법률사무소,052-272-3355 ,052-272-9797,"[44666] 울산 남구 문수로 414 (신정동, 종하빌딩) 2층",suka0604@gmail.com ,
168,배준석,배준석,裵埈奭,1983.12.20,울산,변호사시험 1회,변호사배준석법률사무소,-- ,--,[44645] 울산 남구 문수로301번길 3 (옥동) 2층,jsbae1983@hotmail.com ,
167,김남영,김남영,金南英,1985.07.05,울산,변호사시험 4회,변호사김남영법률사무소,052-275-1211 ,052-276-1211,"[44645] 울산 남구 법대로 94-12, 2층(옥동)",attorney.nykim@gmail.com ,
165,배성빈,배성빈,裵成彬,1986.05.31,울산,변호사시험 4회,변호사배성빈법률사무소,052-257-5155 ,052-271-6414,"[680-832] 울산 남구 문수로 481, 1~3층,5층(신정동,정우빌딩)",shadow005@naver.com ,
164,김상욱,김상욱,金尙昱,1982.11.25,울산,변호사시험 4회,변호사김상욱법률사무소,052-227-5600 ,052-227-5601,"[44645] 울산 남구 법대로81번길 4,2층(옥동,거화법률빌딩)",ksuperseus@hotmail.com ,
163,전은수,전은수,全恩秀,1984.10.17,울산,변호사시험 4회,변호사전은수법률사무소,052-257-3900 ,052-260-4900,"[44642] 울산 남구 법대로 15 (옥동, 법대로 빌딩) 401호",jesjeslaw@daum.net ,
162,구언수,구언수,具彦秀,1982.10.21,울산,변호사시험 4회,법무법인 하늘,052-271-8855 ,052-260-2035,"[44645] 울산 남구 법대로 94-7,3C층(옥동,문수빌딩)",lawman821021@naver.com ,
161,박상영,박상영,朴相泳,1983.12.31,울산,변호사시험 4회,변호사박상영법률사무소,052-256-8115 ,052-256-8191,"[44645] 울산 남구 법대로 85,2층(옥동)",llmansonll@naver.com ,
160,도시형,도시형,都是亨,1973.03.27,울산,변호사시험 4회,변호사도시형법률사무소,052-716-4711 ,052-716-4712,"[44645] 울산 남구 문수로 307 (옥동, 동원빌딩) 2층",citystyle@hanmail.net ,
158,송규선,송규선,宋奎善,1970.08.05,울산,사법시험 45회,변호사송규선법률사무소,052-947-7000 ,052-947-7002,"[680-845] 울산광역시 남구 법대로 90,1층(옥동)",songks805@naver.com ,
157,이정민,이정민,李正民,1977.09.03,울산,사법시험 54회,법무법인 우린,052-227-2121 ,052-227-7403,"[680-845] 울산 남구 법대로 86-6(옥동, 재송빌딩 3층)",short98000@hanmail.net ,
156,김수진,김수진,金水珍,1984.09.20,울산,변호사시험 3회,법무법인 세명,052-266-8088 ,052-266-6088,"[44678] 울산 남구 봉월로 4 , 2층, 4층(신정동)",ksj11854@naver.com ,
155,양민규,양민규,梁敏奎,1984.02.27,울산,변호사시험 3회,변호사양민규법률사무소,052-272-3355 ,052-272-9797,"[44666] 울산 남구 문수로 414, 2층 (신정동, 종하빌딩)",antitak@naver.com ,
154,이유정,이유정,李惟貞,1982.07.13,울산,변호사시험 3회,변호사이유정법률사무소,010-4544-5486 ,--,"[44662] 울산 남구 대공원입구로9번길 15 (옥동, 한라한솔) 1110호",sopia713@gmail.com ,
153,박주안,박주안,朴燽鞍,1985.05.12,울산,변호사시험 3회,변호사박주안법률사무소,052-260-2338 ,052-260-2339,"[44643] 울산 남구 법대로14번길 31,101호(옥동,법조타운)",pjm8512@hanmail.net ,
152,박주훈,박주훈,朴株勳,1985.05.12,울산,변호사시험 3회,변호사박주훈법률사무소,052-260-2338 ,052-260-2339,"[44643] 울산 남구 법대로14번길 31, 101호(옥동, 법조타운)",greensonic@hanmail.net ,
149,정샛별,정샛별,鄭샛별,,울산,변호사시험 3회,변호사정샛별법률사무소,052-939-3535 ,070-7853-0982,"[44645] 울산 남구 문수로301번길 3 (옥동, CTM빌딩) 4층", ,
147,조정민,조정민,曺廷民,1982.03.31,울산,변호사시험 3회,변호사조정민법률사무소,052-227-0075 ,052-258-0076,[44645] 울산 남구 문수로 313 (옥동),whwjdals82@naver.com ,
146,박수준,박수준,朴秀晙,1984.12.01,울산,변호사시험 3회,변호사박수준법률사무소,052-256-0845 ,052-716-0805,"[44705] 울산 남구 삼산로 273, 15층(삼산동, 삼산타워)",diveintolaw@gmail.com ,형사법 (2017-10-11)
145,천성연,천성연,千成蓮,1986.01.05,울산,변호사시험 3회,변호사천성연법률사무소,052-227-9606 ,052-227-9608,"[44645] 울산 남구 법대로 94 (옥동, 옥산빌딩) 2층",cheon.sy86@gmail.com ,
144,이상웅,이상웅,李相雄,1979.07.19,울산,변호사시험 3회,변호사이상웅법률사무소,052-265-6054 ,052-268-6055,[44645] 울산 남구 법대로 84 (옥동 ) 2층,hibiki03@naver.com ,
143,김원상,김원상,金沅相,1978.12.09,울산,변호사시험 3회,변호사김원상법률사무소,052-227-3377 ,052-267-2345,"[44645] 울산 남구 법대로 86-6, 2층(옥동, 재송빌딩)",ws.stephen.kim@gmail.com ,
142,이석원,이석원,李錫垣,1980.07.17,울산,변호사시험 2회,변호사이석원법률사무소,052-272-3355 ,052-272-9797,"[44666] 울산 남구 문수로 414, 2층 (신정동, 종하빌딩)",twoseokwon@naver.com ,
141,박춘기,박춘기,朴春基,1965.12.27,울산,사법시험 33회,변호사박춘기법률사무소,052-227-9606 ,052-227-9608,"[44645] 울산 남구 법대로 94 (옥동, 옥산빌딩) 2층",parkchunki@gmail.com ,
140,유승현,유승현,柳承玄,1985.10.20,울산,변호사시험 2회,변호사유승현법률사무소,052-280-4123 ,052-280-8971,"[683-791] 울산 북구 염포로 700(양정동),현대자동차울산법무팀",lovelyday100@naver.com ,
139,손다미,손다미,孫茶媄,1978.11.28,울산,변호사시험 2회,변호사손다미법률사무소,052-272-8830 ,052-272-8890,[44645] 울산 남구 법대로 85 (옥동) 2층,dami.sohn@gmail.com ,
138,김민찬,김민찬,金旻燦,1981.10.18,울산,변호사시험 2회,변호사김민찬법률사무소,052-913-8300 ,052-913-8400,"[680-845] 울산 남구 법대로 83,1층(옥동)",mc7757@naver.com ,
137,이정은,이정은,李政垠,1984.08.25,울산,변호사시험 2회,법무법인 해강,052-221-4900 ,052-221-4903,"[44645] 울산 남구 법대로 85 , 3층(옥동, 명진빌딩)",pattcy@naver.com ,
136,정재용,정재용,鄭在龍,1977.12.24,울산,변호사시험 2회,변호사정재용법률사무소,052-221-7500 ,052-221-7501,"[44643] 울산 남구 법대로14번길 31 , 1동 305호(옥동, 울산법조빌딩)",hasululker@naver.com ,
135,김석호,김석호,金碩晧,1984.02.08,울산,변호사시험 2회,변호사김석호법률사무소,052-258-0040 ,052-258-3060,[680-845] 울산 남구 옥동 581-2(거화법률빌딩2층),SHLAWKIM@daum.net ,
134,김종욱,김종욱,金宗昱,1984.02.25,울산,사법시험 52회,변호사김종욱법률사무소,052-275-4347 ,,[680-080] 울산 남구 옥동 277-1 (법조빌딩405호),jongwooka@gmail.com ,
133,조은지,조은지,趙夽知,1986.07.25,울산,변호사시험 2회,변호사조은지법률사무소,052-256-0725 ,052-256-0724,[44645] 울산 남구 법대로 83 (옥동) 1층,vanillasky8607@gmail.com ,이혼 (2017-10-11)
132,이빛나,이빛나,李빛나,1982.12.28,울산,변호사시험 2회,변호사이빛나법률사무소,052-258-4500 ,052-258-4502,[44645] 울산 남구 법대로 83 (옥동) 2층,leebitna1243@gmail.com ,
131,박동인,박동인,朴東寅,1974.08.10,울산,변호사시험 2회,변호사박동인법률사무소,052-265-5670 ,052-256-5672,"[680-845] 울산 남구 법대로 95 (옥동, 선린빌딩 3층)",dongihn@hanmail.net ,
129,손영삼,손영삼,孫永三,1977.09.09,울산,변호사시험 2회,변호사손영삼법률사무소,052-227-3303 ,052-257-4333,[680-845] 울산 남구 옥동 277-1(법조빌딩303호),positive03@naver.com ,이혼 (2017-10-11)
128,강대준,강대준,姜大濬,1979.11.26,울산,변호사시험 2회,변호사강대준법률사무소,052-227-2121 ,052-227-7403,"[680-845] 울산 남구 법대로 86-6,301호(옥동,재송빌딩)",luck1126@hanmail.net ,
127,김형준,김형준,金亨俊,1980.07.29,울산,사법시험 52회,변호사김형준법률사무소,052-260-0798 ,052-261-0798,"[44645] 울산 남구 법대로8번길 36 (옥동, 현빌딩) 3층 301호",greenwich0729@hanmail.net ,
126,김민정,김민정,金姄姃,1979.03.20,울산,사법시험 52회,변호사김민정법률사무소,052-227-0315 ,052-257-4003,"[44661] 울산 남구 문수로 302 (옥동, 옥동파크텔) 302호",taiji7903@naver.com ,
125,이상운,이상운,李相雲,1977.09.01,울산,사법시험 52회,변호사이상운법률사무소,052-257-0024 ,052-257-1024,"[680-845] 울산 남구 법대로8번길 36,2층(옥동)",mossad10@hanmail.net ,
124,강리한,강리한,姜理瀚,1980.05.17,울산,변호사시험 1회,변호사강리한법률사무소,052-266-4010 ,052-268-1102,[44645] 울산 남구 문수로 313 (옥동) 205호,sclleehan@naver.com ,
123,전수경,전수경,全修慶,1983.03.31,울산,사법시험 51회,변호사전수경법률사무소,052-257-0800 ,052-271-8008,"[680-843] 울산 남구 문수로 333-1(예스빌딩3,4층)",jsk331@hanmail.net ,
122,송문희,송문희,宋文熙,1978.03.27,울산,변호사시험 1회,변호사송문희법률사무소,052-267-4070 ,052-267-4075,[680-845] 울산 남구 옥동 289-7(동산빌딩6층),songlaw4070@hanmail.net ,
121,문대영,문대영,文大英,1982.04.08,울산,변호사시험 1회,변호사문대영법률사무소,052-257-3032 ,052-257-3033,[44645] 울산 남구 법대로8번길 8 (옥동) 청우법률빌딩 2층,dmagkrgkr@hanmail.net ,
119,이강진,이강진,李康珍,1983.05.27,울산,변호사시험 1회,변호사이강진법률사무소,052-227-8883 ,052-256-8194,[44645] 울산 남구 문수로301번길 3 (옥동) 2층,rupin3@naver.com ,
118,김경덕,김경덕,金炅德,1983.07.30,울산,변호사시험 1회,변호사김경덕법률사무소,052-917-9000 ,052-917-9002,"[44645] 울산 남구 법대로 86, 2층(옥동)",ddok2c@naver.com ,형사법 (2016-03-21);이혼 (2016-03-21)
117,배소현,배소현,裵소賢,1985.09.26,울산,변호사시험 1회,변호사배소현법률사무소,052-266-4003 ,052-257-4003,"[44661] 울산 남구 문수로 302 (옥동, 옥동파크텔) 307호",inviteu@hanmail.net ,
116,임진규,임진규,林進圭,1979.08.27,울산,변호사시험 1회,변호사임진규법률사무소,052-939-3535 ,070-7853-0982,"[44645] 울산 남구 문수로301번길 3 (옥동, CTM빌딩) 4층",jingyu4u@nate.com ,
115,김상욱,김상욱,金相旭,1980.01.01,울산,변호사시험 1회,법무법인 더정성,052-272-3355 ,052-272-9797,"[44666] 울산 남구 문수로 414, 2층 (신정동, 종하빌딩)",hektor980@naver.com ,
114,강승주,강승주,姜丞柱,1981.08.18,울산,변호사시험 1회,법무법인 더정성,052-272-3355 ,052-272-9797,"[44666] 울산 남구 문수로 414, 2층 (신정동, 종하빌딩)",2ndkang@umaryland.edu ,
113,박상우,박상우,朴相宇,1981.02.04,울산,사법시험 51회,법무법인 원율,052-266-9998 ,052-273-6767,"[680-845] 울산 남구 법대로(옥동,삼호빌딩) 91,2층",swpark055@hanmail.net ,
112,이선호,이선호,李宣鎬,1975.07.17,울산,사법시험 49회,변호사이선호법률사무소,052-256-6202 ,052-256-6201,[44645] 울산 남구 문수로 307 (옥동) 3층 (동원빌딩),leesunho@kollaw.com ,
111,성군희,성군희,成珺禧,1980.03.02,울산,사법시험 51회,법무법인 케이파트너스,052-227-1100 ,052-227-1250,"[44645] 울산 남구 문수로 313,405호(옥동,삼성빌딩)",creaming@hanmail.net ,
110,김혜영,김혜영,金慧英,1976.01.21,울산,사법시험 51회,변호사김혜영법률사무소,052-265-8200 ,052-275-0100,"[680-845] 울산 남구 문수로 316,2층(옥동)",0121hy@hanmail.net ,이혼 (2017-12-04);민사법 (2018-04-30)
109,채시호,채시호,蔡時昊,1968.11.17,울산,사법시험 39회,변호사채시호법률사무소,052-227-5600 ,052-227-5601,[680-080] 울산 남구 옥동 581-2(거화법률빌딩2층),dora5555@hanmail.net ,형사법 (2015-06-29);부동산 (2015-06-29)
108,정선희,정선희,鄭善姬,1981.10.20,울산,사법시험 51회,변호사정선희법률사무소,052-256-8686 ,052-256-8668,"[44643] 울산 남구 법대로14번길 31, 304호(옥동, 법조타운)",sunnyf@hanmail.net ,
107,박재성,박재성,朴材晟,1976.04.10,울산,사법시험 51회,변호사박재성법률사무소,052-234-5115 ,052-234-5114,"[682-811] 울산 동구 방어진순환도로 633,7층(일산동,세인트에스타워)",jslaw2015@naver.com ,
106,전혜경,전혜경,全惠敬,1978.03.02,울산,사법시험 51회,변호사전혜경법률사무소,-- ,--,[44645] 울산 남구 법대로 94-1 (옥동) 2층,jeonhye@naver.com ,
105,양효진,양효진,梁孝眞,1983.11.27,울산,사법시험 49회,변호사양효진법률사무소,052-202-3054 ,052-202-9220,[682-060] 울산 동구 전하동 1(현대중공업),carpediem1127@hanmail.net ,
104,김종기,김종기,金宗紀,1959.05.11,울산,사법시험 25회,법무법인 해강,052-221-4900 ,052-221-4903,"[44645] 울산 남구 법대로 85 , 3층(옥동, 명진빌딩)",kimjk5958@naver.com ,
103,최종상,최종상,崔鍾相,1967.01.24,울산,사법시험 40회,법무법인 케이파트너스,052-227-1100 ,052-227-1250,[680-080] 울산 남구 옥동 591-1(삼성빌딩405호),choisang21@hanmail.net ,
102,민병환,민병환,閔柄煥,1967.11.21,울산,사법시험 42회,변호사민병환법률사무소,052-227-0075 ,052-258-0076,[680-080] 울산 남구 옥동 591-1(삼성빌딩206호),minbh01@hanmail.net ,
101,박성진,박성진,朴成珍,1973.04.16,울산,사법시험 50회,변호사박성진법률사무소,052-265-0007 ,052-265-7990,[680-080] 울산 남구 옥동 289-9(3층),nispark@daum.net ,
100,김창모,김창모,金昶模,1963.09.02,울산,사법시험 39회,변호사김창모법률사무소,052-275-9115 ,052-275-9117,[44643] 울산 남구 법대로14번길 31 (옥동) 법조빌딩 401호,kimandkim01@gmail.com ,
99,최정운,최정운,崔鉦云,1965.11.10,울산,사법시험 34회,법무법인(유한)동헌,052-997-3000 ,052-997-3001,"[680-845] 울산 남구 법대로 86-6,201호(옥동,재송빌딩)",jw1321@naver.com ,
98,오승민,오승민,吳丞珉,1980.10.22,울산,사법시험 49회,변호사오승민법률사무소,052-202-3049 ,052-202-9220,[682-060] 울산 동구 전하동 1 (현대중공업울산법무팀),smoh@hhi.co.kr ,
97,임대호,임대호,林大虎,1977.02.21,울산,사법시험 47회,변호사임대호법률사무소,052-256-3355 ,052-256-9955,"[680-845] 울산 남구 법대로14번길(옥동) 20,2층",pistolldh@yahoo.co.kr ,
96,김순득,김순득,金淳得,1977.06.06,울산,사법시험 49회,변호사김순득법률사무소,052-275-5040 ,052-227-7046,"[680-845] 울산 남구 법대로(옥동) 94-9,2층",7404soon@hanmail.net ,민사법 (2018-04-02)
95,김규태,김규태,金奎兌,1961.01.16,울산,사법시험 33회,변호사김규태법률사무소,052-269-6228 ,052-269-6230,"[680-485] 울산 남구 옥동 법대로 8번길36,3층(옥동)",kkt134679@naver.com ,
94,강부환,강부환,姜富煥,1969.07.15,울산,사법시험 49회,변호사강부환법률사무소,-- ,--,"[44645] 울산 남구 법대로 93 (옥동) 1층, 101호",kangsmile@daum.net ,
93,정인철,정인철,鄭仁喆,1969.05.25,울산,사법시험 49회,법무법인 해창,052-260-6680 ,052-260-6681,[680-080] 울산 남구 옥동 289-3(건강빌딩5층),jic0525@naver.com ,
92,윤용구,윤용구,尹鏞九,1973.02.16,울산,사법시험 49회,변호사윤용구법률사무소,052-258-6606 ,052-258-6615,[44645] 울산 남구 법대로 85 (옥동) 명진빌딩 지하1층,yyk2586606@nate.com ,
91,김민수,김민수,金玟秀,1977.12.11,울산,사법시험 49회,변호사김민수법률사무소,052-275-1211 ,052-276-1211,[680-080] 울산 남구 옥동 289-5(2층),cashy77@naver.com ,
90,손탁현,손탁현,孫卓玄,1976.09.15,울산,사법시험 46회,변호사손탁현법률사무소,052-272-8830 ,052-272-8890,"[44645] 울산 남구 법대로 85 , 2층 (옥동, 명진빌딩)",sohntakhyun@gmail.com ,
89,이수철,이수철,李洙哲,1952.03.25,울산,사법시험 24회,법무법인 해강,052-221-4900 ,052-221-4903,"[44645] 울산 남구 법대로 85 , 3층(옥동, 명진빌딩)",sch325@naver.com ,
88,유영진,유영진,劉永眞,1981.01.10,울산,사법시험 47회,변호사유영진법률사무소, ,,"[680-845] 울산 남구 법대로14번길 31,205호(법조타운빌딩)",heezin@hanmail.net ,형법 (2017-03-13)
87,김명수,김명수,金明秀,1972.09.19,울산,사법시험 48회,변호사김명수법률사무소,052-258-0970 ,052-258-0971,[680-080] 울산 남구 옥동 277-1(법조빌딩403호),homeboy21@nate.com ,
86,손영재,손영재,孫英宰,1962.12.04,울산,사법시험 29회,법무법인 늘푸른,052-221-8900 ,052-221-8904,[680-080] 울산 남구 옥동 289-3 (건강빌딩 3층),shonyj@nate.com ,
85,권구배,권구배,權九培,1968.11.17,울산,사법시험 38회,변호사권구배법률사무소,052)268-1110 ,052-268-8023,[680-080] 울산 남구 옥동 590-9(예스빌딩 4층),kgblaw@hanmail.net ,
84,성창호,성창호,成昶昊,1967.06.07,울산,사법시험 47회,변호사성창호법률사무소,052-256-2300 ,052-256-2304,[680-080] 울산 남구 옥동 581-2 (거화법률빌딩 101호),hkchseong@hanmail.net ,
83,정호성,정호성,鄭鎬晟,1974.11.02,울산,사법시험 47회,변호사정호성법률사무소,052-266-7979 ,052-261-7980,"[44645] 울산 남구 법대로 85, 4층(옥동, 명진빌딩)",habermas74@hanmail.net ,
82,이창림,이창림,李昌林,1968.12.31,울산,사법시험 37회,변호사이창림법률사무소,052-257-0800 ,052-227-8334,"[44645] 울산 남구 문수로 329, 7층 (옥동, 에이블빌딩)",charee21@mac.com ,
81,정만규,정만규,鄭萬圭,1970.06.28,울산,사법시험 40회,법무법인(유한)동헌,052-267-1700 ,052-267-3383,[680-080] 울산 남구 옥동 279-5(재송빌딩401호),jmgangel@gmail.com ,
80,이상구,이상구,李相九,1970.12.23,울산,사법시험 47회,법무법인 태화종합법률사무소,052-256-7100 ,052-272-1333,"[680-845] 울산 남구 법대로 98,5층(옥동)",andolphine@hanmail.net ,
79,류경문,류경문,柳景文,1971.07.17,울산,사법시험 39회,법무법인 태양,052-273-0289 ,052-271-8008,[44643] 울산 남구 법대로14번길 29 (옥동),dlgusdk71@hanmail.net ,
78,김규철,김규철,金奎喆,1967.04.15,울산,군법무관임용시험 12회,변호사김규철법률사무소,052-716-6900 ,070-8282-7333,[44988] 울산 울주군 온산읍 처용산업로 129-18 (처용리),kk6482@hanmail.net ,
77,최상무,최상무,崔相武,1968.05.28,울산,군법무관임용시험 12회,변호사최상무법률사무소,"052-221-7100,7200 ",052-271-3933,[680-080] 울산 남구 옥동 253-5 (경암빌딩 3층),chltkdan@hanmail.net ,
76,조재철,조재철,趙在哲,1975.05.20,울산,사법시험 46회,법무법인 법고을,052-274-6300 ,052-221-5555,[680-080] 울산 남구 옥동 289-12(2층),sindock@hanmail.net ,
75,송찬흡,송찬흡,宋讚洽,1974.04.04,울산,사법시험 46회,변호사송찬흡법률사무소,-- ,--,"[44645] 울산 남구 법대로 94 (옥동, 옥산빌딩) 2층",bogus740404@hanmail.net ,
74,조준성,조준성,趙準晟,1972.02.29,울산,사법시험 46회,법무법인 문수,052-258-9191 ,052-273-4337,[680-080] 울산 남구 옥동 280-4 (명인빌딩2층),bbasha88@hanmail.net ,
73,신지현,신지현,申智賢,1978.10.19,울산,사법시험 46회,법무법인 대안,052-266-8001 ,052-257-3095,[683-370] 울산 북구 연암동 1121-1 (오토밸리복지센터 4층),sjhyn1019@empal.com ,
72,박영준,박영준,朴榮俊,1973.04.02,울산,사법시험 46회,변호사박영준법률사무소,052-267-3700 ,052-267-2345,"[44645] 울산 남구 법대로 86-6, 2층(옥동, 재송빌딩)",pyj3700@hanmail.net ,
71,홍성준,홍성준,洪成俊,1974.05.30,울산,사법시험 45회,변호사홍성준법률사무소,052-267-0011 ,052-267-0021,"[44645] 울산 남구 법대로 85 (옥동) 4층, 명진빌딩",hsjlaw@naver.com ,
70,김정일,김정일,金正一,1972.07.15,울산,사법시험 45회,법무법인 태양,052-275-7151 ,052-275-7152,[44643] 울산 남구 법대로14번길 29 (옥동),road0077@naver.com ,
69,이종형,이종형,李宗衡,1968.03.07,울산,사법시험 45회,변호사이종형법률사무소,-- ,--,"[44645] 울산 남구 법대로 86-6 (옥동) 재송빌딩 2층, 202호",jong-hyeong@hanmail.net ,
68,장석환,장석환,張碩桓,1976.09.21,울산,사법시험 45회,법무법인 벗,052-221-9999 ,052-271-9277,"[680-845] 울산 남구 법대로(옥동) 92,2층",omrp96@naver.com ,
67,장문수,장문수,張文壽,1970.10.30,울산,사법시험 42회,법무법인 우린,052-227-2121 ,052-227-7403,[680-080] 울산 남구 옥동 279-5 (재송빌딩 301호),jang1030@hanmail.net ,
66,김해성,김해성,金海星,1967.09.15,울산,사법시험 44회,변호사김해성법률사무소,052-250-2311 ,052-250-2320,[682-020] 울산 동구 방어동 1381(현대미포조선),hskim67@hmd.co.kr ,
65,한정희,한정희,韓政熹,1975.02.28,울산,사법시험 44회,변호사한정희법률사무소,052-271-7822 ,052-911-7823,"[680-845] 울산 남구 법대로8번길 36,4층401호(옥동,현빌딩)",Jeongheelaw@naver.com ,
64,윤경석,윤경석,尹景錫,1976.11.07,울산,사법시험 44회,변호사윤경석법률사무소,052-273-9989 ,052-273-9995,"[44645] 울산 남구 문수로 313 (옥동, 삼성빌딩) 305호",yks1107@hanmail.net ,
63,장석대,장석대,張錫代,1976.02.22,울산,사법시험 44회,법무법인 대안,052-266-8001 ,052-257-3095,[683-370] 울산 북구 연암동 1121-1 (오토밸리복지센터 4층),anticap20@empal.com ,
62,정기호,정기호,鄭起鎬,1972.07.16,울산,사법시험 44회,법무법인 대안,052-266-8001 ,052-257-3095,[683-370] 울산 북구 연암동 1121-1 (오토밸리복지센터 4층),jkho200@hanmail.net ,
61,심우섭,심우섭,沈佑燮,1968.07.12,울산,사법시험 44회,변호사심우섭법률사무소,052-292-9100 ,052-265-6660,"[680-080] 울산 남구 법대로 90,3층(옥동) ",shimsulo@hanmail.net ,손해배상 (2015-02-16);부동산 (2015-02-16)
60,김희정,김희정,金姬正,1976.09.07,울산,사법시험 44회,법무법인 태양,052-261-3500 ,052-261-3502,[44643] 울산 남구 법대로14번길 29 (옥동) ,hj6429@hanmail.net ,
59,이강길,이강길,李康吉,1970.10.03,울산,사법시험 44회,변호사이강길법률사무소,052-265-0119 ,052-265-1407,[680-845] 울산 남구 옥동 279-5 (재송빌딩 5층),hjlkg@hanmail.net ,
58,김진규,김진규,金鎭奎,1968.03.21,울산,사법시험 44회,법무법인 재유,052-265-4400 ,052-265-9229,"[44645] 울산 남구 법대로14번길 20 , 3층(옥동)",freeq0882@hanmail.net ,
57,정원식,정원식,鄭元植,1963.05.12,울산,사법시험 44회,변호사정원식법률사무소,052-256-9007 ,052-256-9001,[680-080] 울산 남구 옥동 279-5 (재송빌딩 102호),wschung63@yahoo.co.kr ,
56,윤희상,윤희상,尹熙翔,1968.07.19,울산,사법시험 44회,변호사윤희상법률사무소,052-268-8500 ,052-268-3122,[680-845] 울산 남구 옥동 591-1 (삼성빌딩 502호),dbsgmltkd196@naver.com ,
55,이성진,이성진,李聖振,1965.04.17,울산,사법시험 43회,법무법인 정우,052-257-5155 ,052-271-6414,"[680-832] 울산 남구 문수로 481, 1~3층,5층(신정동,정우빌딩)",kjlsja@hanmail.net ,
54,여봉수,여봉수,呂峰壽,1970.03.02,울산,사법시험 43회,법무법인 정우,052-257-5155 ,052-271-6414,"[680-832] 울산 남구 문수로 481, 1~3층,5층(신정동,정우빌딩)",ybsoo21@hanmail.net ,
53,정희권,정희권,鄭熙權,1963.01.03,울산,사법시험 35회,변호사정희권법률사무소,052-258-0040 ,052-258-3060,[680-080] 울산 남구 옥동 289-18 (2층),heegwon4288@daum.net ,
52,박성호,박성호,朴成浩,1962.10.10,울산,사법시험 26회,변호사박성호법률사무소,052-274-3900 ,052-274-3931,[680-080] 울산 남구 옥동 289-12,lawyerpsh@hanmail.net ,
51,임상필,임상필,林相必,1971.11.03,울산,사법시험 43회,변호사임상필법률사무소,052-265-6322 ,052-265-5303,[680-080] 울산 남구 옥동 280-7 (옥성빌딩 4층),kingss2580@naver.com ,
50,엄윤상,엄윤상,嚴允祥,1968.09.10,울산,사법시험 43회,변호사엄윤상법률사무소,052-276-7799 ,052-276-2299,[680-080] 울산 남구 옥동 279-5(재송빌딩502호),2767799@naver.com ,
49,박현갑,박현갑,朴鉉甲,1964.12.23,울산,사법시험 42회,법무법인 하늘,052-271-8855 ,052-260-2035,[680-080] 울산 남구 옥동 289-15 (문수빌딩 3층),yuhoo33@hanmail.net ,
48,김병수,김병수,金炳秀,1968.06.07,울산,사법시험 42회,법무법인 삼성,0522572800 ,0522572803,[680-080] 울산 남구 옥동 583-4(삼호빌딩 3층),kbs2488@naver.com ,
47,양영환,양영환,梁暎煥,1964.04.02,울산,사법시험 33회,법무법인 삼성,052)257-­8989 ,052-257-­9162,[680-845] 울산 남구 옥동 289-9(2층),yyh06681@hotmail.com ,
46,곽지환,곽지환,郭枝煥,1972.08.20,울산,사법시험 41회,변호사곽지환법률사무소,052-257-8000 ,052-257-8040,[680-080] 울산 남구 옥동 583-5(조은빌딩2층),kwakster@nate.com ,
45,장성운,장성운,張星雲,1965.04.24,울산,군법무관임용시험 9회,변호사장성운법률사무소,"052-271-5521,5522 ",052-271-5523,[680-845] 울산 남구 옥동 280-4(명인빌딩1층102호),jswaaa@hanmail.net ,
44,김낙구,김낙구,金烙九,1960.09.30,울산,군법무관임용시험 9회,변호사김낙구법률사무소,052)265-­5555 ,052-272-­5554,[680-845] 울산 남구 옥동 591-1(삼성빌딩401호),knklaw@hanmail.net ,
42,김경아,김경아,金景我,1975.04.07,울산,사법시험 40회,변호사김경아법률사무소,052-257-0800 ,052-227-8334,"[44645] 울산 남구 문수로 329, 7층 (옥동, 에이블빌딩)",rhyme75@daum.net ,
41,김재곤,김재곤,金載坤,1967.09.17,울산,사법시험 40회,변호사김재곤법률사무소,052-258-3360 ,052-258-8558,[680-080] 울산 남구 옥동 289-23 (진선빌딩 3층),rlaworhs777@hanmail.net ,
40,설창환,설창환,薛昌煥,1969.11.13,울산,사법시험 40회,법무법인 태양,"052-261-3500,3501 ",052-261-3502,[680-845] 울산 남구 옥동 590-11 (대웅빌딩 6층),ljksch@hanmail.net ,
39,김익환,김익환,金益煥,1969.01.30,울산,사법시험 40회,변호사김익환법률사무소,052)269-­6688，257­-9671 ,052-257-­9672,[680-845] 울산 남구 옥동 279-9(3층),kimih1109@naver.com ,
38,이민호,이민호,李敏豪,1969.09.03,울산,사법시험 39회,변호사이민호법률사무소,052)272-­6390，6391 ,052-272­-6392,[680-845] 울산 남구 옥동 289-23(진선빌딩5층),minuss69@hanmail.net ,
37,최용석,최용석,崔容碩,1957.10.19,울산,사법시험 39회,법무법인 법고을,052-265-2580 ,052-258-8787,[680-080] 울산 남구 옥동 289-12 (1층),yschoi365@hanmail.net ,
36,김석환,김석환,金石丸,1957.02.01,울산,사법시험 30회,법무법인 법고을,052-227-5000 ,052-258-8787,"[680-080] 울산 남구 옥동 289-12(1,2층)",lawshk@hanmail.net ,
35,서인섭,서인섭,徐仁燮,1959.03.23,울산,군법무관임용시험 8회,법무법인 삼성,052-257-2800 ,052-257-2803,[680-845] 울산 남구 옥동 583-4 (삼호빌딩 3층),open-law@hanmail.net ,
34,박영선,박영선,朴永墠,1965.06.24,울산,사법시험 38회,변호사박영선법률사무소,052-260-2121 ,052-260-2124,"[680-845] 울산 남구 법대로 90,2층(옥동)",yn3691@naver.com ,
33,김태석,김태석,金兌錫,1965.09.19,울산,사법시험 35회,법무법인 문수,052-258-­9191~3 ,052-258-­9194,[680-845] 울산 남구 옥동 280-4(명인빌딩3층),davidtskim@hotmail.com ,
32,최상관,최상관,崔相官,1958.02.06,울산,사법시험 23회,법무법인 원율,052)266-­9998 ,052-273­-6767,[680-845] 울산 남구 옥동 583-4(삼호빌딩1，2층),onelaw1616@hanmail.net ,
31,신면주,신면주,辛勉周,1959.06.21,울산,군법무관임용시험 7회,법무법인 원율,052)223-­1616 ,052-274-6769,[680-845] 울산 남구 옥동 583-4(삼호빌딩1，2층),smj5625@hanmail.net ,
30,최인호,최인호,崔仁浩,1961.04.26,울산,사법시험 36회,법무법인 원율,052-223-1616 ,052-274-6769,[680-845] 울산 남구 옥동 583-4 (삼호빌딩 3층),open2800@naver.com ,
29,김재권,김재권,金在權,1968.02.10,울산,사법시험 36회,법무법인 세양,052-268-2277 ,052-268-3939,[680-080] 울산 남구 옥동 289-23 (진선빌딩 4층),jaekwonkim.lawyer@gmail.com ,
28,정선명,정선명,鄭善明,1964.10.24,울산,사법시험 36회,법무법인 동행,052-257-7400 ,052-257-7402,"[44661] 울산 남구 문수로 322 , 2층(옥동, 성창빌딩)",onelaw@hanmail.net ,행정법 (2012-02-24)
27,류진규,류진규,柳晋奎,1958.11.20,울산,사법시험 25회,변호사류진규법률사무소,052-271-0303 ,052-273-5522,[44705] 울산 남구 삼산로 287 (삼산동) 톨하우스 4층,lawell@hanmail.net ,
26,심규명,심규명,沈揆明,1965.05.27,울산,사법시험 35회,법무법인 정우,052-257-5155 ,052-271-6414,"[680-082] 울산 남구 문수로 481, 1,2,3,5층(신정동,정우빌딩)",sim4768@hanmail.net ,
24,노형삼,노형삼,盧炯杉,1961.11.27,울산,사법시험 31회,법무법인 법고을,052-271-5858 ,052-258-8787,[680-080] 울산 남구 옥동 289-12 (1층),nohyoungsam@hanmail.net ,
23,최영철,최영철,崔榮哲,1961.08.17,울산,사법시험 33회,법무법인 삼성,052-274-2201 ,052-257-2803,[680-845] 울산 남구 옥동 583-4 (삼호빌딩 3층),open-law@hanmail.net ,
21,윤인섭,윤인섭,尹仁燮,1956.09.05,울산,사법시험 31회,변호사윤인섭법률사무소,052)266­-5561~2 ,052-266­-5563,[680-845] 울산 남구 옥동 279-6(2층),ypj6629@nate.com ,
20,손영섭,손영섭,孫永燮,1955.03.20,울산,군법무관임용시험 4회,변호사손영섭법률사무소,052)261-­0100~2 ,052-261­-0103,[680-845] 울산 남구 옥동 591-1(삼성빌딩305호),sonys0100@hanmail.net ,
19,강정호,강정호,姜正昊,1954.12.13,울산,사법시험 30회,변호사강정호법률사무소,052)266-­4010，4020 ,052-268-­1102,[680-845] 울산 남구 옥동 591-1(삼성빌딩205호),win5412@hanmail.net ,
18,김채규,김채규,金采奎,1959.04.28,울산,사법시험 29회,법무법인 늘푸른,052-221-8900 ,052-221-8904,"[680-845] 울산 남구 법대로8번길 32,2층(옥동,건강빌딩)",cheguya@hanmail.net ,
17,정재삼,정재삼,鄭在三,1953.09.01,울산,사법시험 28회,법무법인 태화종합법률사무소,052-265­-1252~3 ,052-265-­5207,[680-845] 울산 남구 옥동 289-11(한마음빌딩),comicu@nate.com ,
16,신강식,신강식,辛康植,1954.05.05,울산,사법시험 28회,법무법인 세명,052-266-8088 ,052-266-6088,"[680-828] 울산 남구 봉월로 4,4층(신정동)",kitelaw@hanmail.net ,
15,이기열,이기열,李起烈,1958.06.17,울산,사법시험 28회,법무법인 문수,052-272-8300 ,052-261-2600,[680-080] 울산 남구 옥동 280-4,2728300@hanmail.net ,
14,곽희열,곽희열,郭熙烈,1957.03.05,울산,사법시험 25회,변호사곽희열법률사무소,"052-276­-8080, 271­-8277 ",052-271-­8278,[680-832] 울산 남구 신정2동 1128-7(대원빌딩4층),a2768080@naver.com ,
13,김용주,김용주,金容柱,1956.09.05,울산,사법시험 24회,법무법인 태화종합,052)261-­7373，267­-0408 ,052-261-­7383,[680-845] 울산 남구 옥동 289-11(한마음빌딩4층),y7296j@daum.net ,
12,최장식,최장식,崔章植,1956.01.30,울산,사법시험 27회,법무법인 하늘누리,052-268­-7070 ,052-266­-6754,"[44645] 울산 남구 법대로 90 , 4층(옥동)",cjs560@hanmail.net ,
11,조익래,조익래,趙翊來,1951.09.14,울산,사법시험 27회,변호사조익래법률사무소,052)274­-3466，6266 ,052-274-­6266,[680-845] 울산 남구 옥동 583-6(2층),fodlrwh@naver.com ,
10,권오형,권오형,權五滎,1959.12.12,울산,사법시험 26회,법무법인 태화종합법률사무소,"052-271­-4447,272-­4447 ",052-256-9800,[680-845] 울산 남구 옥동 289-11(한마음빌딩),ohpwr@hanmail.net ,
9,안현,안현,安炫,1955.02.10,울산,사법시험 26회,법무법인 정우,052-257-5155 ,052-271-6414,"[680-832] 울산 남구 문수로 481, 1,2,3,5층(신정동,정우빌딩)",ah2724242@naver.com ,
7,정세용,정세용,鄭世容,1954.02.28,울산,사법시험 25회,변호사정세용법률사무소,052)275-­3121，4177 ,052-273-­0402,[680-845] 울산 남구 옥동 280-7(옥성빌딩3층),3121jsy@hanmail.net ,
6,한만우,한만우,韓萬愚,1948.09.01,울산,사법시험 25회,법무법인 문수,052)276­-1445~6 ,052-266-­1445,[680-845] 울산 남구 옥동 280-4(명인빌딩5층),lawhan00@hanmail.net ,
5,송철호,송철호,宋哲鎬,1949.05.26,울산,사법시험 24회,법무법인 정우,052-257-5155 ,052-271-6414,"[680-832] 울산 남구 문수로 481, 1,2,3,5층(신정동,정우빌딩)",ilpa-song@hanmail.net ,
2,김태준,김태준,金泰俊,1942.01.27,울산,사법시험 3회,법무법인 태화종합법률사무소,052)272­-1600 ,052-261-7863,[680-845] 울산 남구 옥동 289-11(한마음빌딩), ,
1,양희열,양희열,梁僖烈,1941.02.09,울산,사법시험 8회,법무법인 법고을,052-276-3322 ,052-258-8787,[680-080] 울산 남구 옥동 289-12 (1층),pen333@hanmail.net ,종교 (2017-07-04);노동법 (2017-07-04)
