번호,이름(목록),이름(상세),이름(한자),생년월일,소속회,자격시험,사무소명,사무실전화,사무실팩스,사무실주소,이메일,전문분야
457,임숙지,임숙지,林淑志,1982.08.04,인천,사법시험 57회,변호사임숙지법률사무소,032-861-6300 ,032-861-6302,"[22221] 인천 남구 소성로185번길 28 (학익동, 명인빌딩) 303호",wintertriangle@gmail.com ,
460,양철호,양철호,梁喆豪,1984.08.13,인천,변호사시험 5회,법무법인 신천,032-866-6900~2 ,032-866-6300,"[402-866] 인천 남구 학익소로63번길 8 ,301호,302호(학익동,청인빌딩)",cheoro16@gmail.com ,
459,김현주,김현주,金賢珠,1981.08.06,인천,사법시험 57회,법무법인 예우,032-864-3400 ,032-864-3409,"[22221] 인천 남구 소성로185번길 16-20 , 201호(학익동, 대승빌딩)",arche0806@hanmail.net ,
458,김영환,김영환,金永還,1980.05.16,인천,사법시험 52회,변호사김영환법률사무소,032-719-4034 ,032-719-4036,"[22736] 인천 서구 청라라임로 85 (연희동, 청라린스트라우스) 상가 A동 205호",kyh@cheongyul.com ,
457,최성문,최성문,崔成文,1986.01.11,인천,사법시험 54회,경인 법무법인,032-420-1000 ,032-420-1500,"[22134] 인천 남구 경원대로 869,701호(주안동,르네상스빌딩)",vdcsm@naver.com ,
456,정은혜,정은혜,鄭은혜,1988.06.29,인천,변호사시험 5회,변호사정은혜법률사무소,032-872-9860 ,032-872-9805,"[22222] 인천 남구 학익소로63번길 8 (학익동, 청인빌딩) 401호",qorqhdtjs123@naver.com ,
455,장지혜,장지혜,張智惠,1987.11.13,인천,변호사시험 6회,변호사장지혜법률사무소,032-861-1161 ,032-861-1164,"[22221] 인천 남구 학익소로 66 (학익동, 선정빌딩) 601호",isatang3@daum.net ,
454,이옥현,이옥현,李玉賢,1983.09.24,인천,변호사시험 6회,변호사이옥현법률사무소,032-866-7004 ,,[22222] 인천 남구 학익소로 49-10 (학익동) 2층,ockhyeon@naver.com ,
453,서범석,서범석,徐範錫,1982.07.06,인천,사법시험 53회,경인 법무법인,032-861-7100 ,032-861-7101,"[22218] 인천 남구 학익소로 29 (학익동, 석목법조빌딩) 601호 경인법무법인",white0706@daum.net ,
451,양철웅,양철웅,楊喆雄,1982.04.13,인천,변호사시험 6회,변호사양철웅법률사무소,032-861-4400 ,032-861-4401,"[22221] 인천 남구 소성로185번길 16-5 (학익동, 신우빌딩) 502호",1188311@hanmail.net ,
450,최홍국,최홍국,崔洪國,1980.02.22,인천,변호사시험 6회,법무법인 이루,032-864-8677 ,032-864-8655,"[22222] 인천 남구 학익소로 59 (학익동, 강남빌딩) 3,4층",smp33@naver.com ,
449,최하은,최하은,崔㰤恩,1984.01.11,인천,변호사시험 6회,변호사최하은법률사무소,032-861-9000 ,032-861-9009,"[22221] 인천 남구 학익소로 62 (학익동, 정동빌딩) 503호",lupwoods@hanmail.net ,
448,김진경,김진경,金眞景,1986.02.01,인천,변호사시험 6회,법무법인 중부로,032-866-5660 ,032-866-5550,"[22221] 인천 남구 학익소로 66 (학익동, 선정빌딩) 201호",jk0201@hanmail.net ,
447,김주형,김주형,金周炯,1983.09.05,인천,,,032-876-7877 ,032-876-7876,"[22210] 인천 남구 재넘이길 6 (학익동, 명문화원빌딩) 2층",realnatt@gmail.com ,
446,최두영,최두영,崔斗榮,1981.02.24,인천,변호사시험 6회,법무법인 명문,032-861-7880 ,032-861-6302,"[22221] 인천 남구 소성로185번길 28 (학익동, 명인빌딩) 3층",soomagic@daum.net ,
445,김진,김진,金眞,1986.12.19,인천,변호사시험 6회,"변호사 서재구, 김진 법률사무소",032-862-1123 ,032-864-1120,"[22219] 인천 남구 소성로 159, 106~107호 (학익동, 현준솔로몬시티)",trpjkk@naver.com ,
444,김경연,김경연,金勁淵,1989.09.02,인천,변호사시험 6회,법무법인 율석,032-861-4455 ,--,"[22221] 인천 남구 소성로 171 (학익동, 대흥평창로시스빌딩) 803호",soulmatekky@gmail.com ,
443,이수호,이수호,李秀浩,1986.06.23,인천,변호사시험 3회,법률사무소 초록,032-715-5688 ,070-8270-5688,"[22219] 인천 남구 소성로 153 (학익동, 중앙빌딩) 502호",starsso1986@gmail.com ,
442,고두성,고두성,高斗聖,1984.05.25,인천,변호사시험 6회,변호사고두성법률사무소, ,,"[21358] 인천 부평구 부평대로 144 (부평동, 신한타워) 504호",kkodu21@naver.com ,
441,한준엽,한준엽,韓俊燁,1985.12.22,인천,변호사시험 3회,변호사한준엽법률사무소,032-873-2700 ,032-873-2701,"[22221] 인천 남구 소성로185번길 28 (학익동, 명인빌딩) 506호",handowell@naver.com ,
440,김소슬,김소슬,金소슬,1989.01.04,인천,변호사시험 6회,변호사김소슬법률사무소,032-861-3300 ,032-861-3308,"[22221] 인천 남구 소성로 171 (학익동, 대흥평창로시스빌딩) 604호",soseul0104@gmail.com ,
439,이상보,이상보,李相甫,1980.12.27,인천,변호사시험 6회,법률사무소 인현,032-874-2587 ,032-874-2589,"[22224] 인천 남구 소성로 166-1 , 3층(학익동, 학일빌딩)",lawcinante@daum.net ,
438,이주호,이주호,李周晧,1984.03.14,인천,사법시험 53회,변호사이주호법률사무소,-- ,--,"[22014] 인천 연수구 아카데미로 23 (송도동, (주)셀트리온) 본사 법무팀",jhjustice7@naver.com ,
437,강귀석,강귀석,姜貴錫,1987.03.01,인천,변호사시험 6회,법무법인 다솜,032-872-9947 ,032-872-9947,"[22218] 인천 남구 학익소로23번길 1 (학익동, 신화빌딩) 5층",strighfort@naver.com ,
436,서하원,서하원,서하원,1978.03.30,인천,사법시험 56회,법무법인 황해,032-251-1000 ,032-251-4290,"[22221] 인천 남구 학익동 20-11, 반도빌딩 2층",hawongrim@naver.com ,
435,이세연,이세연,李世淵,1975.10.23,인천,변호사시험 6회,법무법인 세지원,032-861-6900 ,032-861-6060,"[22222] 인천 남구 학익소로63번길 8,202호,203호(학익동,청인빌딩)",3228226@HANMAIL.NET ,
434,임정관,임정관,任政冠,1980.12.21,인천,,법무법인 유원,032-863-9972 ,032-863-9973,"[22221] 인천 남구 소성로163번길 40 , 4층 (학익동, 해안빌딩)",alata12@naver.com ,
433,김헌구,김헌구,金憲九,1978.05.25,인천,변호사시험 4회,변호사김헌구법률사무소,032-872-9860 ,032-872-9805,"[22222] 인천 남구 학익소로63번길 8 (학익동, 청인빌딩) 401호",timothy242017@gmail.com ,
432,장윤정,장윤정,張允貞,1978.01.05,인천,변호사시험 5회,법무법인 명문,032-861-7010 ,032-861-7009,"[22221] 인천 남구 학익소로 66 (학익동, 선정빌딩) 205호",20pspl@hanmail.net ,
431,노창원,노창원,盧昌源,1983.12.05,인천,사법시험 56회,법무법인(유한) 우송,032-862-8000 ,032-862-5059,"[22221] 인천 남구 학익소로 62 (학익동, 정동빌딩) 305호",duckfo@naver.com ,
430,장현경,장현경,張賢璟,1986.08.01,인천,변호사시험 5회,변호사장현경법률사무소,032-861-7911 ,032-861-7913,[22224] 인천 남구 소성로 166-1 (학익동) 학일빌딩 5층,punaming@hanmail.net ,
429,박종후,박종후,朴鍾厚,1981.04.09,인천,변호사시험 5회,,032-867-9686 ,032-867-9644,"[22221] 인천 남구 학익소로 66 (학익동, 선정빌딩) 104호",ffggang@naver.com ,
428,김연지,김연지,金姸芝,1990.01.19,인천,변호사시험 5회,변호사김연지법률사무소,032-861-7080 ,032-861-7009,"[22221] 인천 남구 학익소로 66 (학익동, 선정빌딩) 2층",kimyj0119@naver.com ,
427,최병석,최병석,崔炳碩,1979.07.10,인천,변호사시험 5회,변호사최병석법률사무소,032-866-6900~2 ,032-866-6300,"[402-866] 인천 남구 학익소로63번길 8 ,301호,302호(학익동,청인빌딩)",moise11a@naver.com ,
426,김주진,김주진,金柱珍,1980.06.12,인천,변호사시험 5회,변호사김주진법률사무소,032-862-8222 ,032-862-6222,[22221] 인천 남구 소성로185번길 16-5 (학익동) 302호,kimjoojin.lawyer@gmail.com ,
425,정수연,정수연,鄭繡娟,1985.08.06,인천,변호사시험 5회,법무법인 해람,032-867-4192 ,032-867-6220,"[402-867] 인천 남구 소성로185번길 12 ,3층(학익동,평산빌딩)",sooyeon806@naver.com ,
424,김재상,김재상,金宰相,1974.04.27,인천,변호사시험 5회,법무법인 황해,032-251-1000 ,032-251-4290,"[402-040] 인천 남구 학익동 20-11, 20(반도빌딩 1, 2층)",iceburg74@hanmail.net ,
423,최성민,최성민,崔聖敏,1989.01.10,인천,변호사시험 5회,변호사최성민법률사무소,032-864-3400 ,032-864-3409,"[22221] 인천 남구 소성로185번길 16-20 (학익동, 대승빌딩) 201호",choeseongmin@naver.com ,
422,김재대,김재대,金在大,1980.11.04,인천,변호사시험 5회,법무법인 경세,032-528-2917 ,032-505-2917,"[21338] 인천 부평구 길주로 547 (갈산동, 부성빌딩) 3층 1호",bmer-boarder@hanmail.net ,
421,차승호,차승호,車承昊,1981.01.09,인천,변호사시험 5회,법무법인 경세,032-528-2917 ,032-519-5249,"[21338] 인천 부평구 길주로 547 (갈산동, 부성빌딩) 3층 301호",chakancha@hotmail.com ,
420,전재근,전재근,田在根,1983.11.24,인천,변호사시험 5회,법무법인 혜안,032-873-9290 ,032-876-9290,"[22143] 인천 남구 경원대로 892 (주안동, 대동빌딩) 1층", ,
419,안창근,안창근,安昌根,1985.09.04,인천,변호사시험 5회,법률사무소 인현,032-874-2587 ,032-874-2589,"[22224] 인천 남구 소성로 166-1 (학익동, 학익빌딩) 3층",anchang.bar@daum.net ,
418,김보영,김보영,金甫映,1987.05.07,인천,변호사시험 5회,법무법인 명문,032-861-6300 ,032-861-6302,"[22221] 인천 남구 소성로185번길 28 (학익동, 명인빌딩) 법무법인 명문",101bykim@gmail.com ,
417,허은경,허은경,許恩暻,,인천,,,032-875-0013 ,032-875-0014,"[22221] 인천 남구 소성로163번길 40 (학익동, 해안빌딩) 5층",eiolros@naver.com ,
416,안지선,안지선,安智宣,1986.12.09,인천,변호사시험 5회,유안 공동법률사무소,032-872-0086 ,032-872-0087,"[402-867] 인천 남구 학익소로 62,2층 (학익동,정동빌딩)",lifeleaf@naver.com ,
415,박선정,박선정,朴善正,,인천,,법무법인 신천,032-866-6900~2 ,032-866-6300,"[402-866] 인천 남구 학익소로63번길 8 ,301호,302호(학익동,청인빌딩)", ,
414,박새롬,박새롬,朴새롬,,인천,,법무법인 새얼,032-861-1161 ,032-861-1164,"[22221] 인천 남구 학익소로 66 (학익동, 선정빌딩) 601호",tndn11@naver.com ,
413,양휘수,양휘수,楊輝水,1987.09.04,인천,변호사시험 5회,변호사양휘수법률사무소,032-216-8272 ,032-213-4972,[22221] 인천 남구 소성로 175-15 (학익동) 1층,yhwisoo@gmail.com ,
412,정유나,정유나,丁有那,1981.04.29,인천,변호사시험 4회,법무법인 성현,032-861-8687 ,032-861-8687,"[22221] 인천 남구 학익소로 62 , 605호(학익동, 정동법조빌딩)",itsalwaysu@naver.com ,
411,양기오,양기오,梁基旿,1984.12.07,인천,변호사시험 2회,경인 법무법인,032-861-7100 ,032-861-7101,[402-042] 인천 남구 학익2동 25-12(석목빌딩 6층),ikarus_ii@hanmail.net ,
410,유경수,유경수,柳慶秀,1983.04.21,인천,변호사시험 2회,변호사유경수법률사무소,032-861-3300 ,032-861-3308,"[22221] 인천 남구 소성로 171 (학익동, 대흥평창로시스빌딩) 604호",dorema@hanmail.net ,
409,양태정,양태정,梁台楨,,인천,,변호사양태정법률사무소,032-277-7370 ,0504-079-7370,"[21065] 인천 계양구 계산새로 93 (용종동, 밀레니엄프라자) 805호",taejungyang@nate.com ,
408,김우진,김우진,金佑眞,1981.01.30,인천,변호사시험 5회,법률사무소 국민생각,032-505-8084 ,032-505-8086,"[21389] 인천 부평구 경원대로 1369 (부평동, 태광빌딩) 601호",woojinlaw81@gmail.com ,
407,배준형,배준형,裵峻亨,1987.05.23,인천,변호사시험 2회,변호사배준형법률사무소,032-246-0215 ,032-471-0094,[21589] 인천 남동구 만수동 987-14 301호,sk4jh258@gmail.com ,
406,엄광식,엄광식,嚴光植,1978.04.19,인천,변호사시험 5회,변호사엄광식법률사무소,032-867-9940 ,032-867-9941,[22221] 인천 남구 학익동 240-21 2층,parandalbam@hanmail.net ,
405,이동혁,이동혁,李東赫,1979.10.30,인천,,법률사무소 인현,032-874-2587 ,032-874-2589,[22224] 인천 남구 소성로 166-1 (학익동) 3층,re68lawyer@hanmail.net ,
404,장원택,장원택,張原澤,1980.08.02,인천,변호사시험 5회,변호사장원택법률사무소,032-876-7877 ,032-876-7876,"[22210] 인천 남구 재넘이길 6 (학익동, 명문화원빌딩) 2층",wont0802@hanmail.net ,
403,강희웅,강희웅,姜熙雄,1982.02.23,인천,변호사시험 5회,법무법인 선,032-866-5114 ,032-232-5117,"[22221] 인천 남구 소성로163번길 36 (학익동, 흥금빌딩) 6층",12345khw@gmail.com ,
402,송현영,송현영,宋炫映,,인천,변호사시험 5회,법무법인 로웰,032-213-7000 ,032-865-9955,"[22219] 인천 남구 소성로 159 (학익동, 현준솔로몬시티) 3층",shyunyoung@nate.com ,
401,김정원,김정원,金正媛,1988.07.17,인천,변호사시험 5회,,032-861-7010 ,032-861-7009,"[22221] 인천 남구 학익소로 66 (학익동, 선정빌딩) 205호",garden8721@gmail.com ,
400,박대진,박대진,朴大鎭,1974.07.22,인천,변호사시험 5회,참좋은 공동법률사무소,032-861-0861 ,032-868-0861,"[22221] 인천 남구 소성로 171 , 4층 402호(학익동, 대흥평창로시스빌딩)",tblch204@naver.com ,
399,신성원,신성원,辛晟源,,인천,변호사시험 5회,법무법인 명문,558-4388 ,558-3488,[402-042] 인천 남구 학익2동 240-1(명인빌딩 303호), ,
398,김선영,김선영,金善英,1987.01.30,인천,사법시험 55회,법무법인 정,032-861-7000 ,032-861-7006,"[22221] 인천 남구 소성로 171, 503호(학익동,대흥평창로시스빌딩) ",lawyer-ksy@naver.com ,
397,김유미,김유미,金攸美,1979.10.06,인천,사법시험 52회,변호사김유미법률사무소,032-863-3301 ,032-863-3302,"[22221] 인천 남구 소성로 171 (학익동, 평창빌딩) 4층 402호",lawyerkimym@naver.com ,
396,임현화,임현화,林玄華,1981.03.01,인천,변호사시험 3회,변호사임현화법률사무소,032-872-9850 ,032-872-9805,"[22222] 인천 남구 학익소로63번길 8, 401호(학익동,청인빌딩) ",asidasipi@naver.com ,
395,채인숙,채인숙,蔡仁淑,1970.05.07,인천,변호사시험 2회,변호사채인숙법률사무소,032-223-2100~5 ,033-223-2106,"[22222] 인천 남구 학익소로 63,3층(학익동,신동빌딩)",chaelin38@naver.com ,
394,장성관,장성관,張成寬,1960.04.28,인천,사법시험 38회,법무법인 명문,032-861-7010 ,032-861-7009,"[22221] 인천 남구 학익소로 66, 205호(학익동,선정빌딩) ",topfirst6004@gmail.com ,
393,김우정,김우정,金佑貞,1985.10.19,인천,변호사시험 4회,,032-861-9000 ,032-861-9009,"[22221] 인천 남구 학익소로 62, 503호(학익동,정동빌딩) ",lawj1019@gmail.com ,
392,강지현,강지현,姜知賢,1978.04.16,인천,변호사시험 4회,변호사강지현법률사무소,010-5584-0406 ,032-725-9339,"[21988] 인천 연수구 첨단대로30번길 25 (송도동, 경신전선 R&D센터) 4층",lawintext@gmail.com ,
390,이주연,이주연,李周姸,1986.02.28,인천,변호사시험 4회,법무법인 광해,032-873-4403 ,032-873-4404,"[22221] 인천 남구 소성로185번길 16-20, 401호(학익동, 대승빌딩)",onlyjs0228@naver.com ,
389,이효선,이효선,李孝善,1984.09.08,인천,변호사시험 4회,법무법인 명문,558-4388 ,558-3488,[402-042] 인천 남구 학익2동 240-1(명인빌딩 303호),hsleemml@gmail.com ,
387,김희영,김희영,金希英,1986.09.20,인천,변호사시험 4회,변호사김희영법률사무소,032-861-7001 ,032-861-7008,"[22221] 인천 남구 소성로 171 (학익동, 대흥평창로시스빌딩) 3층",kkjh0920@naver.com ,
386,임지호,임지호,林知昊,1979.10.10,인천,변호사시험 4회,변호사임지호법률사무소,032-223-2100 ,032-223-2106,"[22222] 인천 남구 학익소로 63 (학익동, 신동빌딩) 3층",imobidic@naver.com ,
385,장민아,장민아,張珉兒,1987.04.25,인천,변호사시험 4회,변호사장민아법률사무소,032-425-5665 ,032-876-5664,"[22224] 인천 남구 소성로 164 (학익동, 법조빌딩) 201호",jangtop0425@gmail.com ,
384,이현용,이현용,李賢龍,1981.02.20,인천,,변호사이현용법률사무소,032-875-2774 ,032-875-2775,"[22221] 인천 남구 소성로185번길 21 (학익동, 학익동현정빌딩) 601호, 602호",nicecold@naver.com ,
383,이영균,이영균,李英均,1979.07.18,인천,변호사시험 4회,법무법인 통문,032-876-1135 ,032-876-1185,"[22221] 인천 남구 학익소로 60, 301호(학익동, 반도프라자) ",yk39876@hanmail.net ,
382,이정애,이정애,李貞愛,1987.11.15,인천,변호사시험 4회,변호사이정애법률사무소,032-872-7300 ,032-872-7309,"[22134] 인천 남구 주안동 988-2, 인성빌딩 1층",wjddo1115@naver.com ,
381,길해민,길해민,吉海珉,1986.06.04,인천,변호사시험 4회,법무법인 율정,032-422-8006 ,032-422-8007,"[22134] 인천 남구 경원대로 887 , 2층(주안동, 동원빌딩)",attorneygila@naver.com ,
380,홍정화,홍정화,洪廷和,1988.07.11,인천,변호사시험 4회,법무법인 율정,032-422-8006 ,032-422-8007,"[22134] 인천 남구 경원대로 887 , 2층(주안동, 동원빌딩)",csoj6766@hanmail.net ,
379,이준민,이준민,李俊旻,1979.05.10,인천,변호사시험 4회,변호사이준민법률사무소,032-876-1477 ,032-876-1479,"[22221] 인천 남구 학익소로 62 (학익동, 정동빌딩) 801호",jjunmin79@gmail.com ,
378,서기은,서기은,徐基殷,1969.05.15,인천,변호사시험 4회,변호사서기은법률사무소,032-503-6095 ,032-503-6116,"[21407] 인천 부평구 동수북로 154-1 (부평동, 태승빌딩) 2층 3층",best3082@naver.com ,
376,김민혁,김민혁,金敏赫,1984.07.16,인천,변호사시험 4회,변호사김민혁법률사무소,032-866-7004 ,032-866-6004,"[22134] 인천 남구 경원대로 865 (주안동, 메디프렌드 주안센터) , 301호",macerate@hanmail.net ,
374,김민기,김민기,金民起,1983.08.29,인천,변호사시험 4회,변호사김민기법률사무소,032-868-9786 ,032-868-9787,[22218] 인천 남구 학익소로37번길 16 (학익동) 401호,mingki0829@naver.com ,
373,박진완,박진완,朴眞完,1976.07.23,인천,변호사시험 4회,변호사박진완법률사무소,032-867-2684 ,0505-575-0505,"[22221] 인천 남구 소성로185번길 21,601호,602호(학익동,현정빌딩)",lawyer2684@gmail.com ,
372,전영진,전영진,全榮進,1981.05.14,인천,변호사시험 4회,변호사전영진법률사무소,-- ,--,"[22218] 인천 남구 학익소로 29 (학익동, 석목법조빌딩) 210호",manics12@hanmail.net ,
371,김종화,김종화,金鍾和,1984.06.21,인천,변호사시험 4회,변호사김종화법률사무소,032-425-5665 ,032-876-5664,"[22224] 인천 남구 소성로 164 (학익동, 법조빌딩) 201호", ,
370,구현주,구현주,具炫周,,인천,변호사시험 4회,변호사구현주법률사무소,032-872-9850 ,--,[22222] 인천 남구 학익동 37-2 청인빌딩, ,
369,안나현,안나현,安娜賢,1985.07.12,인천,사법시험 53회,법무법인 로시스,032-861-5511 ,032-861-5513,"[402-867] 인천 남구 소성로 171,201호(학익동,로시스빌딩)",anh2002@hanmail.net ,
368,지혜롬,지혜롬,池혜롬,,인천,사법시험 54회,경인 법무법인,032-420-1000 ,032-420-1500,"[22134] 인천 남구 경원대로 869,701호(주안동,르네상스빌딩)",wiseromi@naver.com ,
366,최은지,최은지,崔銀智,1985.10.30,인천,변호사시험 3회,법무법인 명문,032-861-6300 ,032-861-6302,"[22221] 인천 남구 소성로185번길 28,3층(학익동)",ejlaw7@naver.com ,
365,조혜인,조혜인,曺慧仁,1987.05.10,인천,변호사시험 3회,법무법인 케이앤피,032-861-2170 ,032-861-1402,"[22221] 인천 남구 소성로185번길 28 (학익동, 명인빌딩) 604호",cyn1103@naver.com ,
362,정진,정진,鄭進,1984.11.14,인천,변호사시험 3회,법무법인 온율,032-508-2145~7 ,032-508-2148,"[21354] 인천 부평구 신트리로6번길 6, 혜성빌딩 601호, 602호, 603호 (부평동, 혜성빌딩)",speenmove@naver.com ,
361,김광미,김광미,金光美,1984.08.15,인천,변호사시험 3회,변호사김광미법률사무소,032-213-7000 ,032-865-9955,"[22219] 인천 남구 소성로 159 (학익동, 현준솔로몬시티) 3층",shineme815@naver.com ,
360,유성춘,유성춘,柳晟瑃,1975.06.07,인천,변호사시험 3회,법무법인(유한)예율,032-866-7004 ,032-866-6004,"[22222] 인천 남구 학익동 35-17 , 2층",xcxc0220@hanmail.net ,
359,최명섭,최명섭,崔明燮,,인천,,변호사최명섭법률사무소,032-872-9850 ,032-874-9851,"[22222] 인천 남구 학익소로63번길 8 (학익동, 청인빌딩) 303호 (국선전담변호사실)",cuco21@daum.net ,
358,김영진,김영진,金英珍,1987.01.19,인천,변호사시험 3회,법무법인 명문,032-861-6300 ,032-861-6302,"[402-867] 인천 남구 소성로185번길 28,303호(학익동,명인빌딩)",sksmsdudwls@hanmail.net ,
357,한필운,한필운,韓必云,1981.08.15,인천,변호사시험 3회,법률사무소 국민생각,032-505-8084 ,032-505-8086,"[21389] 인천 부평구 경원대로 1369 (부평동, 태광빌딩) 6층",probono8084@gmail.com ,
356,박진호,박진호,朴震鎬,1985.09.19,인천,변호사시험 3회,변호사박진호법률사무소,032-873-2700 ,032-873-2701,"[22221] 인천 남구 소성로185번길 28 (학익동, 명인빌딩) 506호 법률사무소 공감",boowoo3@hanmail.net ,
355,김미숙,김미숙,金美淑,1985.02.25,인천,사법시험 53회,변호사김미숙법률사무소,032-546-7541 ,070-8270-7541,"[407-784] 인천 계양구 계산새로 71,D동503호(계산동,하이베라스빌딩)",immisoo@naver.com ,
354,문종하,문종하,文鍾夏,1987.11.24,인천,변호사시험 3회,법무법인 혜안,032-873-9290 ,032-876-9290,"[22143] 인천 남구 경원대로 892 (주안동, 대동빌딩) 1층",77007jongha@hanmail.net ,
353,송현정,송현정,宋炫定,1988.04.27,인천,사법시험 53회,변호사송현정법률사무소,032-728-1826 ,032-728-1098,"[21984] 인천 연수구 송도과학로 32 (송도동, 송도테크노파크IT센터) IT 센터 M동 12층 (송도동 172-1)",nyuszi1026@gmail.com ,
352,윤재민,윤재민,尹在旻,1981.06.10,인천,사법시험 51회,세주 공동법률사무소,032-225-0020 ,032-225-9666,"[22219] 인천 남구 소성로 159 (학익동, 현준솔로몬시티) 501호",yjm3786@sejulaw.com ,
351,서고은,서고은,徐高恩,1984.02.19,인천,변호사시험 3회,변호사서고은법률사무소,032-861-4400 ,032-861-4401,"[22221] 인천 남구 소성로185번길 16-5, 502호(학익동, 신우빌딩)",sssgo1@naver.com ,
349,김은영,김은영,金恩英,1983.02.16,인천,변호사시험 3회,변호사김은영법률사무소,032-872-5223 ,032-873-1225,"[22221] 인천 남구 소성로185번길 21 (학익동, 학익동현정빌딩) 301호",stephenchow@hanmail.net ,
348,성현호,성현호,成炫昊,,인천,변호사시험 3회,변호사성현호법률사무소,032-850-1642 ,032-851-0632,"[21998] 인천 연수구 컨벤시아대로 165 (송도동, 동북아트레이드타워) 25층",lawyer.seong@gmail.com ,
347,남규석,남규석,南圭碩,1985.10.18,인천,변호사시험 3회,법률사무소 초록,032-715-5688 ,070-8270-5688,"[22219] 인천 남구 소성로 153 , 502호(학익동, 중앙빌딩)",vlftmd1018@naver.com ,
346,김민혁,김민혁,金敏赫,1983.07.11,인천,변호사시험 3회,변호사김민혁법률사무소,032-233-3434 ,032-233-3430,[22224] 인천 남구 소성로 166 (학익동) 3층,mattlaw711@gmail.com ,
345,김인철,김인철,金麟哲,1968.09.15,인천,변호사시험 3회,법무법인 다솜,032-872-9947 ,032-876-9902,"[22218] 인천 남구 학익소로23번길 1 , 5층(학익동)",ivokic@hanmail.net ,
344,송기재,송기재,宋企宰,1986.03.01,인천,변호사시험 3회,변호사송기재법률사무소,032-233-3434 ,032-233-3430,[22224] 인천 남구 소성로 166 (학익동) 제3층,freekeys@daum.net ,
343,이치원,이치원,李致遠,1980.09.14,인천,사법시험 53회,법률사무소 뜻,032-866-5800 ,032-866-5900,"[22221] 인천 남구 소성로 171, 501호(학익동, 대흥평창로시스빌딩) ",tochichi@gmail.com ,
342,이진영,이진영,李珍榮,1983.06.18,인천,사법시험 53회,세주 공동법률사무소,032-225-0020 ,032-225-9666,"[402-867] 인천 남구 소성로 159,501호 (학익동,현준솔로몬시티)",lee0618jy@sejulaw.com ,
341,송준선,송준선,宋準善,1981.09.13,인천,사법시험 53회,기쁨 공동법률사무소,032-873-8020 ,032-712-9791,"[402-867] 인천 남구 소성로 153,2층204호(학익동,중앙빌딩)",jsong7342@naver.com  ,
340,박기훈,박기훈,朴起勳,1981.05.20,인천,사법시험 49회,법무법인 안정,032-875-5558 ,,"[402-867] 인천 남구 소성로 171, 제로시스동 603,604호(학익동,대흥평창로시스빌딩)",goodman-pkh@hanmail.net ,
339,이광호,이광호,李光鎬,1980.06.27,인천,사법시험 53회,변호사이광호법률사무소,032-546-7929 ,032-8282-7929,"[407-784] 인천 계양구 계산새로 71,D동302호(계산동,하이베라스)",jaigurudevaa@gmail.com ,
338,권순명,권순명,權淳銘,1981.02.26,인천,사법시험 53회,법무법인 이루,032-864-8677 ,032-864-8655,"[22222] 인천 남구 학익소로 59 , 3층, 4층(학익동, 강남빌딩)",lamu99@naver.com ,
337,임영실,임영실,任英實,1978.05.25,인천,사법시험 53회,변호사임영실법률사무소,032-872-9850 ,032-874-9851,"[22222] 인천 남구 학익소로63번길 8, 303호(학익동, 청인빌딩)",windmaker43@gmail.com ,
336,우희창,우희창,禹希昌,1981.07.07,인천,사법시험 53회,법무법인 새얼,032-861-1161 ,032-861-1164,"[402-867] 인천 남구 학익소로 66 ,601호(학익동,선정빌딩)",imwhc@naver.com ,
335,김민섭,김민섭,金珉燮,1982.06.18,인천,사법시험 53회,법무법인 정곡,032-875-2011 ,032-875-2013,"[22221] 인천 남구 소성로185번길 23 (학익동, 63빌딩) 501호", ,손해배상 (2017-07-31)
334,김효정,김효정,金孝貞,1984.10.23,인천,변호사시험 2회,법률사무소 초록,032-715-5688 ,070-8270-5688,"[22219] 인천 남구 소성로 153 , 502호(학익동, 중앙빌딩)",vikilight@naver.com ,
333,전두호,전두호,全斗鎬,1980.07.22,인천,변호사시험 2회,변호사전두호법률사무소,032-203-9922 ,032-203-9933,"[405-812] 인천 남동구 경인로 764,203호(간석동,이화빌딩)",doonya486@gmail.com ,
331,이광덕,이광덕,李光德,,인천,변호사시험 2회,변호사이광덕법률사무소,070-7010-7180 ,070-7158-1751,"[402-866] 인천 남구 학익소로 60,501호(학익동,반도빌딩)",lkd0508@gmail.com ,
330,최윤석,최윤석,崔允碩,1980.12.03,인천,변호사시험 2회,변호사최윤석법률사무소,032-763-5000 ,032-773-1122,"[22218] 인천 남구 학익소로 19,302호(학익동,한림법조타운)",lawyercys@naver.com ,
329,구슬,구슬,具瑟,1983.10.06,인천,변호사시험 2회,변호사구슬법률사무소,032-866-4995 ,032-866-4990,"[22221] 인천 남구 소성로 197 (학익동, 홍문빌딩) 502호",prseul@gmail.com ,
328,김진태,김진태,金進泰,1974.05.05,인천,변호사시험 2회,변호사김진태법률사무소,032-866-8820 ,032-866-8821,"[22218] 인천 남구 학익소로 29 (학익동, 석목법조빌딩) 210호",thomas62274@gmail.com ,
327,이지은,이지은,李智恩,1985.11.14,인천,변호사시험 2회,변호사이지은법률사무소,032-866-5553 ,032-232-0558,"[22221] 인천 남구 소성로 171 (학익동, 대흥평창로시스빌딩) 607호",rizirizi@naver.com ,형사법 (2018-01-29)
326,김정규,김정규,金丁圭,,인천,변호사시험 2회,세주 공동법률사무소,032-225-0020 ,032-225-9666,"[402-867] 인천 남구 소성로 159,501호 (학익동,현준솔로몬시티)", ,
325,한정식,한정식,韓珽植,1977.10.03,인천,변호사시험 2회,법무법인 명문,032-712-6300 ,032-861-6302,"[402-867] 인천 남구 학익2동 240-1(명인빌딩3,4층)",bleeze@hanmail.net ,
324,이재형,이재형,李在亨,1983.02.20,인천,변호사시험 2회,법무법인 온율,032-236-0333 ,032-236-0339,"[22221] 인천 남구 소성로 171, 702호 (학익동, 대흥평창로시스빌딩)",ljhcommune@gmail.com ,
323,김주인,김주인,金柱仁,1974.03.05,인천,사법시험 44회,변호사김주인법률사무소,032-862-8222 ,,[402-867] 인천 남구 학익동 244-1(청호빌딩302호), ,
322,김기용,김기용,金起龍,1979.03.01,인천,변호사시험 2회,변호사김기용법률사무소,032-861-2257 ,032-861-2258,"[22221] 인천 남구 학익소로 60 (학익동, 반도프라자) 4층",toleviathan@hanmail.net ,
321,장창준,장창준,張昶準,1980.03.03,인천,변호사시험 2회,변호사장창준법률사무소,032-505-8084 ,032-505-8086,"[21389] 인천 부평구 경원대로 1369 (부평동, 태광빌딩) 6층",plato.lawyer@gmail.com ,
320,홍성훈,홍성훈,洪性勳,1980.12.15,인천,변호사시험 2회,변호사홍성훈법률사무소,032-876-3025 ,032-876-3026,"[402-867] 인천 남구 학익소로 62,104호(학익동,정동빌딩)",hongumsa@hanmail.net ,
318,김해종,김해종,金海鐘,,인천,변호사시험 2회,,032-330-2191 ,032-212-3112,"[402-867] 인천 남구 소성로185번길 12,2층(학익동,평산빌딩)",haejong_kim@naver.com ,
317,문지혜,문지혜,文智惠,1982.10.19,인천,변호사시험 2회,변호사문지혜법률사무소,032-763-5000 ,032-773-1122,"[22218] 인천 남구 학익소로 19,302호(학익동,한림법조타운)",ann-82@hanmail.net ,
316,윤경호,윤경호,尹敬皓,1976.12.05,인천,변호사시험 2회,법률사무소 국민생각,032-505-8084 ,032-505-8086,[403-859] 인천 부평구 부평동 546-64(태광빌딩6층),ykhlaw@gmail.com ,
315,원경주,원경주,元耿絓,1981.08.03,인천,변호사시험 2회,법무법인 명문,032-861-7880 ,,[402-042] 인천 남구 학익2동 240-1(명인빌딩 303호),enpiaf@gmail.com ,
314,최선애,최선애,崔善愛,1982.12.30,인천,변호사시험 2회,법무법인 창과방패,032-873-9901 ,032-873-9902,"[22221] 인천 남구 소성로185번길 28, 201호, 202호 (학익동, 명인빌딩)",bar.sunae.choi@gmail.com ,
313,배우미,배우미,裵優美,1986.04.13,인천,사법시험 52회,변호사배우미법률사무소,032-861-9377 ,032-724-0677,"[22222] 인천 남구 학익소로 63 (학익동, 신동빌딩) 4층",woomi0413@naver.com  ,
312,남영재,남영재,南映在,1984.11.08,인천,변호사시험 2회,변호사남영재법률사무소,2018-7592 ,02-2018-7799,"[21998] 인천 연수구 컨벤시아대로 165, 24층(송도동, 동북아트레이드타워)",youngjae.nam@poscoanc.com ,
311,우승하,우승하,禹承河,1978.07.17,인천,변호사시험 2회,법무법인 창과방패,032-873-9901 ,032-873-9902,"[22221] 인천 남구 소성로185번길 28, 201호, 202호 (학익동, 명인빌딩)",phoenixfire@hanmail.net ,
310,오인선,오인선,吳仁善,1979.02.06,인천,변호사시험 2회,변호사오인선법률사무소,032-455-6234 ,032-455-6199,"[406-840] 인천 연수구 첨단대로 107(송도동),삼성바이오에피스",is.regina.oh@samsung.com ,
309,장지혜,장지혜,張智惠,1978.07.04,인천,사법시험 52회,법무법인 선,032-872-7300 ,032-872-7309,"[22221] 인천 남구 소성로163번길 36,2층(학익동, 흥금빌딩)",qqang1213@naver.com ,
308,김민수,김민수,金珉修,1980.08.18,인천,사법시험 52회,변호사김민수법률사무소,032-875-0300 ,032-873-6555,[402-040] 인천 남구 학익동 252-9(중앙법조빌딩6층),minggang10@naver.com ,
307,하동규,하동규,河東奎,1982.10.03,인천,사법시험 52회,법무법인 헌암,032-252-1940 ,"032-252-1945,6",[402-040] 인천 남구 학익동 251-5(대흥빌딩405호),reversal82@naver.com ,
306,임성진,임성진,林成眞,1981.01.23,인천,사법시험 52회,변호사임성진법률사무소,032-875-2153 ,032-875-2154,"[22221] 인천 남구 학익소로 62 (학익동, 정동빌딩) 402호",noguchi2@hanmail.net ,
305,김진,김진,金진,1984.04.22,인천,사법시험 52회,경인 법무법인,032-246-1900 ,032-246-1901,[402-040] 인천 남구 학익동 25-12(석목법조빌딩606호),kjin42@nate.com ,
304,방인석,방인석,方仁錫,1978.07.31,인천,사법시험 52회,법무법인 헌암,032-252-1940 ,032-252-1945,[402-040] 인천 남구 학익동 251-5(대흥빌딩405호),justice0731@naver.com ,
303,장세희,장세희,張世睎,1981.07.29,인천,사법시험 52회,법무법인 지유,032-322-9501 ,032-322-9503,"[22221] 인천 남구 소성로 171, 301호(학익동, 대흥평창로시스빌딩)",lawyerjsh@naver.com ,
302,고가영,고가영,高佳榮,,인천,변호사시험 1회,변호사고가영법률사무소,032-505-7577 ,032-505-9177,"[403-826] 인천 부평구 부평대로 144,4층 401호(부평동,신한타워)",lawhoyeon@naver.com ,
301,김형선,김형선,金亨先,1975.08.14,인천,변호사시험 1회,법무법인 서상,032-876-6037 ,032-861-0206,"[22218] 인천 남구 학익소로 19 (학익동, 한림법조타운) 206호",nostalgia25@daum.net ,
300,서지화,서지화,徐志和,1980.10.27,인천,변호사시험 1회,변호사서지화법률사무소,032-868-9952 ,032-868-9954,"[22221] 인천 남구 소성로 171 (학익동, 대흥평창로시스빌딩) 로시스동 404호",nasomy7@hanmail.net ,
298,최유나,최유나,崔唯娜,1985.03.13,인천,변호사시험 1회,법무법인 혜안,032-873-9290 ,032-876-9290,"[22143] 인천 남구 경원대로 892 , 1층(주안동, 대동빌딩)",lawyer313@naver.com ,이혼 (2014-12-29);가사법 (2014-12-29)
297,김종호,김종호,金鍾鎬,1981.06.27,인천,변호사시험 1회,법률사무소 국민생각,032-505-8084 ,,[403-010] 인천 부평구 부평동 546-64(태광빌딩6층),kjh.lawyer@gmail.com ,
296,차병호,차병호,車昺鎬,1983.01.08,인천,변호사시험 1회,변호사차병호법률사무소,032-429-7691 ,032-429-7690,"[22133] 인천 남구 주안로 117-9, 801호(주안동, 제이타워)",bhcha.luffy@gmail.com ,
295,민주경,민주경,閔主敬,1983.05.29,인천,변호사시험 1회,,032-875-6919 ,032-232-6919,"[21431] 인천 부평구 동수로 56 (부평동, 가톨릭대학교인천성모병원) 인천북부해바라기센터",lawyerjk@naver.com ,
294,정재문,정재문,鄭宰門,1976.01.19,인천,변호사시험 1회,변호사정재문법률사무소,032-861-6400~2 ,032-861-6403,[402-040] 인천 남구 학익동 251-3(대흥빌딩506호),kasikosi@daum.net ,
293,조재훈,조재훈,曺在勳,1979.08.15,인천,변호사시험 1회,변호사조재훈법률사무소,050-5312-4123 ,050-5312-4124,"[22382] 인천 중구 공항로 272 (운서동, 항공교통센터) 인천공항 우체국 사서함 29호",icebomb79@daum.net ,
292,정지영,정지영,鄭智瑩,1981.02.07,인천,변호사시험 1회,변호사정지영법률사무소,031-8061-6228 ,032-455-6199,"[406-840] 인천 연수구 첨단대로 107,(송도동),삼성바이오에피스(주)",Stop--@hanmail.net ,
291,차영애,차영애,車令애,1984.02.22,인천,변호사시험 1회,법무법인 온율,032-236-0333 ,032-236-0339,"[22221] 인천 남구 소성로 171, 702호 (학익동, 대흥평창로시스빌딩)",peesee@naver.com ,
289,방효정,방효정,方孝貞,1982.02.12,인천,변호사시험 1회,변호사방효정법률사무소,-- ,--,"[22221] 인천 남구 학익소로 60 (학익동, 반도프라자) 501호",lawyer.kirsten@gmail.com ,
288,이나영,이나영,李羅英,1984.12.12,인천,사법시험 51회,변호사이나영법률사무소,368-4317 ,,"[404-180] 인천 서구 청라라임로 51,607호(연희동) ",skdud8479@gmail.com ,
287,오영은,오영은,吳永銀,1985.02.28,인천,사법시험 51회,변호사오영은법률사무소,032-876-3326 ,032-876-3327,"[402-867] 인천 남구 소성로 153,201호(학익동,중앙빌딩)",oye0417@gmail.com ,
286,박정은,박정은,朴貞垠,1980.05.06,인천,사법시험 51회,법률사무소 뜻,032-866-5800 ,032-866-5900,"[402-867] 인천 남구 소성로 171,501호(학익동,평창빌딩)",orchid056@naver.com ,
285,윤재필,윤재필,尹在弼,1979.04.30,인천,사법시험 49회,세주 공동법률사무소,032)225-0020 ,032)225-9666,"[402-867] 인천 남구 소성로 159,501호(학익동,현준솔로몬시티)",yjp5574@sejulaw.com ,
284,전진훈,전진훈,全鎭勳,1981.02.02,인천,사법시험 51회,법무법인 진산,032-876-9900 ,032-876-0983,"[402-867] 인천 남구 소성로 171,201호(학익동,대흥빌딩)",okjinhoon@naver.com ,
283,이주영,이주영,李珠英,1986.05.10,인천,변호사시험 1회,변호사이주영법률사무소,032-861-1601 ,032-861-1602,"[22221] 인천 남구 소성로185번길 28 (학익동, 명인빌딩) 102호",yolove0510@hotmail.com ,
282,조영민,조영민,曺瑛敏,1973.07.01,인천,사법시험 51회,로앤조법률사무소,032-238-0177 ,032-238-0188,"[402-866] 인천 남구 학익소로 29,702호(학익동,석목법조빌딩)",ymjoh73@hanmail.net ,
281,최성욱,최성욱,崔成旭,1981.12.23,인천,사법시험 51회,법무법인 로시스,032-861-5511 ,032-861-5513,"[22221] 인천 남구 소성로 171, 301호(학익동, 로시스빌딩)",trash34@hanmail.net ,
280,신동현,신동현,申東鉉,1980.08.07,인천,변호사시험 1회,변호사신동현법률사무소, ,,"[402-866] 인천 남구 학익소로 60,501호(학익동,반도프라자)",shindonghyeon@gmail.com ,
279,고준만,고준만,高晙滿,1978.07.18,인천,사법시험 51회,변호사고준만법률사무소,032-715-7999 ,070-8677-8599,"[22218] 인천 남구 학익소로 19 (학익동, 한림법조타운) 6층 603-1호",mdrjm@hanmail.net ,
278,이성한,이성한,李性漢,1982.07.08,인천,변호사시험 1회,변호사이성한법률사무소,032-850-5165 ,032-850-0000,"[22014] 인천 연수구 아카데미로 23 (송도동, (주)셀트리온) Plant1 2층 법무팀",logosive@naver.com ,
277,장정원,장정원,張丁元,1982.04.02,인천,변호사시험 1회,변호사장정원법률사무소,032-890-8055 ,032-886-6388,"[22332] 인천 중구 서해대로 366, 5층(신흥동3가, 정석빌딩)",jangjeongwon@gmail.com ,
276,김희천,김희천,金熙天,1981.02.07,인천,변호사시험 1회,변호사김희천법률사무소,032-508-2145 ,032-508-2148,"[403-826] 인천 부평구 신트리로6번길 6,601호603호(부평동,혜성빌딩)",heecheonk@hanmail.net ,
275,임종문,임종문,林鍾文,1972.03.11,인천,사법시험 51회,변호사임종문법률사무소,"032-868-8830,1 ",032-868-8832,"[402-867] 인천 남구 소성로 166,2층(학익동)",limjm01@gmail.com ,
274,이승경,이승경,李丞卿,1983.08.20,인천,변호사시험 1회,법무법인 창과방패,032-873-9901 ,032-873-9902,"[22221] 인천 남구 소성로185번길 28, 201호, 202호 (학익동, 명인빌딩)",sklaw0820@gmail.com ,
273,이원인,이원인,李源仁,1977.11.15,인천,변호사시험 1회,변호사이원인법률사무소,032-865-5552 ,032-865-5554,"[22222] 인천 남구 학익소로 55 (학익동, 청솔빌딩) 1층",recause4u@gmail.com ,
272,한형준,한형준,韓亨準,1982.05.14,인천,변호사시험 1회,세주 공동법률사무소, ,,"[402-867] 인천 남구 소성로 159,501호(학익동,현준솔로몬시티)",hjoonie@sejulaw.com ,
271,한상현,한상현,韓尙炫,1975.07.26,인천,변호사시험 1회,법무법인(유한)예율,032-866-7004 ,032-866-6004,"[22330] 인천 중구 인중로 75, 3층 (신흥동3가, 인평빌딩)",bestkid777@nate.com ,
270,박성우,박성우,朴成優,1982.02.12,인천,사법시험 51회,법무법인 천지인,032-866-7700 ,032-866-7799,"[402-866] 인천 남구 학익소로63번길 8,201호(학익동,청인빌딩)",hegemonie01@nate.com ,
269,정경화,정경화,鄭耿花,1982.07.28,인천,사법시험 51회,변호사정경화법률사무소,032-872-7800 ,032-872-9800,"[22221] 인천 남구 소성로185번길 22 (학익동, 학익동빌딩) 1층",ker012@naver.com ,
268,강성원,강성원,姜誠元,1975.11.27,인천,변호사시험 1회,변호사강성원법률사무소,032-861-9004 ,032-861-9009,"[22221] 인천 남구 학익소로 62 (학익동, 정동빌딩) 503호",historylaw@naver.com ,
267,김정희,김정희,金靜姬,1970.09.29,인천,사법시험 51회,변호사김정희법률사무소,032-866-4996 ,032-866-4990,[402-865] 인천 남구 소성로 153(중앙빌딩505호),mira5976@hanmail.net ,
266,소화영,소화영,蘇禾瑛,1981.02.28,인천,사법시험 51회,변호사소화영법률사무소,032-872-9850 ,032-874-9851,"[22222] 인천 남구 학익소로63번길 8, 303호(학익동, 청인빌딩)",sohwayoung@hanmail.net ,
265,김형태,김형태,金炯태,1971.03.27,인천,사법시험 51회,변호사김형태법률사무소,-- ,--,"[22221] 인천 남구 소성로 171 (학익동, 대흥평창로시스빌딩) 로시스동 404호",lawyerkim4u@naver.com ,
264,권준석,권준석,權俊碩,1980.07.28,인천,사법시험 50회,경인 법무법인,032-861-7100 ,032-861-7101,[402-042] 인천 남구 학익2동 25-12(석목빌딩 6층),mybest03@naver.com ,형사법 (2016-03-21);가사법 (2016-03-21)
263,이승재,이승재,李承宰,1979.10.12,인천,사법시험 51회,변호사이승재법률사무소,032-862-6800 ,032-862-6801,"[22221] 인천 남구 소성로 171 (학익동, 대흥평창로시스빌딩) 로시스빌딩 802호",javna7224@nate.com ,
262,김정우,김정우,金廷優,1972.03.28,인천,사법시험 51회,변호사김정우법률사무소,"032-872-8620,1 ",032-872-8640,[402-040] 인천 남구 학익동 243(평창빌딩601호),kjwhead@hanmail.net ,
261,김태진,김태진,金台鎭,1975.10.01,인천,사법시험 43회,법무법인 케이앤피,032-864-8300 ,032-864-8301,"[406-840] 인천 연수구 인천타워대로 323,B동2901호(송도동,송도센트로드)",taejinkim@kimnpark.com ,
260,김미성,김미성,金美成,1978.10.20,인천,사법시험 50회,변호사김미성법률사무소,032-201-6001 ,032-201-6002,"[22134] 인천 남구 경원대로 887 (주안동, 동원빌딩) 301호",ms781020@hanmail.net ,
259,박경혜,박경혜,朴景譓,1981.06.04,인천,사법시험 49회,변호사박경혜법률사무소,032-872-9850 ,032-872-9805,"[402-866] 인천 남구 학익동 37-2(청인빌딩401호,국선전담변호사사무실)",t8164@hanmail.net ,
257,김도헌,김도헌,金度憲,1976.08.23,인천,사법시험 50회,변호사김도헌법률사무소,032-721-7115 ,032-721-7116,"[22221] 인천 남구 소성로185번길 28 (학익동, 명인빌딩) 7층701호",taeguarea4@daum.net ,
256,유동주,유동주,劉東周,1980.08.06,인천,사법시험 49회,법무법인 서해,032-861-2111 ,032-861-2115,[402-042] 인천 남구 학익2동 269-20(인성빌딩3층),zinggy2@hotmail.com ,
255,안대헌,안대헌,安大憲,1973.05.16,인천,사법시험 50회,법무법인 둘로스,032-861-5558 ,032-861-4003,"[22221] 인천 남구 소성로185번길 16-5, 402호(학익동, 신우빌딩)",eogjs77@naver.com ,
254,이대희,이대희,李大熙,1981.11.16,인천,사법시험 50회,변호사이대희법률사무소,032-868-9677 ,032-868-9678,"[22211] 인천 남구 소성로 185 (학익동, 평산빌딩) 12, 4층",law2dh@naver.com ,
253,한재웅,한재웅,韓在雄,1979.01.04,인천,사법시험 49회,변호사한재웅법률사무소,032-567-8585 ,032-561-3322,[404-190] 인천 서구 심곡동 280-1(엄지빌딩302호),hjwoong1@gmail.com ,
252,김균률,김균률,金均律,1982.01.25,인천,사법시험 50회,변호사김균률법률사무소,032-861-0202 ,032-861-9300,"[402-867] 인천 남구 소성로185번길 28,801~803호(학익동,명인빌딩)",kimowner@hanmail.net ,
251,조은정,조은정,趙恩貞,1981.10.05,인천,사법시험 50회,변호사조은정법률사무소,032-866-6900~2 ,032-866-6300,"[402-866] 인천 남구 학익소로63번길 8 ,301호,302호(학익동,청인빌딩)",sjsli@nate.com ,
250,양선화,양선화,梁仙花,1975.08.25,인천,사법시험 49회,변호사양선화법률사무소,032-875-8015 ,032-872-8015,"[22221] 인천 남구 소성로163번길 36 (학익동, 흥금빌딩) 5층",besto@hanmail.net ,
248,김의자,김의자,金宜子,1968.03.19,인천,사법시험 50회,참좋은 공동법률사무소,032-861-0861 ,032-868-0861,"[22221] 인천 남구 소성로 171 , 4층 402호(학익동, 대흥평창로시스빌딩)",euija@hanmail.net ,형사법 (2018-01-02)
247,유가형,유가형,柳佳亨,1981.08.04,인천,사법시험 50회,변호사유가형법률사무소,032-872-9860 ,032-872-9805,[22222] 인천 남구 학익동 37-2 청인빌딩 401호,kebiya1029@hanmail.net ,
246,구영관,구영관,具永官,1971.02.19,인천,사법시험 50회,변호사구영관법률사무소,032-715-7711 ,032-715-7734,"[22221] 인천 남구 소성로185번길 16-5 (학익동, 신우빌딩) 401호",ykku0909@naver.com ,
245,조일권,조일권,趙一權,1967.10.01,인천,사법시험 44회,변호사조일권법률사무소,032-876-8060 ,032-876-8061,"[22221] 인천 남구 학익소로 66,403호(학익동,선정빌딩)",choik211@naver.com ,
243,강은실,강은실,姜銀室,1981.08.15,경남,사법시험 49회,법무법인(유한)현진,032-212-8657 ,0504-765-8657,"[21999] 인천 연수구 갯벌로 12, 101호 (송도동, 갯벌타워)",eunshil81@hanmail.net ,
242,최운희,최운희,崔云曦,1978.04.30,인천,사법시험 49회,변호사최운희법률사무소,032-872-9850 ,032-874-9851,"[22222] 인천 남구 학익소로63번길 8, 303호(학익동, 청인빌딩)",ooni22@naver.com ,
241,김태광,김태광,金泰光,1963.05.12,인천,사법시험 39회,법무법인 신천,032-866-6900 ,,"[402-866] 인천 남구 학익2동 37-2 (청인빌딩3층301호,302호)",kpmjj1729@naver.com ,
240,김철민,김철민,金喆民,1979.12.20,인천,사법시험 49회,변호사김철민법률사무소,032-872-7053 ,032-872-7054,"[402-867] 인천 남구 소성로185번길 21,301호(학익동,현정빌딩)",prefume79@naver.com ,
239,한종훈,한종훈,韓宗勳,1973.03.01,인천,사법시험 46회,법무법인(유한)현진,032-212-8657 ,0504-765-8657,"[21999] 인천 연수구 갯벌로 12, 101호 (송도동, 갯벌타워)",hjh@hanjonghoon.com ,
238,소홍철,소홍철,蘇洪哲,1972.04.18,인천,사법시험 39회,법무법인 명문,032-861-6300 ,032-861-7758,[402-042] 인천 남구 학익2동 240-1 (명인빌딩 4층),sohc7@hanmail.net ,
237,이경민,이경민,李景民,1957.08.20,인천,사법시험 24회,경인 법무법인,032-867-8500 ,032-867-8555,[402-866] 인천 남구 학익2동 25-12(석목빌딩501호) ,jugelee@hanmail.net ,
235,윤혜원,윤혜원,尹惠源,1982.10.11,인천,사법시험 49회,변호사윤혜원법률사무소,032-861-0305 ,,[402-867] 인천 남구 학익동 240-40(4층),hwyoon3982@gmail.com ,
234,이범주,이범주,李範柱,1971.08.24,인천,사법시험 49회,변호사이범주법률사무소,032-872-6601 ,032-872-6602,"[22218] 인천 남구 학익소로 19 (학익동, 한림법조타운) 401호",twins90@hanmail.net ,
233,안대근,안대근,安大根,1980.09.20,인천,사법시험 49회,변호사안대근법률사무소,032-773-6222 ,032-761-3118,"[400-070] 인천 중구 제물량로 159(신생동),하나대투증권지점",dkahn@hanafn.com ,
232,송수한,송수한,宋修漢,1979.04.22,인천,사법시험 48회,변호사송수한법률사무소,031-861-8100 ,031-861-8181,"[22221] 인천 남구 학익소로 62 (학익동, 정동빌딩) 502호",suhansong@naver.com ,
231,김종휘,김종휘,金鍾徽,1966.03.05,인천,사법시험 32회,법무법인 명문,032-861-7881 ,032-861-7758,"[402-040] 인천 남구 학익동 240-1 (명인빌딩 3,4층)",kjhwi9599@hanmail.net ,
230,박재권,박재권,朴在權,1961.04.05,인천,사법시험 29회,법무법인(유한) 우송,032-862-5056~8 ,032-862-5059,[402-040] 인천 남구 학익동 240-46(정동빌딩305호),fristick@hanmail.net ,
229,전상미,전상미,全常美,1976.04.10,인천,사법시험 48회,법무법인 선,032-872-6300 ,032-872-7309,"[22134] 인천 남구 경원대로 873, 1층 1호 (주안동, 인성빌딩)",toujours20@hanmail.net ,
228,이원국,이원국,李元國,1971.11.23,인천,사법시험 47회,법무법인 둘로스,032-861-0808 ,032-872-0005,[402-042] 인천 남구 학익2동 272-5(현준솔로몬빌딩401호),lwk7442@hanmail.net ,
226,김신애,김신애,金信愛,1979.06.23,인천,사법시험 48회,법무법인 안정,032-876-3400 ,032-876-3462,"[22221] 인천 남구 소성로 171 , 603호(학익동, 로시스빌딩)",ksajb@hanmail.net ,
225,노광래,노광래,盧光來,1969.11.08,인천,사법시험 48회,로앤조법률사무소,032-238-0177 ,032-238-0188,"[402-866] 인천 남구 학익소로 29,702호(학익동,석목법조빌딩)",songmania@hanmail.net ,
224,신수길,신수길,申秀吉,1958.07.17,인천,사법시험 24회,법무법인(유한) 우송,032-866-5200 ,032-862-5059,"[402-867] 인천 남구 학익소로 62,305호(학익동,정동빌딩)",shin181817@hanmail.net ,행정법 (2017-07-03)
223,박종국,박종국,朴鍾國,1964.08.15,인천,사법시험 39회,법무법인 명문,032-861-6300 ,032-861-6302,[402-042] 인천 남구 학익2동 240-1 (명인빌딩 303호),kaos63@naver.com ,
222,임정은,임정은,任正은,1980.07.29,인천,사법시험 48회,변호사임정은법률사무소,032-872-9850 ,032-874-9851,"[22222] 인천 남구 학익소로63번길 8, 303호(학익동, 청인빌딩)",0475jungeun@naver.com ,
221,정원철,정원철,鄭楥澈,1971.10.22,인천,사법시험 48회,변호사정원철법률사무소,032-861-5353 ,032-861-7474,"[402-040] 인천 남구 소성로162번길 (학익동,다송빌딩 4층)",jwch21@hanmail.net ,
218,서은미,서은미,徐銀美,1977.06.02,인천,사법시험 48회,법무법인 서창,032-861-0999 ,032-861-0998,[402-040] 인천 남구 학익동 240-1 (명인빌딩 702호),hero-ems@hanmail.net ,
217,김종성,김종성,金鍾星,1977.06.08,인천,사법시험 48회,유안 공동법률사무소,032-872-0086 ,032-872-0087,"[402-867] 인천 남구 학익소로 62,204호(학익동,정동빌딩)",lawnyou@naver.com ,
216,엄현식,엄현식,嚴鉉植,1972.06.04,인천,사법시험 48회,변호사엄현식법률사무소,032-875-7800 ,032-875-5700,[402-040] 인천 남구 학익동 25-12(석목빌딩507호),h1317s@naver.com ,
215,이선기,이선기,李鮮基,1976.10.10,인천,사법시험 48회,변호사이선기법률사무소,032-861-8100 ,032-861-8181,"[22221] 인천 남구 학익소로 62 (학익동, 정동빌딩) 502호",chaosstars@hanmail.net ,
214,정윤환,정윤환,鄭潤煥,1971.02.26,인천,사법시험 47회,법무법인 둘로스,032-861-0808 ,032-872-0005,[402-042] 인천 남구 학익2동 272-5(현준솔로몬빌딩401호),nyyankis@naver.com ,
213,송화현,송화현,宋和炫,1976.11.10,인천,사법시험 48회,법무법인 흥인(興仁),032-872-1650 ,032-872-1652,"[402-867] 인천 남구 소성로 159,203호(학익동,현준솔로몬시티빌딩)",ddabil@naver.com ,
212,조창호,조창호,趙昶皓,1976.02.10,인천,사법시험 48회,변호사조창호법률사무소,032-455-6232 ,032-455-6199,"[406-840] 인천 연수구 첨단대로 107,(송도동),삼성바이오에피스(주)",ch2014.cho@samsung.com ,
211,이홍구,이홍구,李鴻九,1982.02.10,인천,사법시험 48회,변호사이홍구법률사무소,032-437-8620 ,032-437-8621,[405-300] 인천 남동구 논현동 632-1(칼리오페빌딩420호),ghdrn38@naver.com ,
210,김재용,김재용,金在鎔,1960.10.09,인천,사법시험 48회,변호사김재용법률사무소,032-875-6400 ,032-875-7200,[402-040] 인천 남구 학익동 244-39 (라니빌딩 3층),kimjy6019@hanmail.net ,
209,정양원,정양원,鄭諒源,1979.07.10,인천,사법시험 48회,법무법인 안다,032-875-7779 ,032-863-7774,"[22221] 인천 남구 소성로 197 , 501호(학익동, 홍문빌딩)",bonne45@daum.net ,
208,전상민,전상민,田尙旻,1973.06.18,인천,사법시험 48회,법무법인 흥인(興仁),032-872-1650 ,032-872-1652,[402-042] 인천 남구 학익2동 272-5 (현준솔로몬시티 203호),phillaw1@naver.com ,형사법 (2015-01-05)
207,김진희,김진희,金鎭熙,1975.05.09,인천,사법시험 48회,법무법인 안정,032-876-3400 ,032-867-3462,"[402-867] 인천 남구 소성로 171,603호(학익동,로시스빌딩)",jinny509@hanmail.net ,
206,김형찬,김형찬,金亨燦,1975.03.19,인천,사법시험 44회,"변호사 이주성, 김형찬 법률사무소",032-864-5557 ,02-864-5558,"[22221] 인천 남구 학익소로 66 , 405호(학익동, 선정빌딩)",angelgab@hanmail.net ,
204,이경구,이경구,李暻玖,1972.03.30,인천,사법시험 47회,법무법인 백범,032-861-7676 ,032-875-0302,[402-040] 인천 남구 학익동 252-9(중앙법조빌딩5층),yearn96@hanmail.net ,
203,박세영,박세영,朴世映,1972.10.07,인천,사법시험 47회,변호사박세영법률사무소,032-876-1357 ,032-876-1360,[420-040] 인천 남구 학익동 240-47(선정빌딩505호),sylaw1357@naver.com ,이혼 (2015-05-04)
202,안동한,안동한,安棟漢,1974.12.25,인천,사법시험 47회,변호사안동한법률사무소,032-874-3311 ,032-874-0660,[402-042] 인천 남구 학익2동 244 (삼원빌딩 5층),adh3377@hanmail.net ,이혼 (2016-03-07);도산 (2016-03-07)
201,한은석,한은석,韓恩錫,1973.04.20,인천,사법시험 47회,법무법인 덕양,032-873-3701 ,032-873-3703,"[22221] 인천 남구 소성로 171 , 로시스동 801호(학익동, 대흥평창로시스빌딩)",oreo00@naver.com ,
200,하인수,하인수,河仁秀,1961.12.20,인천,사법시험 29회,법무법인 대원,032-865-3900 ,032-865-3901,[402-040] 인천 남구 학익동 270-30 (중앙빌딩6층),lawyerhis@naver.com ,
198,김명준,김명준,金明俊,1969.08.25,인천,사법시험 46회,변호사김명준법률사무소,032-864-0977 ,032-864-0971,[402-040] 인천 남구 학익동 252-8 (다송빌딩 3층),88june@naver.com ,
197,김성후,김성후,金成厚,1971.04.24,인천,사법시험 46회,법무법인 세지원,032-861-6900 ,032-861-6060,"[402-040] 인천 남구 학익소로63번길 8,202호(학익동,청인빌딩)",ksh425a@nate.com ,
196,박길환,박길환,朴吉煥,1968.03.17,인천,사법시험 46회,변호사박길환법률사무소,032-875-3307 ,032-875-3305,"[402-867] 인천 남구 소성로185길 16-6,5층(학익동)",bakgilhoan@hanmail.net ,
195,이광일,이광일,李光日,1974.03.14,인천,사법시험 46회,법률사무소 리엘 파트너스,032-873-2502 ,032-873-2504,"[22221] 인천 남구 소성로 171, 제로시스동 703, 704호 (학익동, 대흥평창로시스빌딩)",kieerh@naver.com ,
194,고임석,고임석,高任奭,1964.10.01,인천,사법시험 46회,변호사고임석법률사무소,032-873-6868 ,032-873-0059,[402-867] 인천 남구 학익동 240-46 (정동법조빌딩 501호),gofos3480@naver.com ,
193,김성규,김성규,金聖奎,1972.09.20,인천,사법시험 46회,법무법인 유스트,032-837-5207~8 ,032-837-5209,"[21990] 인천 연수구 송도미래로 30,디동 208호(송도동,송도스마트밸리 지식산업센터)",ksk-7291@hanmail.net ,
192,임호현,임호현,林虎鉉,1970.06.06,인천,사법시험 46회,법무법인(유한) 한별,032-868-8082 ,032-868-9095,"[22221] 인천 남구 소성로 171,제대흥동 제402호,403호(학익동,대흥평창로시스빌딩)",iimho@hanmail.net ,
191,김성진,김성진,金星進,1976.12.19,인천,사법시험 46회,변호사김성진법률사무소,032-552-9793 ,032-232-0978,"[403-829] 인천 부평구 경인로 918,4,5층(부평동,대원빌딩)",kimsjlaw@gmail.com ,
190,박정혁,박정혁,朴正赫,1977.09.14,인천,사법시험 46회,변호사박정혁법률사무소,032-874-9966 ,032-223-9968,"[22218] 인천 남구 학익소로 19 (학익동, 한림법조타운) 310호",monsieurpark@hanmail.net ,
189,김삼용,김삼용,金三鎔,1971.07.10,인천,사법시험 46회,법무법인 세지원,032-561-2552 ,032-568-6552,[404-190] 인천 서구 심곡동 239-8 (석산빌딩 3층),ksyddbb@hanmail.net ,
188,조용주,조용주,趙鎔柱,1971.12.13,인천,사법시험 36회,법무법인 안다,032-867-0100 ,032-867-0157,"[22221] 인천 남구 소성로 197 , 501호(학익동, 홍문빌딩)",oklawyer@naver.com ,조세법 (2015-03-30);부동산 (2015-03-30)
187,윤봉규,윤봉규,尹鳳奎,1965.11.22,인천,사법시험 46회,법무법인 진산,032-876-9900 ,032-876-0983,[402-040] 인천 남구 학익동 251-5 (대흥빌딩 201호),gl-mal@nate.com ,
186,박형진,박형진,朴亨振,1971.08.14,인천,사법시험 46회,변호사박형진법률사무소,032-715-8090 ,032-873-8091,"[402-867] 인천 남구 소성로 153,406호(학익동,중앙빌딩)",daegle71@gmail.com ,
185,정남숙,정남숙,鄭南淑,1971.01.10,인천,사법시험 46회,변호사정남숙법률사무소,032-872-9850 ,032-872-9805,"[402-866] 인천 남구 학익소로63번길 8,401호(학익2동,청인빌딩),국선전담법률사무소",ruciaeunju71@naver.com ,
184,육삼신,육삼신,陸三信,1975.05.21,인천,사법시험 46회,법무법인 신명,032-506-8369 ,032-506-8370,"[403-030] 인천 부평구 길주로 510,301호(청천동)",sismo@hanmail.net ,
183,이우상,이우상,李羽祥,1974.11.29,인천,사법시험 46회,변호사이우상법률사무소,032-868-5570 ,032-868-5573,[402-040] 인천 남구 학익동 251-3 (평창빌딩 701호),law5570@naver.com ,
182,이주성,이주성,李周星,1974.01.09,인천,사법시험 46회,"변호사 이주성, 김형찬 법률사무소",032-864-5557 ,032-864-5558,"[22221] 인천 남구 학익소로 66 (학익동, 선정빌딩) 405호",requiemsinger@goodi.com ,
181,문옥,문옥,文玉,1976.03.24,인천,사법시험 46회,변호사문 옥법률사무소,032-861-5700 ,032-861-5701,"[402-867] 인천 남구 소성로185번길 28,602호(학익동,명인빌딩)",jad76@naver.com ,
180,이희우,이희우,李喜雨,1977.11.20,인천,사법시험 46회,법무법인 대원,032-865-3900 ,032-865-3901,[402-040] 인천 남구 학익동 270-30 (중앙빌딩 6층),aqua1120@lycos.co.kr ,
179,최미라,최미라,崔美羅,1974.06.13,인천,사법시험 46회,법무법인 다솜,032-872-9947 ,032-876-9902,"[22218] 인천 남구 학익소로23번길 1 , 5층(학익동)",ynuage@naver.com ,
178,김병채,김병채,金炳采,1964.12.31,인천,사법시험 46회,변호사김병채법률사무소,032-861-3360 ,032-861-3361,[402-040] 인천 남구 학익동 251-3 (대흥빌딩 B-105),hatemix@naver.com ,
177,정용진,정용진,鄭容鎭,1972.10.11,인천,,법무법인 해동, ,,[402-040] 인천 남구 학익동 243(평창빌딩202호),logjinkr@naver.com ,의료 (2012-04-16)
176,김용국,김용국,金龍國,1965.07.07,인천,사법시험 45회,법무법인 예우,032-864-3400 ,032-864-3409,[402-867] 인천 남구 학익동 244-40 (대승빌딩 201-1호),sugar9202@hanmail.net ,
175,이대우,이대우,李大雨,1979.10.20,인천,사법시험 46회,법무법인 명문,032-861-6300 ,032-862-0834,[402-042] 인천 남구 학익2동 240-1 (명인빌딩 3층),asa1283@naver.com ,
174,정영덕,정영덕,鄭永德,1977.04.11,인천,사법시험 45회,변호사정영덕법률사무소,032-873-4467 ,032-872-8442,[402-042] 인천 남구 학익2동 244-21 (해안빌딩 3층),jydlawyer2007@hanmail.net ,
173,이현철,이현철,李炫澈,1971.03.02,인천,사법시험 46회,변호사이현철법률사무소,032-872-8896 ,032-872-8897,[402-040] 인천 남구 학익동 252-8(다송빌딩5층),lawhc@naver.com ,
172,이상일,이상일,李相一,1966.03.07,인천,사법시험 40회,법무법인 명문,032-861-6300 ,032-861-6302,[402-042] 인천 남구 학익2동 240-1 (명인빌딩 303호), ,
171,형창우,형창우,邢昌宇,1966.04.28,인천,사법시험 44회,법무법인 통문,032-876-1135 ,032-876-1185,[402-040] 인천 남구 학익동 20-11 (반도빌딩 3층),hcw428@naver.com ,형사법 (2016-02-11);가사법 (2016-02-11)
170,이권재,이권재,李權載,1954.07.18,인천,사법시험 25회,법무법인 명문,032-861-6300 ,032-861-6302,"[22221] 인천 남구 소성로185번길 28,303호(학익동,명인빌딩)", ,
169,박소정,박소정,朴素晶,1975.04.01,인천,사법시험 45회,경인 법무법인,032-420-1000 ,032-420-1500,"[22134] 인천 남구 경원대로 869,701호(주안동,르네상스빌딩)",uriso11@hotmail.com ,
167,김신욱,김신욱,金信旭,1973.07.17,인천,사법시험 45회,법무법인 중부로,032-866-5660 ,032-866-5550,"[22221] 인천 남구 학익소로 66 , 201호(학익동, 선정빌딩)",kimsu0717@gmail.com ,
166,박종수,박종수,朴鍾守,1963.06.27,인천,사법시험 44회,법무법인 로시스,032-861-8080 ,032-861-8083,"[22221] 인천 남구 소성로 171 (학익동, 대흥평창로시스빌딩) 201호",dupurun@naver.com ,
165,정진성,정진성,鄭珍星,,인천,사법시험 45회,변호사정진성법률사무소,-- ,--,"[22134] 인천 남구 경원대로 873 (주안동, 인성빌딩) 2층",vefa74@hanmail.net ,이혼 (2015-02-16);도산 (2015-02-16)
164,유성수,유성수,柳聖秀,1948.03.03,인천,사법시험 17회,법무법인 서창,032-864-8649 ,032-864-8665,[402-040] 인천 남구 학익동 240-1 (명인빌딩 7층),ksjipyong@naver.com ,
163,김훈희,김훈희,金勳熙,1973.06.27,인천,사법시험 45회,법무법인 로웰,032-213-7000 ,032-213-7007,"[402-867] 인천 남구 소성로 159,3층(학익동,현준솔로몬시티)",lawyerkimhh@naver.com ,형사법 (2018-04-30)
162,이승원,이승원,李昇原,1965.12.22,인천,사법시험 45회,변호사이승원법률사무소,032-863-4560 ,032-863-4562,[402-040] 인천 남구 학익동 25-12(석목빌딩301호) ,2sw1222@naver.com ,
161,최승철,최승철,崔承哲,1974.02.17,인천,사법시험 45회,변호사최승철법률사무소,-- ,--,"[22221] 인천 남구 소성로 171 (학익동, 대흥평창로시스빌딩) 로시스빌딩 8층 801호",P-enemy@hanmail.net ,
159,이상미,이상미,李相美,1975.09.27,인천,사법시험 45회,법무법인 화론, ,,[22219] 인천 남구 학익동 272-5(현준솔로몬시티 502호),herah75@naver.com ,형사법 (2015-09-14);이혼 (2015-09-14)
158,정대용,정대용,鄭大溶,1967.10.20,인천,군법무관임용시험 11회,변호사정대용법률사무소,032-867-8890 ,032-867-8840,[402-040] 인천 남구 학익동 251-38,jdy8880@hanmail.net ,
157,김영진,김영진,金永鎭,1969.03.10,인천,사법시험 44회,변호사김영진법률사무소,032-872-3100 ,032-872-0178,[402-042] 인천 남구 학익2동 25-12(석목빌딩307호),musobullgara@hanmail.net ,
156,박재웅,박재웅,朴在雄,1974.04.03,인천,사법시험 44회,변호사박재웅법률사무소,032-872-7222 ,032-872-7221,"[22221] 인천 남구 소성로 171 (학익동, 대흥평창로시스빌딩) 502호",soldat@hanmail.net ,
155,김광수,김광수,金光秀,1964.07.05,인천,사법시험 33회,법무법인 정,032-861-7000-5 ,032-861-7006,[402-040] 인천 남구 학익동 251-31 (로시스빌딩303호),sadrae@hanmail.net ,
154,최정현,최정현,崔正現,1969.07.24,인천,사법시험 44회,법무법인 이루,032-864-8677 ,032-864-8655,[402-040] 인천 남구 학익동 35-32 (강남빌딩 4층),david1644@hanmail.net ,형사법 (2015-04-20);가사법 (2015-04-20)
153,박준범,박준범,朴俊範,1968.04.25,인천,사법시험 35회,법무법인 중부로,032-866-5660 ,032-866-5550,"[22221] 인천 남구 학익소로 66 , 201호(학익동, 선정빌딩)",jbpark425@gmail.com ,
152,조용균,조용균,趙容均,1960.04.11,인천,사법시험 28회,법무법인 로웰,032-865-1600 ,032-865-0928,[402-040] 인천 남구 학익동 272-5 (현준솔로몬빌딩 3층),choyk@hanmail.net ,
151,문석빈,문석빈,文碩彬,1971.11.01,인천,사법시험 44회,변호사문석빈법률사무소,032-863-3200 ,032-863-3201,"[22221] 인천 남구 소성로185번길 28 (학익동, 명인빌딩) 601호",msb3694@seoulbar.or.kr ,
150,고종찬,고종찬,高鍾燦,1969.04.05,인천,사법시험 44회,법무법인 우신,032-861-2222 ,032-861-2224,"[22221] 인천 남구 소성로 171 , 404호, 507호(학익동, 대흥법조빌딩)",gjc1472@hanmail.net ,
149,강태길,강태길,姜泰吉,1969.01.07,인천,사법시험 44회,변호사강태길법률사무소,"032-861-6163,4 ",032-861-6165,[402-040] 인천 남구 학익동 25(한림법조타운402호),kangtg69@hanmail.net ,
148,남정우,남정우,南正祐,1966.09.10,인천,사법시험 43회,변호사남정우법률사무소,032-861-6161 ,032-861-6565,[402-040] 인천 남구 학익동 240-46(정동빌딩701호),woobo33@naver.com ,
147,박병주,박병주,朴柄柱,1970.10.10,인천,사법시험 44회,법무법인 백범,032-861-7676 ,032-875-0302,[402-040] 인천 남구 학익동 252-9(중앙법조빌딩5층),3trees@hanmail.net ,
146,서상호,서상호,徐常豪,1974.02.07,인천,사법시험 44회,변호사서상호법률사무소,032-872-1424 ,032-873-1423,"[22221] 인천 남구 소성로 171 (학익동, 대흥평창로시스빌딩) 802호",shseo@seoulbar.or.kr ,
145,이병록,이병록,李炳祿,1965.03.08,인천,사법시험 44회,법무법인 정곡,032-875-2011 ,032-875-2013,[402-040] 인천 남구 학익동 240-38(육삼빌딩5층),lee-law21@hanmail.net ,부동산 (2016-02-11);도산 (2016-02-11)
144,이태선,이태선,李泰善,1967.02.05,인천,사법시험 44회,법무법인 정곡,032-874-0557 ,032-875-2013,[402-040] 인천 남구 학익동 240-38(육삼빌딩5층),gajasun@hanmail.net ,채권추심 (2013-01-28)
142,윤대기,윤대기,尹大基,1973.05.02,인천,사법시험 43회,법무법인 로웰,032-867-8820 ,032-867-8821,[402-867] 인천 남구 학익2동 272-5 (현준솔로몬시티 3층),ydaeki@naver.com ,
141,민병철,민병철,閔丙喆,1966.02.21,인천,사법시험 43회,변호사민병철법률사무소,032-861-1600 ,032-861-1602,[402-040] 인천 남구 학익동 240-1 (명인빌딩 502호),bcm1966@naver.com ,
140,박소영,박소영,朴素榮,1975.11.03,인천,사법시험 43회,법무법인 케이앤피,032-864-8300 ,032-864-8301,"[406-840] 인천 연수구 인천타워대로 323,B동2901호(송도동,송도센트로드)",park.lawyer@gmail.com ,
138,박철수,박철수,朴哲秀,1973.09.08,인천,사법시험 43회,법무법인 정도, ,,"[21358] 인천 부평구 부평대로 130 , 402호(부평동, 청봉빌딩)",chullsoo@hanmail.net ,
137,노환철,노환철,盧煥澈,1970.06.22,인천,사법시험 43회,변호사노환철법률사무소,032-872-9850 ,032-874-9851,"[22222] 인천 남구 학익소로63번길 8, 303호(학익동, 청인빌딩)",rhc0622@hanmail.net ,
136,임정진,임정진,林政塡,1968.10.10,인천,사법시험 43회,변호사임정진법률사무소,032-868-0600 ,032-868-0669,[402-040] 인천 남구 학익동 244-21 (해안빌딩 2층),jjlim68@naver.com ,
135,박희문,박희문,朴喜汶,1954.08.06,인천,사법시험 24회,법무법인 명문,032-861-6300 ,032-862-8111,[402-042] 인천 남구 학익동 240-1 (명인빌딩 303호),phmoon2@hotmail.com ,
134,채희철,채희철,蔡熙哲,1963.09.02,인천,사법시험 32회,법무법인 백범,032-873-6300 ,032-875-0302,[402-040] 인천 남구 학익동 252-9(중앙법조빌딩6층), ,
133,김태균,김태균,金泰均,1970.11.08,인천,사법시험 43회,법무법인 겨레,032-861-4300-2 ,032-861-4303,[402-040] 인천 남구 학익동 251-5 (대흥빌딩 603호),tommy5@hanmail.net ,
132,서재구,서재구,徐在求,1972.06.22,인천,사법시험 43회,"변호사 서재구, 김진 법률사무소",032-862-1123 ,032-864-1120,"[22219] 인천 남구 소성로 159, 106~107호 (학익동, 현준솔로몬시티)",jksuh21@hanmail.net ,
131,박성룡,박성룡,朴成龍,1972.08.26,인천,사법시험 43회,법무법인 위민,032-525-4700 ,032-528-0759,"[21394] 인천 부평구 부평대로 6, 3층(부평동, 대신스카이프라자)",wimin@hanmail.net ,
130,장원철,장원철,張元喆,1972.10.09,인천,사법시험 43회,변호사장원철법률사무소,032-867-5577 ,032-867-5578,"[402-867] 인천 남구 소성로185번길 28,502호(학익동,명인빌딩)",je-96@hanmail.net ,
129,이창근,이창근,李昌根,1962.09.04,인천,사법시험 43회,변호사이창근법률사무소,032-876-1010 ,032-876-3080,[402-040] 인천 남구 학익동 240-47 (선정빌딩 401호),cklee0112@hanmail.net ,
128,박규철,박규철,朴奎喆,1970.04.28,인천,사법시험 43회,변호사박규철법률사무소,032-876-1010 ,032-876-3080,[402-040] 인천 남구 학익동 240-47 (선정빌딩 402호),walden02@empas.com ,
127,김영중,김영중,金英中,1960.03.28,인천,사법시험 43회,변호사김영중법률사무소,"032-861-1600,1 ",032-861-1602,[402-040] 인천 남구 학익동 240-1 (명인빌딩 502호),joyly0328@hanmail.net ,
126,정대출,정대출,鄭大出,1968.10.13,인천,사법시험 43회,법무법인 씨티즌,032-861-1600 ,032-861-1602,"[22221] 인천 남구 소성로185번길 28,102호,502호,503호,504호,505호(학익동,명인빌딩)",daechujeong@hanmail.net ,
125,김유명,김유명,金有明,1962.01.13,인천,사법시험 43회,변호사김유명법률사무소,032-874-1122 ,032-874-1239,[402-040] 인천 남구 학익동 244-20 (흥금빌딩 5층),ymfame@hanmail.net ,
124,차정환,차정환,車正煥,1969.10.08,인천,사법시험 42회,법무법인 명인,032-861-0002 ,032-861-0003,"[402-040] 인천 남구 학익동 240-1 (명인빌딩 101,203,204호)",cha2u@hanmail.net ,
123,김종건,김종건,金鍾建,1967.11.28,인천,사법시험 32회,법무법인 정,032-861-7000 ,032-861-7006,[402-040] 인천 남구 학익동 251-31 (로시스빌딩 503호),jgunkim@paran.com ,
122,전훈일,전훈일,全焄壹,1967.12.18,인천,사법시험 34회,변호사전훈일법률사무소,032-866-1218 ,032-866-1219,"[402-866] 인천 남구 학익소로 29,706호(학익동,석목법조빌딩)",hijeon118@naver.com ,
121,김미영,김미영,金美瑩,1975.12.28,인천,사법시험 42회,변호사김미영법률사무소,032-429-2366 ,032-429-2368,"[22134] 인천 남구 경원대로 873 (주안동, 인성빌딩) 202호",miyou94@hanmail.net ,
120,변태종,변태종,변泰種,1970.03.18,인천,사법시험 39회,변호사변태종법률사무소, ,,"[22221] 인천 남구 소성로 171 (학익동, 대흥평창로시스빌딩) 대흥동 207호",toogoodday@hanmail.net ,
119,강창문,강창문,姜昌文,1970.09.12,인천,사법시험 39회,변호사강창문법률사무소,032-865-5900 ,032-865-5905,[402-040] 인천 남구 학익동 25-12(석목법조빌딩801호),jus4all@naver.com ,
118,이정하,이정하,李政河,1974.01.11,인천,사법시험 39회,법무법인 승재,032-864-0300 ,032-865-0300,[402-040] 인천 남구 학익동 244-45(대환빌딩3층),rnj21c@law.kr ,
117,이등원,이등원,李騰遠,1958.01.05,인천,사법시험 23회,법무법인 명문,032-861-7880 ,,[402-042] 인천 남구 학익2동 240-1(명인빌딩 303호),dw548@hanmail.net ,
116,이근배,이근배,李根倍,1956.09.10,인천,사법시험 25회,변호사이근배법률사무소,032-861-5700 ,032-861-5701,[402-040] 인천 남구 학익동 240-1 (명인빌딩 602호),geunblee@hanmail.net ,
114,최근형,최근형,崔根亨,1966.11.30,인천,사법시험 34회,법무법인 성현,032-861-8686 ,032-861-8687,[402-040] 인천 남구 학익동 240-46(정동빌딩605호),jomira88@naver.com ,
113,민경술,민경술,閔庚戌,1970.01.01,인천,사법시험 42회,법무법인 명문,"861-7880,1 ",02-861-7758,[402-042] 인천 남구 학익2동 240-1 (명인빌딩 303호),ksmin0101@hanmail.net ,
112,노희정,노희정,魯憙貞,1970.08.18,인천,사법시험 42회,변호사노희정법률사무소,032-872-9850 ,032-872-9805,[402-040] 인천 남구 학익동 37-2 (청인빌딩 401호),nhjfree@hanmail.net ,
111,조준상,조준상,趙俊相,1971.07.20,인천,사법시험 42회,법무법인 황해,032-251-1000 ,032-251-4290,"[402-040] 인천 남구 학익동 20-11,12(반도빌딩 1-2층)",jsccjs@hanmail.net ,
110,이승석,이승석,李昇錫,1966.01.09,인천,사법시험 42회,변호사이승석법률사무소,032-864-4100~2 ,032-864-4104,[402-042] 인천 남구 학익2동 25-12 (석목법조타운 505호),lss4100@nate.com ,
109,신명호,신명호,申明鎬,1960.01.10,인천,사법시험 42회,법무법인 명인,032-861-3355 ,032-861-3356,[402-040] 인천 남구 학익동 240-1 (명인빌딩203호),mhshin9@hanmail.net ,
107,민경식,민경식,閔景植,1969.08.20,인천,사법시험 42회,변호사민경식법률사무소,032-865-3030 ,032-865-3085,[402-042] 인천 남구 학익2동 25-12(석목법조빌딩506호),mks0419@hanmail.net ,
106,배영철,배영철,裵永鐵,1968.12.16,인천,사법시험 42회,변호사배영철법률사무소,032-522-8610 ,032-522-8611,"[21394] 인천 부평구 부평대로 6 (부평동, 대신스카이프라자) 304호",byc88@hanmail.net ,
105,이경호,이경호,李暻虎,1969.09.12,인천,사법시험 42회,법무법인 두경,032-874-1285~6 ,032-874-1280~1,[402-040] 인천 남구 학익동 240-47(선정빌딩504호),kant451@naver.com ,
104,안홍길,안홍길,安洪吉,1967.04.10,인천,사법시험 37회,변호사안홍길법률사무소,032-861-8600 ,032-861-8601,[402-867] 인천 남구 학익1동 240-46 (정동빌딩201-3),anhkil@naver.com ,
103,박철원,박철원,朴哲遠,1956.09.10,인천,사법시험 32회,법무법인 대원,032-861-6500~3 ,032-861-6504,"[402-867] 인천 남구 소성로 153,6층(학익동,중앙빌딩)",wonpak0910@hanmail.net ,
102,이미화,이미화,李美花,1965.06.09,인천,사법시험 41회,변호사이미화법률사무소,032-872-1110 ,032-874-2343,[402-040] 인천 남구 학익동 240-46 (정동빌딩 607호),2law@naver.com ,
101,정지승,정지승,鄭址昇,1959.02.22,인천,사법시험 35회,변호사정지승법률사무소,032-861-5400 ,032-861-5401,[402-867] 인천 남구 학익동 244-24(현정법전타운 403호),giggle-suji@hanmail.net ,
100,김기원,김기원,金基元,1957.06.13,인천,사법시험 23회,법무법인 서창,032-861-0999 ,032-861-0998,[402-040] 인천 남구 학익동 240-1 (명인빌딩 702호),kkw-0613@hanmail.net ,
99,구자승,구자승,具滋承,1970.01.29,인천,사법시험 41회,법무법인 광해,032-873-4403 ,032-873-4404,[402-040] 인천 남구 학익동 244-40 (대승빌딩410호),mamdaero21@naver.com ,
98,장정언,장정언,張晶彦,1977.08.01,인천,사법시험 41회,변호사장정언법률사무소,032-861-0700 ,032-861-2602,[402-040] 인천 남구 학익동 240-46(정동빌딩606호),wilfl@naver.com ,
97,강용섭,강용섭,姜龍燮,1967.02.24,인천,사법시험 41회,변호사강용섭법률사무소,032-867-9686 ,032-867-9644,[402-040] 인천 남구 학익동 240-47 (선정빌딩 104호),myyong0224@hanmail.net ,
96,이규영,이규영,李珪寧,1971.07.10,인천,사법시험 41회,변호사이규영법률사무소,032-861-0700 ,032-861-2602,[402-040] 인천 남구 학익동 240-46(정동빌딩606호),littlebear@naver.com ,
95,권규,권규,權珪,1967.05.17,인천,사법시험 41회,변호사권 규법률사무소,032-866-5533 ,032-872-5100,[402-042] 인천 남구 학익2동 251-33 (로시스빌딩 501호),cyberlawq@nate.com ,
94,박흥준,박흥준,朴興俊,1969.10.01,인천,사법시험 41회,법무법인 명문,032-861-6300 ,032-861-7758,[402-042] 인천 남구 학익동 240-1 (명인빌딩 303호),parkjuni@naver.com ,
93,공호선,공호선,孔鎬善,1969.02.25,인천,사법시험 41회,변호사공호선법률사무소,032-861-0600-2 ,032-861-0604,[402-042] 인천 남구 학익2동 25-12 (석목빌딩 401호),hosun69@hanmail.net ,
92,김정화,김정화,金正花,1974.08.13,인천,사법시험 41회,법무법인 선,032-872-7300 ,032-872-7309,[402-040] 인천 남구 학익동 244-20 (흥금빌딩 2층),jjhong92@hanmail.net ,이혼 (2011-05-09)
89,권원현,권원현,權元鉉,1962.09.22,인천,사법시험 40회,법무법인 참,"032-867-1117,8 ",032-867-1161,"[402-867] 인천 남구 소성로 153,205호(학익동,중앙빌딩)",all00all@naver.com ,채권추심 (2015-03-30)
88,황용해,황용해,黃龍海,1959.06.03,인천,사법시험 32회,법무법인 서해,032-861-2106-9 ,032-861-2110,[402-867] 인천 남구 학익2동 269-20(인성빌딩 5층), ,
87,윤천준,윤천준,尹千埈,1964.04.10,인천,사법시험 40회,법무법인 한림,032-876-3535 ,032-876-3572,[402-040] 인천 남구 학익동 244-23(현정빌딩302호),yooncj11@hanmail.net ,
86,김한목,김한목,金漢穆,1966.01.30,인천,사법시험 40회,법무법인 율석,032-861-4455 ,032-861-4466,"[22221] 인천 남구 소성로 171,803호(학익동,로시스빌딩)",lucky177@hanmail.net ,도산 (2017-07-31)
85,이정주,이정주,李正周,1967.07.12,인천,사법시험 40회,변호사이정주법률사무소,032-861-3388 ,032-861-3390,[402-040] 인천 남구 학익동 240-38(육삼빌딩4층), ,
84,오진욱,오진욱,吳眞旭,1970.03.12,인천,사법시험 40회,법무법인 제승,032-746-2846 ,032-746-2849,"[21389] 인천 부평구 부평문화로 54, 3층 (부평동)",jwo@mrlaw.kr ,채권추심 (2014-12-29)
83,이현웅,이현웅,李賢雄,1970.07.04,인천,사법시험 40회,변호사이현웅법률사무소, ,,"[22221] 인천 남구 소성로 171, 101호 (학익동, 대흥평창로시스빌딩)",yilove704@hanmail.net ,
82,김기문,김기문,金基文,1964.03.11,인천,사법시험 32회,법무법인 정,032-861-7000-5 ,032-861-7006,[402-040] 인천 남구 학익동 251-31 (로시스빌딩 503호),kjky98@yahoo.co.kr ,
81,송민호,송민호,宋珉浩,1965.01.17,인천,사법시험 31회,변호사송민호법률사무소,032-862-0862 ,032-862-0864,[402-042] 인천 남구 학익2동 25-12(석목빌딩504호),fpcss117@naver.com ,
80,김준,김준,金埈,1966.12.10,인천,사법시험 32회,변호사김준법률사무소,032-221-2210-3 ,032-268-2680,[402-040] 인천 남구 학익2동 25-12(석목법조타운빌딩 609), ,
79,안관주,안관주,安冠柱,1963.06.27,인천,사법시험 39회,변호사안관주법률사무소,032-861-7300-1 ,032-861-7302,[402-040] 인천 남구 학익동 239-13(홍문빌딩 301호),agj-law@hanmail.net ,
78,남원상,남원상,南元相,1957.09.04,인천,사법시험 31회,변호사남원상법률사무소,032-861-6868 ,032-861-6262,[402-867] 인천 남구 학익2동 244-23(현정빌딩 5층),nwsnws@naver.com ,
77,유홍준,유홍준,兪弘濬,1966.07.02,인천,사법시험 34회,변호사유홍준법률사무소,032-861-3388 ,032-861-3390,[402-040] 인천 남구 학익동 240-38(육삼빌딩4층), ,
76,김성득,김성득,金成得,1953.11.05,인천,사법시험 22회,변호사김성득법률사무소,032-861-7202 ,032-861-7203,[402-040] 인천 남구 학익동 25-12 (석목법조빌딩 704호),sedukim@kornet.net ,
75,김충래,김충래,金忠來,1962.11.22,인천,군법무관임용시험 8회,변호사김충래법률사무소,032-861-3456 ,032-861-3458,"[402-867] 인천 남구 학익소로 66,703,704호(학익동,선정빌딩)",kcl5544@hanmail.net ,
74,김다섭,김다섭,金多燮,1961.06.15,인천,군법무관임용시험 8회,법무법인 민우,032-543-1115 ,032-544-1115,"[21079] 인천 계양구 장제로 708, 503호(작전동, 한샘프라자)",zedu4551@naver.com ,
73,고정길,고정길,高正吉,1965.04.08,인천,사법시험 38회,변호사고정길법률사무소, ,,"[22221] 인천 남구 소성로 171 (학익동, 대흥평창로시스빌딩) 201호",kjeonggil@hanmail.net ,
71,남궁평,남궁평,南宮평,1964.10.03,인천,사법시험 38회,변호사남궁평법률사무소,032-246-5000 ,032-246-5002,"[22134] 인천 남구 경원대로 875 (주안동, 대일빌딩) 302호",nkp-sm@hanmail.net ,가사법 (2012-01-26)
70,차균희,차균희,車均禧,1964.09.11,인천,사법시험 38회,변호사차균희법률사무소,032-861-4400 ,032-861-4401,[402-867] 인천 남구 학익동 244-1(청호빌딩 501호),hhavard2000@naver.com ,
69,성기남,성기남,成基男,1967.10.06,인천,사법시험 38회,변호사성기남법률사무소,032-872-9850 ,032-874-9851,"[22222] 인천 남구 학익소로63번길 8, 303호(학익동, 청인빌딩)",onelight@hanmail.net ,
68,황석광,황석광,黃錫光,1966.08.27,인천,사법시험 38회,변호사황석광법률사무소,032-861-6800 ,032-861-6803,[402-040] 인천 남구 학익동 240-46 (정동법조빌딩 403호),jamrin@hanmail.net ,
67,홍진수,홍진수,洪進秀,1967.10.12,인천,사법시험 38회,법무법인 씨티즌,032-863-2212 ,032-863-2214,"[22221] 인천 남구 소성로185번길 28,205호(학익동,명인빌딩)",hjinsu@naver.com ,
66,이종기,이종기,李鍾棊,1960.04.13,인천,사법시험 38회,변호사이종기법률사무소,032-861-3800~2 ,032-861-3803,[402-040] 인천 남구 학익동 252-9(중앙법조빌딩401호),ljk3828@hanmail.net ,
65,이상노,이상노,李桑魯,1969.03.27,인천,사법시험 34회,공증인가 주안합동,032-863-6687 ,032-866-8800,[402-040] 인천 남구 학익동 239-13(홍문빌딩 401호),leesangno60@naver.com ,
64,유병일,유병일,兪炳一,1959.02.21,인천,사법시험 29회,법무법인 헌암,032-252-1940 ,032-252-1945,[402-042] 인천 남구 학익2동 251-5 (대흥빌딩 405호),nhybi@hanmail.net ,
63,안귀옥,안귀옥,安貴玉,1958.02.23,인천,사법시험 36회,변호사안귀옥법률사무소,032-861-3300 ,032-861-3308,"[22221] 인천 남구 소성로 171 (학익동, 대흥평창로시스빌딩) 604호, 605호, 606호, 607호",lawyeran21@hanmail.net ,가사법 (2010-06-14)
62,나완수,나완수,羅完洙,1963.04.05,인천,사법시험 36회,변호사나완수법률사무소,032-861-0520 ,032-861-0523,"[21927] 인천 연수구 먼우금로 190 (연수동, 연수프라자) 708호",namose21@hanmail.net ,
61,안재현,안재현,安宰賢,1959.06.11,인천,사법시험 25회,"변호사 안재현,강성련 법률사무소",032-861-2000 ,032-861-2004,[402-867] 인천 남구 학익동 240-46(정동법조빌딩 704호),ajh9600@hanmail.net ,
60,황봉환,황봉환,黃鳳煥,1955.01.23,인천,사법시험 21회,법무법인 겨레,032-861-5200 ,032-861-5205,[402-867] 인천 남구 학익동 251-5(대흥법조빌딩 601호),bonghwan55@naver.com ,
59,황우여,황우여,黃祐呂,1947.08.03,인천,사법시험 10회,변호사황우여법률사무소,032-831-7100 ,032-831-0234,"[22006] 인천 연수구 센트럴로 263 (송도동, 송도국제업무단지 C8-2블럭 업무복합시설) IBS타워 11층",hwangwygrace@empal.com ,
58,천상현,천상현,千商鉉,1964.10.27,인천,사법시험 35회,법무법인 황해,032-251-1000 ,032-251-4290,[402-040] 인천 남구 학익동 20-11 (반도빌딩 1-2층),cshyun833@naver.com ,건설 (2018-04-30)
57,전택윤,전택윤,全澤胤,1962.03.21,인천,사법시험 35회,법무법인 황해,032-861-0020 ,032-861-0024,"[402-040] 인천 남구 학익동 20-11(반도빌딩1층,2층)",chunlaw@nate.com ,
56,최영진,최영진,崔永鎭,1962.01.21,인천,사법시험 25회,경인 법무법인,032-861-7400 ,032-861-7401,[402-042] 인천 남구 학익2동 25-12(석목법조빌딩 603호),yjchoi0121@gmail.com ,
55,황성규,황성규,黃聖圭,1964.02.05,인천,사법시험 26회,경인 법무법인,032-246-1900 ,032-246-1901,[402-040] 인천 남구 학익동 25-12(석목법조빌딩 606호),joseph-hsk@hanmail.net ,
54,이종엽,이종엽,李宗燁,1963.03.11,인천,사법시험 28회,법무법인 케이앤피,032-861-1400~3 ,032-861-1402,[402-040] 인천 남구 학익동 240-1(명인빌딩604호),jongyop1717@naver.com ,
53,이복중,이복중,李福重,1965.04.12,인천,사법시험 31회,변호사이복중법률사무소,032-861-6600-2 ,032-861-6603,[402-042] 인천 남구 학익2동 240-4(S빌딩 401호),lexlee3@daum.net ,
52,강성련,강성련,姜性鍊,1959.05.20,인천,사법시험 34회,"변호사 안재현,강성련 법률사무소",032-861-2000 ,032-861-2004,[402-867] 인천 남구 학익동 240-46(정동법조빌딩 704호),ankanglin@hanmail.net ,
51,권오용,권오용,權五鏞,1960.08.23,인천,사법시험 27회,변호사권오용법률사무소,032-861-9000 ,032-861-9009,[402-041] 인천 남구 학익동 240-46(정동법조빌딩 503호),okweon@jplaw.co.kr ,
50,남승희,남승희,南昇熙,1961.05.23,인천,사법시험 31회,법무법인 로시스,032-861-5511 ,032-861-5513,"[402-040] 인천 남구 학익동 251-33(로시스빌딩 지층, 2층, 3층, 8층)",lawsys1@gmail.com ,
49,김도균,김도균,金度均,1957.02.25,인천,사법시험 24회,변호사김도균법률사무소,032-861-3870-1 ,032-861-3872,[402-042] 인천 남구 학익2동 240-46(정동빌딩 805호),hye77960@naver.com ,
48,임판,임판,任判,1968.01.07,인천,사법시험 32회,법무법인 정,032-861-7000 ,032-861-7006,[402-042] 인천 남구 학익2동 251-31 (로시스빌딩 503호),fftk2002@hanmail.net ,
47,이병호,이병호,李炳浩,1963.01.09,인천,사법시험 32회,법무법인 해동,032-245-3300 ,032-245-3303,[402-040] 인천 남구 학익동 243(평창빌딩 301호),blee731@hanmail.net ,
46,이기정,이기정,李淇정,1964.12.21,인천,사법시험 32회,법무법인 우신,032-861-0456 ,032-861-0459,"[22221] 인천 남구 소성로 171 , 404호, 507호(학익동, 대흥법조빌딩)",lkj032@hanmail.net ,
45,최원식,최원식,崔元植,1963.03.08,인천,사법시험 28회,법무법인 로웰,032-213-7000 ,032-865-9955,"[22219] 인천 남구 소성로 159,3층(학익동,현준솔로몬시티)",cws7000@daum.net ,
44,안창권,안창권,安昌權,1963.01.21,인천,사법시험 28회,법무법인 해동,032-245-3400-2 ,032-245-3403,[402-040] 인천 남구 학익동 243 (평창빌딩 502호),lawan51@hanmail.net ,
42,박정수,박정수,朴正洙,1963.11.20,인천,사법시험 28회,변호사박정수법률사무소,032-876-3315 ,032-876-6015,[402-040] 인천 남구 학익동 243(평창빌딩 702호),jsp3510@hanmail.net ,
41,정지열,정지열,鄭址烈,1956.09.26,인천,사법시험 31회,변호사정지열법률사무소,032-861-7911-2 ,032-861-7913,[402-040] 인천 남구 학익동 252-6 (학일빌딩 5층),lawjjy@hanmail.net ,
40,양장환,양장환,梁長桓,1962.09.12,인천,사법시험 28회,법무법인 이일,032-527-8383 ,032-527-8382,"[21393] 인천 부평구 부평대로 42,201호(부평동,영창빌딩)",yangh62@hanmail.net ,
39,서영섭,서영섭,徐榮燮,1962.02.08,인천,사법시험 28회,변호사서영섭법률사무소,032-872-2399 ,032-872-2799,"[22221] 인천 남구 소성로163번길 36 (학익동, 흥금빌딩) 4층",youngsp7717@hanmail.net ,
38,임대규,임대규,林大奎,1955.12.12,인천,사법시험 22회,법무법인 해동,032-245-6600 ,032-245-6006,[402-040] 인천 남구 학익동 243(평창빌딩202호),suchway@nate.com ,
36,황찬욱,황찬욱,黃燦旭,1961.08.15,인천,사법시험 27회,공증인가 주안합동,032-861-4477 ,032-861-4478,[402-865] 인천 남구 학익동 239-13(홍문빌딩 6층),chanukee@hanmail.net ,
35,김문종,김문종,金汶鍾,1960.09.04,인천,사법시험 27회,변호사김문종법률사무소,032-876-2466 ,032-876-2469,[402-040] 인천 남구 학익동 244-40 (대승빌딩 406호),0118942466@korea.com ,
34,김귀복,김귀복,金貴福,1953.08.23,인천,사법시험 30회,변호사김귀복법률사무소,032-873-8800 ,032-873-1723,[402-040] 인천 남구 학익동 243(평창빌딩 602호),acelaw119@hanmail.net ,
33,최영식,최영식,崔永植,1953.05.18,인천,사법시험 23회,법무법인 새얼,032-861-1161 ,032-861-1164,[402-042] 인천 남구 학익2동 240-47(선정빌딩601호),todjf11@naver.com ,
32,김영환,김영환,金永煥,1954.01.10,인천,군법무관임용시험 3회,법무법인 새얼,032-282-5005 ,032-282-5008,[402-042] 인천 남구 학익동 240-47(선정빌딩 501),lawkimyh@hanmail.net ,
31,이덕모,이덕모,李德模,1953.03.16,인천,사법시험 23회,경인 법무법인,032-861-7100 ,032-861-7101,[402-042] 인천 남구 학익2동 25-12(석목법조빌딩 601호),dukmolee@hanmail.net ,
30,이중재,이중재,李重宰,1963.05.19,인천,사법시험 26회,변호사이중재법률사무소,032-861-9000 ,032-861-9009,"[22221] 인천 남구 학익소로 62 (학익동, 정동빌딩) 505호",jjl519@hanmail.net ,
29,이국성,이국성,李國成,1961.07.06,인천,사법시험 26회,변호사이국성법률사무소,032-861-1101~2 ,032-861-1103,[402-042] 인천 남구 학익2동 244-23(현정빌딩5층),krlawman1199@naver.com ,
28,최재호,최재호,崔在鎬,1958.08.24,인천,사법시험 29회,법무법인 겨레,032-861-3700 ,032-861-3702,"[22221] 인천 남구 소성로 171,701호(학익동,로시스빌딩)",lacjh7@korea.com ,
27,박순호,박순호,朴淳鎬,1959.01.02,인천,사법시험 26회,변호사박순호법률사무소,032-875-9200-1 ,032-875-9202,[402-042] 인천 남구 학익2동 240-4(S빌딩 201호),psh3914@hanmail.net ,
26,고정섭,고정섭,高正燮,1959.12.09,인천,사법시험 28회,변호사고정섭법률사무소,032-861-0071 ,032-861-0074,[402-040] 인천 남구 학익동 240-46(정동빌딩 406호),kjs2267@hanmail.net ,
25,문병호,문병호,文炳浩,1959.12.27,인천,사법시험 28회,법무법인 위민,032-525-4700 ,032-528-0759,"[21394] 인천 부평구 부평대로 6 (부평동, 대신스카이프라자) 3층",moon3055@hanmail.net ,
24,오성계,오성계,吳成桂,1949.04.28,인천,사법시험 28회,변호사오성계법률사무소,032-326-6901 ,--,"[22133] 인천 남구 주안로 151 (주안동, 우진빌딩) 2층",js-sky153@hanmail.net ,
23,권대열,권대열,權大烈,1951.07.23,인천,사법시험 17회,청안 공동법률사무소,032-861-0400 ,032-860-0402,"[22224] 인천 남구 소성로 166-1, 4층 (학익동, 학익빌딩)",kty0535@hanmail.net ,
22,최용규,최용규,崔龍圭,1956.03.10,인천,사법시험 27회,변호사최용규법률사무소,032-861-2345 ,032-861-2347,[402-042] 인천 남구 학익2동 244-23 (현정빌딩 502호),lawyk2002@empas.com ,
21,손기선,손기선,孫基宣,1952.07.17,인천,사법시험 27회,공증인가 주안합동,"032-861-1212,1214 ",032-861-1213,[402-040] 인천 남구 학익동 239-13 (홍문빌딩 6층),sgs717@hanmail.net ,
20,박현수,박현수,朴鉉洙,1954.05.09,인천,사법시험 26회,변호사박현수법률사무소,032-861-7777 ,032-861-8889,[402-867] 인천 남구 학익동 240-4(S빌딩 5층),solomon-phs@hanmail.net ,
19,최명호,최명호,崔明鎬,1960.10.05,인천,사법시험 26회,변호사최명호법률사무소,032-815-7000 ,032-867-4100,"[22221] 인천 남구 소성로 193-14,(학익동)",8157000@naver.com ,
18,황세현,황세현,黃世炫,1957.06.18,인천,사법시험 25회,변호사황세현법률사무소,032-861-7723 ,032-861-7724,[402-040] 인천 남구 학익동 252-8(다송빌딩 2층),king-lawyer@hanmail.net ,
17,황기환,황기환,黃基煥,1953.11.04,인천,사법시험 24회,법무법인 서해,032-861-2101~4 ,032-861-2105,[402-042] 인천 남구 학익2동 269-20(인성빌딩 4층),seohai90@hanmail.net ,
16,진영광,진영광,陳英光,1955.06.06,인천,사법시험 24회,법무법인 우리법률,032-529-2131 ,032-529-2134,[403-014] 인천 부평구 부평4동 373-26 (추인타워 301호),jinslaw@hanmail.net ,행정법 (2015-04-20);가사법 (2015-04-20)
15,진중한,진중한,陳中漢,1958.02.11,인천,사법시험 24회,법무법인 둘로스,032-861-5555 ,032-861-5559,[402-040] 인천 남구 학익동 272-5 (현준솔로몬시티 603호),sunny2323@nate.com ,
14,김정섭,김정섭,金廷燮,1949.05.20,인천,군법무관임용시험 2회,변호사김정섭법률사무소,032-861-0099 ,032-861-0095,"[402-867] 인천 남구 소성로 153,401호(학익동,중앙빌딩)",jskimlaw@hanmail.net ,
13,이기문,이기문,李基文,1953.03.30,인천,사법시험 24회,변호사이기문법률사무소,032-861-6400-2 ,032-861-6403,[402-040] 인천 남구 학익동 251-3 (대흥빌딩 506호),2kimoon@hanmail.net ,
11,윤형모,윤형모,尹亨模,1958.03.31,인천,사법시험 23회,변호사윤형모법률사무소,032-816-7600 ,032-816-7601,[406-840] 인천 연수구 송도동 3-2(드림시티404호),meinheit@empal.com ,
10,조한중,조한중,趙漢重,1957.10.28,인천,사법시험 22회,법무법인(유한) 한길,032-861-0296~8 ,032-861-0301,[402-867] 인천 남구 학익2동 244-23(현정빌딩 5층),a0105@naver.com ,
9,김승묵,김승묵,金勝默,1944.04.13,인천,사법시험 11회,법무법인 우리법률,032-529-2131 ,032-529-2134,[403-820] 인천 부평구 부평4동 373-26(추인타워301호),sm2111@hanmail.net ,
7,안철규,안철규,安喆珪,1948.02.15,인천,사법시험 20회,변호사안철규법률사무소,032)247-0001 ,032-247-0011,[402-040] 인천 남구 학익동 251-5(대흥빌딩 504호),an1150@hanmail.net ,
6,김억규,김억규,金億圭,1935.01.22,인천,고등고시 8회,법무법인 케이앤피,032-864-8300 ,032-864-8301,"[406-840] 인천 연수구 인천타워대로 323,B동2901호(쏭도동,송도센트로드)", ,
5,이탁규,이탁규,李卓圭,1943.03.15,인천,군법무관임용시험 1회,변호사이탁규법률사무소,032-420-­0165 ,032-420­-0167,[402-206] 인천 남구 주안6동 989-1(르네상스빌딩1004호),rhikyu315@naver.com ,
4,최락구,최락구,崔洛九,1933.05.30,인천,고등고시 9회,변호사최락구법률사무소,032-221-1056 ,032-875-9222,[402-040] 인천 남구 학익동 25-12(석목빌딩405호),jinslaw@hanmail.net ,
3,김원제,김원제,金元濟,1935.11.17,인천,사법시험 8회,법무법인 로웰,032-865-0500 ,032-865-9955,"[402-867] 인천 남구 소성로 159,3층(학익동,현준솔로몬빌딩)",tweisan22@naver.com ,
