번호,이름(목록),이름(상세),이름(한자),생년월일,소속회,자격시험,사무소명,사무실전화,사무실팩스,사무실주소,이메일,전문분야
295,김기훈,김기훈,金起勳,1988.05.09,전북,변호사시험 6회,변호사김기훈법률사무소,063-251-8666 ,063-251-8665,"[54893] 전북 전주시 덕진구 사평로 24 (덕진동1가, 대동빌딩) 403호",kimgeahoon@naver.com ,
294,윤희준,윤희준,尹熙畯,1984.01.13,전북,변호사시험 6회,법무법인 대언,063-272-0700 ,063-276-3838,"[54889] 전북 전주시 덕진구 사평로 11 (덕진동1가, 반석빌딩) 2층",yoonhj4897@naver.com ,
293,유승린,유승린,劉昇麟,1985.05.26,전북,변호사시험 6회,법무법인 드림,063-251-8010 ,063-251-8011,[54893] 전북 전주시 덕진구 들사평서로 32 (덕진동1가) 2층,bitress@naver.com ,
292,윤형주,윤형주,尹炯柱,1984.12.06,전북,변호사시험 6회,변호사윤형주법률사무소,063-452-7722 ,063-452-7725,"[54079] 전북 군산시 검다메1길 64 (조촌동, 영창빌딩) 203호",yhj8412@hanmail.net ,
291,김수현,김수현,金秀顯,1987.03.07,전북,변호사시험 6회,법무법인 드림,063-251-8010 ,063-251-8011,[54893] 전북 전주시 덕진구 들사평서로 32 (덕진동1가) 2층,abcd98789@daum.net ,
290,박은실,박은실,朴銀實,1982.12.15,전북,변호사시험 6회,변호사박은실법률사무소,063-252-9992 ,063-252-9994,[54893] 전북 전주시 덕진구 사평로 34 (덕진동1가) ,peslaw@daum.net ,
289,서자영,서자영,徐慈英,1979.12.26,전북,변호사시험 6회,변호사서자영법률사무소,063-251-6261 ,063-252-6261,"[54893] 전북 전주시 덕진구 사평로 38 (덕진동1가, 배철신경정신과의원) 성산빌딩 5층",law40@naver.com ,
288,최민종,최민종,崔珉種,1986.07.01,전북,변호사시험 3회,변호사최민종법률사무소,063-251-8688 ,050-4849-8688,[54893] 전북 전주시 덕진구 들사평3길 8-1 (덕진동1가) 1층,rndsjohn@naver.com ,
287,박대원,박대원,朴大源,1988.12.13,전북,변호사시험 6회,법무법인 금양,063-229-2738 ,063-229-2739,"[54966] 전북 전주시 완산구 홍산남로 29-11 (효자동2가, 경복궁빌딩) 6층",duawn108@hanmail.net ,
286,박현희,박현희,朴賢熙,1987.04.14,전북,변호사시험 6회,법무법인 수인,063-837-3800 ,063-837-3802,"[570-040] 전북 익산시 주현로 42 ,2층,3층(주현동,상가)",asica117@naver.com ,
285,임태현,임태현,林兌玹,1972.09.09,전북,변호사시험 6회,법무법인 건, ,,[54407] 전북 김제시 화동길 110 (신풍동),tang_pyeong@naver.com ,
284,최경율,최경율,崔徑凓,1984.10.30,전북,변호사시험 6회,변호사최경율법률사무소,063-273-2016 ,063-273-2017,"[54893] 전북 전주시 덕진구 사평로 28 (덕진동1가, JURIST빌딩) 1층&3층",punch84@hanmail.net ,
283,김경희,김경희,金京姬,1984.09.29,전북,변호사시험 6회,법무법인 연,063-278-8686 ,063-278-8687,"[54893] 전북 전주시 덕진구 사평로 66 (덕진동1가, KT북전주지사) 신관1층&5층",moa3535@gmail.com ,
282,장재억,장재억,張在億,1978.01.08,전북,변호사시험 6회,법무법인 최상,063-904-3300 ,063-904-3304,"[54966] 전북 전주시 완산구 홍산로 275 , 503호(효자동2가, 춘광빌딩)",01692991328@naver.com ,
281,채양석,채양석,蔡洋錫,1982.06.19,전북,변호사시험 6회,변호사채양석법률사무소, ,032-503-3814,[54816] 전북 전주시 덕진구 용흥길 4 ,chaeyangseok@hanmail.net ,
280,김은경,김은경,金恩經,1979.12.29,전북,변호사시험 6회,법무법인 온고을,063-253-3750 ,063-253-3263,"[54893] 전북 전주시 덕진구 사평로 32 (덕진동1가, 동승빌딩) 403호",justice_1@nate.com ,
279,김미경,김미경,金美熲,1988.06.03,전북,변호사시험 5회,법무법인 대언,063-272-0700 ,063-276-3838,"[54889] 전북 전주시 덕진구 사평로 11 (덕진동1가, 반석빌딩) 2층",alrud60035@naver.com ,
277,백호영,백호영,白湖泳,1985.01.29,전북,변호사시험 5회,법무법인 금양,063-229-2738 ,063-229-2739,[54966] 전북 전주시 완산구 홍산남로 29-11 (효자동2가) 경복궁빌딩 6층,wsobo@nate.com ,
276,주우리,주우리,朱우리,1990.02.06,전북,변호사시험 5회,법무법인 금양,063-229-2738 ,063-229-2739,"[54966] 전북 전주시 완산구 홍산남로 29-11 , 6층(효자동2가, 경복궁빌딩)",wetogether26@naver.com ,
275,정명숙,정명숙,鄭明淑,1971.01.13,전북,변호사시험 3회,변호사정명숙법률사무소,063-855-5570 ,063-855-5580,[54593] 전북 익산시 익산대로 162 (중앙동1가) 4층,malojung@naver.com ,
273,장웅주,장웅주,張雄柱,1986.12.01,전북,변호사시험 2회,변호사장웅주법률사무소,063-451-9966 ,063-451-9967,[54079] 전북 군산시 검다메1길 42 (조촌동) 2층,rexlaw@naver.com ,
272,최정필,최정필,崔程弼,1990.02.11,전북,변호사시험 2회,법무법인 다지원,063-625-7050 ,063-625-7060,[55771] 전북 남원시 용성로 62 (죽항동) 3층,JPReonel@gmail.com ,
271,이한명,이한명,李漢明,1981.02.13,전북,변호사시험 5회,법무법인 더쌤,063-251-8600 ,063-251-5003,[561-191] 전북 전주시 덕진구 덕진동1가 1407-9 대동빌딩 302호,leehan3737@naver.com ,
270,허윤영,허윤영,許允榮,1987.01.27,전북,변호사시험 5회,법무법인 행복한,063-278-4434 ,063-278-7731,[54893] 전북 전주시 덕진구 사평로 2 (덕진동1가) 2층,yyismvp@gmail.com ,
269,김현민,김현민,金賢民,1984.07.16,전북,변호사시험 5회,법무법인 모악,063-564-1801 ,063-564-1802,"[585-801] 전북 고창군 고창읍 중앙로 281,2층(교촌리,백산빌딩)",hmkim@moaklaw.com ,
268,김한빛,김한빛,金한빛,1986.05.07,전북,변호사시험 5회,법률사무소 좋은,063-273-2016 ,063-273-2017,"[54893] 전북 전주시 덕진구 사평로 28,1층 (덕진동1가)",kimhanvit7@hanmail.net ,
267,김백민,김백민,金伯慜,1980.11.29,전북,변호사시험 5회,법무법인 제일,063-273-0033 ,063-273-6060,[54889] 전북 전주시 덕진구 사평로 11 (덕진동1가) 반석빌딩 4층,mini100s@hanmail.net ,
266,허민우,허민우,許民友,1980.06.12,전북,변호사시험 5회,변호사허민우법률사무소,063-542-7188 ,063-542-7189,[54394] 전북 김제시 동서로 244 (요촌동) 2층,huhminwoo@naver.com ,
265,이명은,이명은,李明恩,1988.10.09,전북,변호사시험 5회,법무법인 금양,063-229-2738 ,063-229-2739,[54966] 전북 전주시 완산구 홍산남로 29-11 (효자동2가) 경복궁빌딩 6층,myeongeun.lee@hanmail.net ,
264,송경한,송경한,宋暻漢,1987.08.14,전북,변호사시험 5회,변호사송경한법률사무소,063-903-0090 ,063-903-0334,[54946] 전북 전주시 완산구 여울로 35 (서신동) 6층,politance@gmail.com ,
263,나승주,나승주,羅承柱,1988.12.05,전북,변호사시험 5회,변호사나승주법률사무소,063-904-3300 ,063-904-3304,"[54966] 전북 전주시 완산구 홍산로 275 , 503호(효자동2가, 춘광빌딩)",nsjloveha@hanmail.net ,
262,최대일,최대일,崔大日,1977.12.03,전북,변호사시험 5회,법무법인 백제,063-275-7070 ,271-6060,"[561-811] 전북 전주시 덕진구 덕진동1가 1433-6(백제빌딩2,3층)",yidy0127@hanmail.net ,
261,최창용,최창용,崔昶榕,1973.01.05,전북,변호사시험 5회,법률사무소 좋은,063-273-2016 ,063-273-2017,"[54893] 전북 전주시 덕진구 사평로 28,1층 (덕진동1가)",hvnsdoor@hanmail.net ,
260,두세훈,두세훈,杜世勳,1976.06.25,전북,변호사시험 5회,변호사두세훈법률사무소,063-263-2084 ,063-263-2085,"[55326] 전북 완주군 봉동읍 봉동로 140 (장기리, 봉상신협) 3층",mrdoo007@hanmail.net ,
259,임지연,임지연,林池蓮,1981.03.01,전북,변호사시험 5회,법무법인 수인,063-910-3899 ,063-911-3811,"[54079] 전북 군산시 검다메1길 64 , 101호(조춘동)",yano-@hanmail.net ,
258,박주교,박주교,朴柱敎,1985.09.19,전북,변호사시험 3회,법무법인 더쌤,063-251-8600 ,063-251-5003,[561-191] 전북 전주시 덕진구 덕진동1가 1407-9 대동빌딩 302호,jukyo007@naver.com ,
257,최정원,최정원,崔丁元,1983.04.29,전북,변호사시험 5회,변호사최정원법률사무소,063-451-9966 ,063-451-9967,[54079] 전북 군산시 검다메1길 42 (조촌동) 2층,tough2135@gmail.com ,
256,오동현,오동현,吳東鉉,1984.09.15,전북,변호사시험 5회,법무법인 온고을,063-253-3750 ,063-253-3263,[54893] 전북 전주시 덕진구 사평로 32 (덕진동1가) 동승빌딩 403호,artomelf@naver.com ,
255,류호문,류호문,柳浩文,1988.05.14,전북,변호사시험 5회,법무법인 호림,063-251-9269 ,063-278-9217,"[54888] 전북 전주시 덕진구 사평로 43,2층(덕진동1가,통일빌딩)",ryuhomoonlaw@daum.net ,
254,장정길,장정길,張正吉,1983.07.02,전북,변호사시험 5회,법무법인 세상,063-275-2766 ,063-274-1322,"[54893] 전북 전주시 덕진구 사평로 24, 3층 303호 (덕진동1가,대동빌딩)",kkam-kkam@nate.com ,
253,방극성,방극성,房極星,1955.10.16,전북,사법시험 22회,변호사방극성법률사무소,0632762500 ,0632762501,[54893] 전북 전주시 덕진구 사평로 24 (덕진동1가) 203호,ksb2619@naver.com ,
251,한지영,한지영,韓芝瑛,1987.03.14,전북,변호사시험 3회,법무법인 백제,063-275-7070 ,271-6060,"[561-811] 전북 전주시 덕진구 덕진동1가 1433-6(백제빌딩2,3층)",llhanji@naver.com ,
250,서보람,서보람,徐寶濫,1986.11.10,전북,사법시험 55회,변호사서보람법률사무소,063-905-8220 ,063-905-8222,"[54893] 전북 전주시 덕진구 들사평2길 30, 상가2층(덕진동1가) ",boram_seo@naver.com ,
249,권오승,권오승,權五承,1983.02.03,전북,사법시험 49회,법무법인 연,063-278-8686 ,063-278-8687,"[561-810] 전북 전주시 덕진구 사평로66,5층 (덕진동1가,KT북전주지사 신관)",kwonos1858@gmail.com ,
248,강미,강미,姜媄,1986.02.24,전북,변호사시험 4회,법무법인 청송,063-278-7300 ,063-278-7302,"[561-811] 전북 전주시 덕진구 사평로32 ,503호(덕진동1가,동승빌딩)",kmtwife@naver.com ,
247,김경선,김경선,金炅宣,1977.12.01,전북,변호사시험 4회,변호사김경선법률사무소,063-221-0215 ,063-228-0214,[54866] 전북 전주시 덕진구 출판로 90 (장동) 장동우체국 2층,jinriroks@hanmail.net ,
246,나득주,나득주,羅得柱,1986.07.16,전북,변호사시험 4회,변호사나득주법률사무소,063-251-8600 ,063-251-5003,[561-191] 전북 전주시 덕진구 덕진동1가 1407-9 대동빌딩 302호,ra0716@naver.com ,
245,김용빈,김용빈,金容彬,1983.08.19,전북,변호사시험 3회,변호사김용빈법률사무소,063-903-0090 ,063-903-0334,"[54946] 전북 전주시 완산구 여울로 35 (서신동, 노랑빌딩) 6층",lawhanseo@naver.com ,
244,박상현,박상현,朴相炫,1981.06.20,전북,변호사시험 4회,변호사박상현법률사무소,063-452-3200 ,063-452-3201,[54079] 전북 군산시 검다메1길 37 (조촌동) 2층,psh_law@daum.net ,
243,강에스더,강에스더,姜에스더,1988.09.09,전북,변호사시험 4회,법무법인 연,063-278-8686 ,063-278-8687,"[54893] 전북 전주시 덕진구 사평로 66, 1층,5층 (덕진동1가, KT북전주지사신관)",kangesd@hanmail.net ,
242,강원표,강원표,姜源表,1986.11.25,전북,변호사시험 4회,변호사강원표법률사무소,063-223-0060 ,063-223-6004,"[55049] 전북 전주시 완산구 서원로 296 , 2층(중화산동2가)",wonpyo3@hanmail.net ,
241,정우진,정우진,鄭遇鎭,1986.02.20,전북,변호사시험 4회,법무법인 온고을,063-253-3750 ,063-253-3263,[561-191] 전북 전주시 덕진구 덕진동1가 1407-1(동승빌딩 403호),snoopyjwj@nate.com ,
240,임동권,임동권,任東權,1974.09.08,전북,변호사시험 4회,변호사임동권법률사무소,063-223-0060 ,063-223-6004,"[55049] 전북 전주시 완산구 서원로 296 , 2층(중화산동2가)",enrichyou@naver.com ,
239,홍호성,홍호성,洪豪成,1972.07.20,전북,변호사시험 4회,변호사홍호성법률사무소,063-633-4242 ,063-631-3214,[55761] 전북 남원시 향단로 88(동충동),sac97236@hanmail.net ,
238,강주원,강주원,姜胄元,1979.02.13,전북,변호사시험 4회,법무법인 대언,063-272-0700 ,063-276-3838,"[561-811] 전북 전주시 덕진구 사평로11 ,2층(덕진동1가,반석빌딩)",ttlttu@hanmail.net ,
237,최성태,최성태,崔成泰,1978.11.02,전북,변호사시험 4회,변호사최성태법률사무소,063-230-6830 ,000-000-0000,"[55005] 전북 전주시 완산구 기린대로 232 (서노송동, 전주농협) ",choist78@naver.com ,
236,주영균,주영균,朱英均,1985.10.13,전북,사법시험 54회,법무법인 호민,063-625-3336 ,063-635-3335,"[55751] 전북 남원시 시청로 49 , 4층(향교동, 형제빌딩)",redju09@gmail.com ,
235,강신무,강신무,姜信武,1985.12.15,전북,변호사시험 4회,변호사강신무법률사무소,063-251-3454 ,063-252-3454,"[54891] 전북 전주시 덕진구 가련산로 5, 1동 502호(덕진동2가)",polargomd@naver.com ,
234,정몽구,정몽구,鄭夢九,1977.04.14,전북,사법시험 46회,변호사정몽구법률사무소,063-625-3399 ,063-625-1399,[590-987] 전북 남원시 용성로 60-3(죽항동),mongkoo77@hanmail.net ,
232,박계성,박계성,朴桂成,1982.12.30,전북,변호사시험 4회,법무법인 최상,063-903-3600 ,063-837-5999,"[54598] 전북 익산시 서동로 89,4층(마동,연화빌딩)",metapiao@naver.com ,
231,고종윤,고종윤,高鍾允,1980.02.10,전북,변호사시험 4회,변호사고종윤법률사무소,063-535-7779 ,063-536-2400,[56172] 전북 정읍시 수성6로 28 (수성동) 2층,kojongyun@hanmail.net ,
230,이영주,이영주,李永柱,1981.10.15,전북,변호사시험 4회,변호사이영주법률사무소,063-854-0050 ,063-854-0051,"[54600] 전북 익산시 주현로 57, 2층(주현동)",yyj8668@naver.com ,
229,김윤영,김윤영,金潤泳,1969.04.02,전북,사법시험 42회,법무법인 건,063-225-3663 ,063-225-6996,"[54969] 전북 전주시 완산구 홍산남로 53 (효자동3가, 창덕궁빌딩) 5층",kyyoung3@daum.net ,
228,박지원,박지원,朴芝源,1987.07.28,전북,사법시험 51회,법무법인 다지원,063-276-5900 ,063-276-5901,"[54893] 전북 전주시 덕진구 사평로 38 , 2층(덕진동, 성산빌딩)",parkpiao@hanmail.net ,
227,이지선,이지선,李志善,1977.01.29,전북,변호사시험 3회,변호사이지선법률사무소,063-905-1001 ,063-274-3467,"[54889] 전북 전주시 덕진구 가리내로 204, 3층 15호(덕진동2가, 명성강변아파트상가)",anyess27@naver.com ,
226,김수현,김수현,金秀泫,1985.03.31,전북,변호사시험 3회,법무법인 다지원,063-276-5900 ,063-276-5901,"[54893] 전북 전주시 덕진구 사평로 38 , 2층(덕진동, 성산빌딩)",polaris313@naver.com ,
224,나영주,나영주,羅永注,1982.04.29,전북,변호사시험 3회,법률사무소 신세계, ,,"[561-811] 전북 전주시 덕진구 사평로 38,5층(덕진동1가)",keichi82@naver.com ,
223,최웅,최웅,崔雄,1981.02.25,전북,변호사시험 3회,변호사최웅법률사무소,063-452-0106 ,063-452-0107,"[573-885] 전북 군산시 법원로 67,1층(조촌동)",darz@naver.com ,
221,김진,김진,金眞,1983.03.15,전북,변호사시험 3회,변호사김진법률사무소,063-714-2881 ,063-714-2991,[54966] 전북 전주시 완산구 홍산로 253 (효자동2가) 제1동 402호,jinlaw315@gmail.com ,
219,최덕문,최덕문,崔德文,1982.02.03,전북,변호사시험 3회,변호사최덕문법률사무소,063-841-0101 ,063-854-0101,"[54659] 전북 익산시 선화로 88 (모현동1가, 강남빌딩) 3층",duckmoon23@naver.com ,
217,강성원,강성원,姜成遠,1983.02.25,전북,사법시험 53회,변호사강성원법률사무소,063-237-2677 ,063-237-2678,"[54969] 전북 전주시 완산구 홍산중앙로 27 (효자동3가, 백악빌딩) 3층 303호",revlon21@naver.com ,
213,김지윤,김지윤,金智潤,1988.05.24,전북,변호사시험 3회,법무법인 다지원,063-276-5900 ,063-276-5901,"[54893] 전북 전주시 덕진구 사평로 38 (덕진동1가, 성산빌딩) 2층",kimjiyun@hanmail.net ,
212,박기봉,박기봉,朴淇琫,1979.08.01,전북,사법시험 53회,변호사박기봉법률사무소,063-274-5757 ,063-271-5757,[54888] 전북 전주시 덕진구 사평로 69 (덕진동1가) 1층 101호,lawman10@hanmail.net ,
210,이춘효,이춘효,李春孝,1982.04.12,전북,사법시험 53회,법무법인 바름,063-274-3232 ,063-274-3233,"[561-811] 전북 전주시 덕진구 사평로32 ,501호,502호(덕진동1가,동승빌딩)",gbwme@hanmail.net ,
209,이덕춘,이덕춘,李德賰,1975.12.19,전북,변호사시험 3회,변호사이덕춘법률사무소,063-903-0090 ,063-903-0334,"[54946] 전북 전주시 완산구 여울로 35 (서신동, 노랑빌딩) 6층",pletitbe@hanmail.net ,
208,문승현,문승현,文昇鉉,,전북,변호사시험 3회,변호사문승현법률사무소,063-271-8286 ,063-271-8287,[54956] 전북 전주시 완산구 서곡5길 15 (효자동3가) 4층, ,
206,홍의진,홍의진,洪義珍,,전북,,변호사홍의진법률사무소,063-905-8220 ,063-905-8222,"[54893] 전북 전주시 덕진구 들사평2길 30,2층(덕진동1가),전주지방법원 국선전담변호사 사무실",uijin.hong@gmail.com ,
205,조근원,조근원,曺根源,1979.10.14,전북,변호사시험 3회,변호사조근원법률사무소,063-241-2260 ,063-241-2270,[55018] 전북 전주시 덕진구 건산로 252 (인후동1가) 2층,bluesky150@hanmail.net ,
204,박병건,박병건,朴炳建,1986.01.27,전북,변호사시험 3회,법률사무소 신세계,063-251-6261 ,063-252-6261,"[54893] 전북 전주시 덕진구 사평로 38 (덕진동1가, 배철신경정신과의원) 성산빌딩 5층",m2m-bsb@hanmail.net ,
203,이세나,이세나,李세娜,1981.05.04,전북,사법시험 53회,변호사이세나법률사무소,063-452-5700 ,063-452-5701,"[573-885] 전북 군산시 법원로 65,2층201호(조촌동,정문빌딩)",three54@hanmail.net ,
201,김민석,김민석,金民錫,1978.03.14,전북,변호사시험 1회,변호사김민석법률사무소,063-255-3467 ,063-274-3467,"[54889] 전북 전주시 덕진구 가리내로 204 , 3층 15호(덕진동2가, 명성강변아파트상가)",gskimminseok@gmail.com ,
200,김종춘,김종춘,金鍾春,1968.02.07,전북,사법시험 33회,법무법인 금양,063-229-2738 ,063-229-2739,"[560-800] 전북 전주시 완산구 홍산남로 29-11,6층(효자동2가,경복궁빌딩)",kjchun27@naver.com ,도산 (2016-03-07)
199,육현창,육현창,陸炫昌,1973.11.11,전북,사법시험 53회,법무법인(유한) 정송,063-277-1134 ,063-275-1134,[54889] 전북 전주시 덕진구 사평로 13 (덕진동1가) ,shauoo@hanmail.net ,
198,김유신,김유신,金庾信,1976.01.01,전북,사법시험 53회,변호사김유신법률사무소,063-544-9101~2 ,063-544-9203,"[576-803] 전북 김제시 중앙로 280,2층(신풍동)",yskim7608@naver.com ,
197,김재희,김재희,金宰熙,1979.09.05,전북,사법시험 53회,변호사김재희법률사무소,063-713-5183 ,063-900-3281,"[54870] 전북 전주시 덕진구 기지로 180 (만성동, 국민연금공단) 8층 기획조정실 법무지원부",youaregood2@naver.com ,
196,홍민호,홍민호,洪民昊,1985.07.08,전북,변호사시험 2회,변호사홍민호법률사무소,063-903-0090 ,063-903-0334,[54946] 전북 전주시 완산구 여울로 35 (서신동) 노랑빌딩 6층,hong1073@naver.com ,
195,우아롬,우아롬,禹아롬,1983.10.25,전북,변호사시험 2회,변호사우아롬법률사무소,063-276-2500 ,063-276-2501,[54893] 전북 전주시 덕진구 사평로 24 (덕진동1가) 대동빌딩 203호,2000arom@hanmail.net ,
194,박사무엘,박사무엘,朴사무엘,1984.01.13,전북,변호사시험 2회,변호사박사무엘법률사무소,063-451-7725 ,063-451-7726,[54079] 전북 군산시 검다메1길 29 (조촌동) ,ichliebeihr@korea.com ,
193,정아영,정아영,鄭雅英,1976.10.04,전북,변호사시험 2회,변호사정아영법률사무소,063-902-4926 ,063-277-4926,"[54966] 전북 전주시 완산구 홍산로 253 (효자동2가) SD빌딩, 402호",dochnein@hanmail.net ,
192,고강희,고강희,高康僖,1985.04.02,전북,변호사시험 2회,,063-839-2401 ,063-839-2030,[570-210] 전북 익산시 약촌로8길 37(어양동),dding0402@naver.com ,
191,임현주,임현주,林賢珠,1986.01.23,전북,변호사시험 2회,변호사임현주법률사무소,063-715-0665 ,063-271-5050,"[54898] 전북 전주시 덕진구 기린대로 486-1 , 5층(덕진동1가, 한경빌딩)",hjlaw@hanmail.net ,
190,김종성,김종성,金鐘成,1974.01.09,전북,변호사시험 2회,변호사김종성법률사무소,063-853-7070 ,063-843-8558,"[570-040] 전북 익산시 주현로 25,2층(주현동)",goodday1905@hanmail.net ,
189,최원영,최원영,崔元榮,1983.06.06,전북,변호사시험 2회,종합법률사무소 길,063-853-9898 ,063-856-5454,"[570-040] 전북 익산시 주현로 55,2층(주현동)",wonyounglaw@gmail.com ,
188,곽효영,곽효영,郭孝英,1974.12.20,전북,사법시험 52회,변호사곽효영법률사무소,063-271-2070 ,063-271-2071,[54889] 전북 전주시 덕진구 사평로 11 (덕진동1가) 반석빌딩 302호,khy7777@gmail.com ,
187,이진,이진,李珍,1982.09.28,전북,변호사시험 1회,변호사이진법률사무소,063-275-2897 ,063-275-2896,[54889] 전북 전주시 덕진구 사평로 11 (덕진동1가) 반석빌딩 301호,jinlee928@gmail.com ,
186,최혜욱,최혜욱,崔惠旭,1982.02.06,전북,변호사시험 2회,변호사최혜욱법률사무소,063-252-9771 ,063-252-9772,[561-811] 전북 전주시 덕진구 사평로 46(덕진동1가),ugiugi0206@nate.com ,
185,박일지,박일지,朴鎰址,1986.09.20,전북,변호사시험 2회,법무법인 모악,063-275-6007 ,063-275-6017,"[561-810] 전북 전주시 기린대로492,9층 (덕진동1가,삼전빌딩)",ilgilawyer@naver.com ,
184,이희성,이희성,李羲省,1972.08.19,전북,변호사시험 2회,변호사이희성법률사무소,063-853-7070 ,063-843-8558,[570-040] 전북 익산시 주현동 121-5(2층),500zzang@hanmail.net ,
183,유수연,유수연,劉秀硏,1980.03.29,전북,변호사시험 2회,변호사유수연법률사무소,063-451-0978 ,063-451-0979,"[54079] 전북 군산시 법원로 63,303호(조촌동,법정빌딩)",jessilawyer@gmail.com ,
182,박수연,박수연,朴洙娟,1986.04.30,전북,변호사시험 2회,변호사박수연법률사무소,063-251-8688 ,050-4849-8688,[54893] 전북 전주시 덕진구 들사평3길 8-1 (덕진동1가) 인스타빌 1층,hhello13@daum.net ,
181,노혜성,노혜성,魯慧星,1986.10.13,전북,변호사시험 2회,법무법인 모악,063-632-3100 ,063-632-3190,"[55771] 전북 남원시 용성로 60 , 2층(죽항동)",comet463@gmail.com ,
179,하헌환,하헌환,河憲煥,1975.01.11,전북,변호사시험 2회,변호사하헌환법률사무소,063-535-7977 ,063-535-7978,[56172] 전북 정읍시 수성6로 30 (수성동) ,heon3h@naver.com ,
177,김슬기,김슬기,金슬기,1984.10.12,전북,변호사시험 2회,변호사김슬기법률사무소,063-918-7788 ,063-918-7766,[54600] 전북 익산시 주현로 49-1 (주현동) 1동 2층,ksk46000@gmail.com ,
176,홍정훈,홍정훈,洪廷勳,1981.11.14,전북,변호사시험 2회,종합법률사무소 길,063-853-9898 ,063-856-5454,"[570-040] 전북 익산시 주현로 55,2층(주현동)",hooung@naver.com ,
175,서성숙,서성숙,徐成叔,1975.04.29,전북,변호사시험 2회,변호사서성숙법률사무소,063-276-5051 ,063-276-5052,"[561-811] 전북 전주시 덕진구 사평로 32,101호(덕진동1가)",lawyer_seo@naver.com ,이혼 (2018-01-02)
174,나성문,나성문,羅晟文,1979.03.26,전북,사법시험 52회,법무법인 해온,063-714-3168 ,063-714-3169,"[54893] 전북 전주시 덕진구 들사평서로 34, 2층 (덕진동1가)",raseongmoon@hanmail.net ,
173,성훈,성훈,成勳,1978.10.13,전북,사법시험 52회,변호사성훈법률사무소,"063-277-2501,2521 ",063-277-2503,"[561-810] 전북 전주시 덕진구 사평로 66,1층(덕진동1가)",umbert@lycos.co.kr ,
172,국순화,국순화,鞠順化,1972.02.17,전북,사법시험 52회,법무법인 경청,063-255-7997 ,063-255-7995,"[561-810] 전북 전주시 덕진구 기린대로 492,2층(덕진동1가,삼전빌딩)",law3050@naver.com ,
171,김도현,김도현,金到炫,1982.02.08,전북,사법시험 52회,변호사김도현법률사무소,063-251-8666 ,063-251-8665,[54893] 전북 전주시 덕진구 사평로 24 (덕진동1가) 대동빌딩 4층 403호,kimmeng04@naver.com ,
170,김홍준,김홍준,金弘峻,1976.04.06,전북,사법시험 52회,변호사김홍준법률사무소,063-537-4040 ,063-537-7600,[580-804] 전북 정읍시 수성동 994-8,honda667@hanmail.net ,
169,우석환,우석환,禹錫煥,1974.11.23,전북,사법시험 44회,법무법인 연,063-278-8685 ,063-278-8687,[561-810] 전북 전주시 덕진구 덕진동1가 1274-1(KT북전주전화국5층),gugie@hanmail.net ,형사법 (2015-04-20);의료 (2015-04-20)
167,이기동,이기동,李炁東,1956.08.30,전북,사법시험 28회,법무법인(유한) 정송,063-277-1134 ,063-275-1134,[54889] 전북 전주시 덕진구 사평로 13 (덕진동1가) ,ikidong@hanmail.net ,
165,김정선,김정선,金廷宣,1978.05.29,전북,변호사시험 1회,변호사김정선법률사무소,063-841-0101 ,063-854-0101,"[54659] 전북 익산시 선화로 88 (모현동1가, 강남빌딩) 3층",kim-jungsun@hanmail.net ,
164,유현경,유현경,柳賢暻,1982.02.25,전북,변호사시험 1회,변호사유현경법률사무소,063-903-3467 ,063-274-3467,"[54889] 전북 전주시 덕진구 가리내로 204 , 3층 15호(덕진동2가, 명성강변아파트상가)",grauwald@hotmail.com ,
163,김성욱,김성욱,金醒煜,1980.10.11,전북,사법시험 51회,변호사김성욱법률사무소,063-906-5143 ,,[560-500] 전북 전주시 완산구 기지로 120(중동),gnlawyer@lx.or.kr ,
162,김영노,김영노,金永노,1978.01.05,전북,변호사시험 1회,변호사김영노법률사무소,063-634-7700 ,063-634-7789,[590-987] 전북 남원시 죽항동 198-3,lary5@hanmail.net ,
161,소병덕,소병덕,蘇秉德,1981.08.07,전북,사법시험 50회,변호사소병덕법률사무소,063-276-2500 ,063-276-2501,"[54893] 전북 전주시 덕진구 사평로 24 (덕진동1가, 대동빌딩) 203호",sooinlawfirm@gmail.com ,
160,송홍기,송홍기,宋洪基,1982.10.21,전북,변호사시험 1회,변호사송홍기법률사무소,063-713-5162 ,02-3485-9802,"[54870] 전북 전주시 덕진구 기지로 180 (만성동, 국민연금공단 ) 기획조정실",poppus@hanmail.net ,
159,윤지현,윤지현,尹智鉉,1986.06.11,전북,변호사시험 1회,변호사윤지현법률사무소,063-716-2131 ,063-716-9636,[565-851] 전북 완주군 이서면 오공로 12(한국전기안전공사),yjh131@kesco.or.kr ,
158,우승원,우승원,禹勝元,1976.05.10,전북,변호사시험 1회,법무법인 세상,063-275-2766 ,063-274-1322,"[54893] 전북 전주시 덕진구 사평로 24, 3층 303호 (덕진동1가,대동빌딩)",persico0733@naver.com ,
157,조성원,조성원,趙晟元,1975.05.26,전북,변호사시험 1회,변호사조성원법률사무소,063-451-6300 ,063-451-6699,"[54079] 전북 군산시 법원로 67 , 1층(조촌동)",lawyercho@lawyercho.kr ,
156,고승훈,고승훈,高承勳,1977.04.02,전북,변호사시험 1회,법무법인 모악,063-451-6008 ,063-453-6008,"[54079] 전북 군산시 검다메2길 3 , 3층 301호(조촌동, 명품빌딩)",kj1726@naver.com ,
155,진희곤,진희곤,陳熙昆,1963.02.08,전북,변호사시험 1회,변호사진희곤법률사무소,063-276-3726 ,063-276-3727,[54893] 전북 전주시 덕진구 사평로 26 (덕진동1가) 2층 202호,001jpl@hanmail.net ,
154,장충석,장충석,張忠錫,1982.11.30,전북,변호사시험 1회,변호사장충석법률사무소,063-255-7100 ,063-255-7103,[561-811] 전북 전주시 덕진구 덕진동1가 1407-11(4층),chungseok2@gmail.com ,
153,이민호,이민호,李旼鎬,1981.07.14,전북,변호사시험 1회,법무법인 모악,063-275-6007 ,063-275-6017,"[561-811] 전북 전주시 덕진구 기린대로(덕진동1가,삼전빌딩) 492,9층",lmh406@naver.com ,
152,최영호,최영호,崔榮浩,1981.07.11,전북,변호사시험 1회,법무법인 모악,063-583-3172 ,063-583-3557,[56307] 전북 부안군 부안읍 낭주길 12,yhchoi@moaklaw.com ,
151,김성중,김성중,金成中,1975.11.19,전북,변호사시험 1회,변호사김성중법률사무소,063-229-2010 ,063-236-2010,"[54969] 전북 전주시 완산구 홍산남로 51 (효자동3가, 프렌드빌딩) 7층 702호",law200@hanmail.net ,
150,정재원,정재원,鄭在原,1975.08.24,전북,변호사시험 1회,변호사정재원법률사무소,063-229-2010 ,050-4198-3685,"[54969] 전북 전주시 완산구 홍산남로 51 (효자동3가, 프렌드빌딩) 7층 702호",jeonglawyer@gmail.com ,
147,정제훈,정제훈,鄭提勳,1976.01.20,전북,사법시험 42회,법무법인 호림,063-251-9269 ,063-271-8848,"[561-811] 전북 전주시 덕진구 사평로(덕진동1가,통일빌딩) 43,2층",jungpros76@gmail.com ,
145,변기범,변기범,邊麒梵,1973.07.18,전북,사법시험 46회,법무법인 늘품,063-535-2580 ,063-535-2582,[56172] 전북 정읍시 수성6로 30 (수성동),crazbc@naver.com ,
144,이희열,이희열,李羲列,1976.07.14,전북,사법시험 50회,변호사 이희열 강호석 공동법률사무소,063-255-2500 ,063-255-2530,"[54888] 전북 전주시 덕진구 사평로 47 , 4층(덕진동1가, 로펌빌딩)",eagleheroine@hanmail.net ,
143,진현덕,진현덕,陳炫德,1971.07.22,전북,사법시험 51회,변호사진현덕법률사무소,063-274-3702 ,063-274-3704,[561-191] 전북 전주시 덕진구 덕진동1가 1407-9(대동빌딩2층),dukejin70@naver.com ,
142,이동현,이동현,李東炫,1978.01.24,전북,사법시험 51회,법무법인 행복한,063-278-4434 ,063-278-7731,"[561-811] 전북 전주시 덕진구 사평로 2,2층(덕진동1가)",westlaw51@naver.com ,
141,김용선,김용선,金龍선,1978.05.28,전북,사법시험 49회,법무법인 온유,063-452-0046 ,063-452-0047,[573-410] 전북 군산시 조촌동 884-2(2층),the-lawman@daum.net ,
140,곽영수,곽영수,郭榮守,1974.11.25,전북,사법시험 50회,변호사곽영수법률사무소,063-274-1452 ,043-274-1453,"[561-811] 전북 전주시 덕진구 사평로 33,1층(덕진동1가)",scoutsout@naver.com ,
139,신흥섭,신흥섭,申興燮,1972.12.07,전북,사법시험 51회,법무법인 온유,063-452-0046 ,063-452-0047,[573-410] 전북 군산시 조촌동 884-2(2층),woolee-2000@daum.net ,
138,이보향,이보향,李普向,1977.09.25,전북,사법시험 51회,변호사이보향법률사무소,063-252-3200 ,063-252-3203,[561-811] 전북 전주시 덕진구 사평로 36(덕진동1가),lbh925@daum.net ,
137,진태희,진태희,陳泰姬,1976.10.15,전북,사법시험 51회,변호사진태희법률사무소,063-271-8890 ,063-271-8848,"[561-811] 전북 전주시 덕진구 사평로 43-6,1층(덕진동1가)",jthlaw@daum.net ,
136,이삼일,이삼일,李三一,1981.01.25,전북,사법시험 50회,변호사이삼일법률사무소,063-231-2319 ,063-231-2317,[54969] 전북 전주시 완산구 홍산남로 55 (효자동3가) 화린빌딩Ⅱ 701호,tony31@hanmail.net ,
135,유주환,유주환,柳周桓,1975.03.25,전북,사법시험 50회,변호사유주환법률사무소,063-273-9300 ,063-273-9301,[561-807] 전북 전주시 덕진구 들사평1길 2 (덕진동1가),woorinara325@naver.com ,
134,신주희,신주희,申朱希,1983.06.08,전북,사법시험 49회,변호사신주희법률사무소,063-453-4900 ,063-453-4902,"[573-885] 전북 군산시 법원로 65,3층(조촌동,정문빌딩)",mylovelyjh@hanmail.net ,
133,박형윤,박형윤,朴炯允,1982.02.22,전북,사법시험 50회,변호사박형윤법률사무소, ,,"[561-811] 전북 전주시 덕진구 들사평1길 9,1층(덕진동1가,스카이블루빌)",parka-ss@hanmail.net ,
132,강호석,강호석,姜昊錫,1979.01.02,전북,사법시험 50회,변호사 이희열 강호석 공동법률사무소,063-255-2500 ,063-255-2530,"[54888] 전북 전주시 덕진구 사평로 47 , 4층(덕진동1가, 로펌빌딩)",k_hoseok@hotmail.com ,
131,임은정,임은정,林恩正,1976.11.15,전북,사법시험 50회,변호사임은정법률사무소,063-241-0321 ,063-240-2811,"[54905] 전북 전주시 덕진구 동부대로 769 (호성동1가, 전주김제완주축협) 1층",limlawyer512@naver.com ,
130,김기태,김기태,金起太,1981.12.02,전북,사법시험 50회,법무법인 호림,063-251-9269 ,063-278-9217,"[54888] 전북 전주시 덕진구 사평로 43,2층(덕진동1가,통일빌딩)",kimkitaelaw@hanmail.net ,
129,이상선,이상선,李相善,1965.02.25,전북,사법시험 28회,법무법인 온고을,063-253-3750 ,063-253-3263,"[561-191] 전북 전주시 덕진구 사평로 32,403호(덕진동1가,동승빌딩)",lss1520@hanmail.net ,
128,박성미,박성미,朴盛美,1979.04.05,전북,사법시험 49회,변호사박성미법률사무소,063-452-0106 ,063-452-0107,"[54079] 전북 군산시 법원로 65 (조촌동, 정문빌딩) 102호",qkwh79@nate.com ,
127,소정운,소정운,蘇程云,1978.11.16,전북,사법시험 46회,변호사소정운법률사무소,063-452-5700 ,063-452-5701,[573-410] 전북 군산시 조촌동 878-10 (정문빌딩 201호),smilecow@hanmail.net ,
126,정용,정용,鄭蓉,1978.12.22,전북,사법시험 46회,법무법인 연,063-278-8686 ,063-278-8687,[561-191] 전북 전주시 덕진구 덕진동1가 1274-1(KT북전주사옥별관5층),redscorpios@naver.com ,행정법 (2015-04-20);이혼 (2015-04-20)
125,김현승,김현승,金炫承,1974.12.07,전북,사법시험 49회,법무법인 수인,063-274-0774 ,063-272-0775,"[561-852] 전북 전주시 덕진구 가리내로 254,201호(덕진동2가)",sooinjeonju@gmail.com ,
124,김완수,김완수,金完洙,1976.02.06,전북,사법시험 49회,변호사김완수법률사무소,063-252-3355 ,063-213-3355,[561-191] 전북 전주시 덕진구 덕진동1가 1547-114(2층),samukoan@nate.com ,
123,김동규,김동규,金東奎,1967.01.01,전북,사법시험 48회,변호사김동규법률사무소,063-277-6336 ,063-277-7667,[561-191] 전북 전주시 덕진구 덕진동1가 1274-1(KT북전주지사1층),kdk254@naver.com ,
122,김용호,김용호,金勇鎬,1977.12.15,전북,사법시험 49회,변호사김용호법률사무소,063-633-2288 ,063-633-2299,[590-060] 전북 남원시 죽항동 238-11 (2층 우측),kahnofuc@korea.com ,
121,김득수,김득수,金得洙,1978.07.14,전북,사법시험 48회,변호사김득수법률사무소,063-276-3770 ,063-276-3771,[561-191] 전북 전주시 덕진구 덕진동1가 1276-9(삼전빌딩7층),alivetree@hanmail.net ,
120,온성욱,온성욱,溫城旭,1962.05.20,전북,사법시험 30회,법무법인 제일,063-273-0033 ,063-273-6060,"[561-811] 전북 전주시 덕진구 사평로 11,4층(덕진동1가,반석빌딩)",on30@naver.com ,
119,이민호,이민호,李敏豪,1969.02.23,전북,사법시험 35회,대한 법무법인,063-274-3757 ,063-275-3790,[561-191] 전북 전주시 덕진구 덕진동1가 1275-5 (101호),bram0107@daum.net ,
118,김진미,김진미,金眞美,1975.12.19,전북,사법시험 48회,변호사김진미법률사무소,063-276-3770 ,063-276-3771,[561-191] 전북 전주시 덕진구 덕진동1가 1276-9(삼전빌딩7층),goctw@hanmail.net ,
117,조보현,조보현,曺寶賢,1969.12.05,전북,사법시험 47회,법무법인 포럼,063-536-2241 ,063-538-2241,[56172] 전북 정읍시 수성5로 31-9 (수성동),cbhlaw@seoulbar.or.kr ,
116,박긍태,박긍태,朴肯台,1975.06.07,전북,사법시험 48회,변호사박긍태법률사무소,"063-271-3400,1 ",063-271-1114,"[561-811] 전북 전주시 덕진구 사평로 26,2층(덕진동1가)",amen0607@hanmail.net ,
115,곽성훈,곽성훈,郭晟勛,1973.11.21,전북,사법시험 48회,변호사곽성훈법률사무소,063-452-7071 ,063-452-7072,[573-410] 전북 군산시 조촌동 884 (동원빌딩 3층),1stlaw@naver.com ,
114,황정열,황정열,黃貞烈,1966.06.21,전북,사법시험 48회,변호사황정열법률사무소,063-273-7741~2 ,063-273-7751,[561-191] 전북 전주시 덕진구 덕진동1가 1405-9,hjy0507@gmail.com ,
113,최성칠,최성칠,崔聖七,1959.01.18,전북,사법시험 31회,변호사최성칠법률사무소,063-272-0800 ,063-272-2193,"[561-811] 전북 전주시 덕진구 사평로 47,2층(덕진동1가,로펌빌딩)",csc0800@hanmail.net ,
112,박민수,박민수,朴玟秀,1976.03.10,전북,사법시험 47회,변호사박민수법률사무소,063-278-3500 ,063-285-3500,[561-191] 전북 전주시 덕진구 덕진동1가 1274-1 (KT북 전주지사 1층),pms0576@naver.com ,형사법 (2016-03-07)
110,문지연,문지연,文智姸,1978.10.04,전북,사법시험 47회,변호사문지연법률사무소,063-837-3747 ,063-857-3747,"[54599] 전북 익산시 주현로 40,상가1층102호(주현동,쌍방울한양아파트)",moonjiyeon78@gmail.com ,
109,박정교,박정교,朴貞嬌,1969.02.19,전북,사법시험 46회,변호사박정교법률사무소,063-278-4995 ,063-278-4995,[561-810] 전북 전주시 덕진구 덕진동1가 1279-12 (덕진광장내 광장약국 옆),pjg7del@hanmail.net ,
108,김대호,김대호,金大鎬,1978.07.14,전북,사법시험 47회,변호사김대호법률사무소,063-275-0006 ,,[561-811] 전북 전주시 덕진구 덕진동 1407-9(대동빌딩1층),salim3081@hanmail.net ,
107,최환석,최환석,崔桓碩,1969.06.26,전북,사법시험 47회,변호사최환석법률사무소,063-851-3140 ,063-851-3130,[570-160] 전북 익산시 영등동 191-13(2층),69hschoi@hanmail.net ,
106,김석곤,김석곤,金石坤,1971.11.06,전북,사법시험 47회,변호사김석곤법률사무소,063-237-2727 ,063-237-2728,[55088] 전북 전주시 완산구 거마평로 66 (삼천동1가),hludens3@hanmail.net ,
105,김진우,김진우,金鎭佑,1970.09.28,전북,사법시험 47회,변호사김진우법률사무소,063-837-0517 ,063-853-9827,[54601] 전북 익산시 중앙로 36 (중앙동3가) 2층,kjinwoo70@naver.com ,
104,남준희,남준희,南遵熙,1966.01.06,전북,사법시험 37회,법무법인 온고을,063-253-3750 ,063-253-3263,"[561-811] 전북 전주시 덕진구 사평로 32,403호(덕진동1가,동승빌딩)",crc307@gmail.com ,
103,강판천,강판천,姜判千,1976.02.18,전북,사법시험 46회,공증인가 전주합동,063-284-7172 ,063-232-9595,"[560-080] 전북 전주시 완산구 대동로67, 4층(태평동,상진신협)",kan8000@nate.com ,
102,추길환,추길환,秋吉煥,1977.10.30,전북,사법시험 46회,법무법인 호림,063-251-9269 ,063-278-9217,"[54888] 전북 전주시 덕진구 사평로 43,2층(덕진동1가,통일빌딩)",96ckh@hanmail.net ,
101,전휴정,전휴정,全烋佂,1972.11.03,전북,사법시험 46회,법무법인 최상,063-904-3300 ,063-904-3304,"[54966] 전북 전주시 완산구 홍산로 275 , 503호(효자동2가, 춘광빌딩)",hewjeng@gmail.com ,
100,차병문,차병문,車炳文,1972.11.02,전북,사법시험 46회,법무법인 경청,063-255-7997 ,063-255-7995,"[561-810] 전북 전주시 덕진구 기린대로 492,2층(덕진동1가,삼전빌딩)",cbm721102@hanmail.net ,
99,김성운,김성운,金聖雲,1973.12.10,전북,사법시험 46회,법무법인 최상,063-904-3300 ,063-904-3304,"[54966] 전북 전주시 완산구 홍산로 275 , 503호(효자동2가, 춘광빌딩)",cloud73@naver.com ,
98,김영호,김영호,金永鎬,1978.01.10,전북,사법시험 46회,법무법인 경청,063-274-0505 ,063-255-7995,"[561-810] 전북 덕진구 기린대로 492,2층(덕진동1가,삼전빌딩)",bohemian0110@hanmail.net ,
97,유택,유택,柳澤,1971.07.15,전북,사법시험 45회,변호사유 택법률사무소,063-538-9797 ,063-538-9798,[580-804] 전북 정읍시 수성동 987-9 (2층),yutek@hanmail.net ,
95,임영곤,임영곤,林永坤,1974.06.22,전북,사법시험 45회,변호사임영곤법률사무소,063-252-1254 ,063-252-1793,[561-811] 전북 전주시 덕진구 덕진동1가 1407-11(3층),lim2y0k9@hanmail.net ,
94,최경섭,최경섭,崔京燮,1974.10.24,전북,사법시험 45회,법무법인 바름,063-274-3232 ,063-274-3233,[561-191] 전북 전주시 덕진구 덕진동1가 1407-1 (동승빌딩 501호),subi9471@hanmail.net ,
93,김수태,김수태,金秀泰,1972.06.29,전북,사법시험 45회,변호사김수태법률사무소,063-271-8890 ,063-271-8848,"[561-811] 전북 전주시 덕진구 사평로 43-6,1층(덕진동1가)",kstlaw@daum.net ,
92,이연주,이연주,李沇株,1969.06.20,전북,사법시험 45회,변호사이연주법률사무소,063-275-5600 ,063-275-5602,[561-811] 전북 전주시 덕진구 덕진동1가 1405-10 (통일빌딩 3층),cathe0620@daum.net ,
91,김은진,김은진,金恩珍,1972.10.05,전북,사법시험 45회,변호사김은진법률사무소,063-252-4600 ,063-252-4601,[561-811] 전북 전주시 덕진구 들사평3길 8-2(덕진동1가) ,ejnice@naver.com ,
90,엄윤상,엄윤상,嚴鈗相,1966.12.01,전북,사법시험 45회,법무법인 드림,063-276-5900 ,063-276-5901,"[54893] 전북 전주시 덕진구 들사평서로 32 , 2층 29호(덕진동1가)",dreamohm@hanmail.net ,보험 (2013-10-14);도산 (2013-10-14)
89,이종기,이종기,李鍾奇,1968.03.19,전북,군법무관임용시험 11회,변호사이종기법률사무소,063-271-3770 ,063-271-3772,[561-811] 전북 전주시 덕진구 덕진동1가 1407-9 (대동빌딩 201호),03jklee@hanmail.net ,
88,두완수,두완수,杜玩秀,1966.11.14,전북,사법시험 44회,변호사두완수법률사무소,063-451-5600-1 ,063-451-9595,[573-885] 전북 군산시 조촌동 884 (동원빌딩 2층),doowansoo@hotmail.com ,
87,김정수,김정수,金正守,1974.09.08,전북,사법시험 41회,법무법인 호림,063-251-9269 ,063-278-9217,"[54888] 전북 전주시 덕진구 사평로 43,2층(덕진동1가,통일빌딩)",kjs508625@naver.com ,
86,서보형,서보형,徐輔亨,1968.07.07,전북,사법시험 44회,변호사서보형법률사무소,063-906-5142 ,063-906-5159,"[560-500] 전북 전주시 완산구 기지로 120(중동,혁신도시2-3블록),LX대한지적공사",darkarrs@lx.or.kr ,
84,유경재,유경재,兪敬載,1965.09.01,전북,사법시험 44회,변호사유경재법률사무소,063-452-9900 ,063-451-5700,[573-410] 전북 군산시 조촌동 883 (영창빌딩 201호),lawwill00@hanmail.net ,
83,장석재,장석재,張錫在,1971.08.02,전북,사법시험 43회,법무법인 행복한,"063-278-4434,4454 ",063-278-7731,"[561-811] 전북 전주시 사평로 2,2층(덕진동1가)",sjjang91@korea.com ,
81,홍요셉,홍요셉,洪요셉,1964.03.15,전북,사법시험 43회,변호사홍요셉법률사무소,063-255-7711 ,063-255-7722,[561-191] 전북 전주시 덕진구 덕진동1가 1407-9 (대동빌딩 404호),lawyer7711@hanmail.net ,
80,국윤호,국윤호,鞠潤皓,1965.10.12,전북,군법무관임용시험 10회,변호사국윤호법률사무소,063-276-2760 ,063-276-2762,[561-191] 전북 전주시 덕진구 덕진동1가 1407-9(대동빌딩 402호),dmzkr@hanmail.net ,
79,강성명,강성명,姜聲明,1967.10.16,전북,사법시험 33회,변호사강성명법률사무소,063-252-3434 ,063-253-8811,[561-191] 전북 전주시 덕진구 덕진동1가 1407-9 (대동빌딩401호),kjuris@gmail.com ,
78,채규달,채규달,蔡奎達,1965.02.24,전북,사법시험 41회,법무법인 지엘,063-536-1119 ,063-536-1113,"[580-804] 전북 정읍시 샘골로 173,2층(수성동)",greenjus31@hanmail.net ,
77,정남기,정남기,鄭南基,1970.02.26,전북,사법시험 41회,변호사정남기법률사무소,063-857-3131 ,063-857-3113,[54605] 전북 익산시 주현로 36 (주현동) 2층,alslvhs@daum.net ,
76,강영신,강영신,姜領信,1970.07.20,전북,사법시험 41회,법무법인 백제,063)275­-7070 ,063-271­-6060,[561-811] 전북 전주시 덕진구 덕진동 1가 1433-6(백제빌딩),baegje7070@hanmail.net ,
75,박혁,박혁,朴爀,1963.09.06,전북,사법시험 40회,변호사박혁법률사무소,063-536-2080 ,063-533-8153,[580-804] 전북 정읍시 수성동 993-11,ph2080@hanmail.net ,
74,지관엽,지관엽,池寬葉,1958.02.25,전북,사법시험 33회,법무법인 제일,063-273-0033 ,063-273-6060,"[561-191] 전북 전주시 덕진구 사평로 11,401,402호(덕진동1가,반석빌딩)",kyji009@hanmail.net ,
73,전완수,전완수,田完洙,1967.02.10,전북,사법시험 40회,변호사전완수법률사무소,063-857-1001 ,063-857-5800,[570-040] 전북 익산시 주현동 139-7 (1층),jwslawyer@hanmail.net ,
72,박재오,박재오,朴載오,1958.11.28,전북,사법시험 32회,변호사박재오법률사무소,063-537-8505 ,063-536-8550,"[580-804] 전북 정읍시 수성로 106,103호(수성동)",lawpark00@hanmail.net ,
70,우관수,우관수,禹琯洙,1967.07.07,전북,사법시험 39회,변호사우관수법률사무소,063-843-0025 ,063-843-0027,[570-110] 전북 익산시 마동 344-1(한남빌딩5층),benedito@hanmail.net ,
69,김동환,김동환,金同煥,1953.08.16,전북,사법시험 22회,변호사김동환법률사무소,063-276-8133 ,063-276-8129,"[54893] 전북 전주시 덕진구 사평로 32,201호(덕진동1가,동승빌딩)",kdongwh@hanmail.net ,
68,김학수,김학수,金學壽,1970.04.16,전북,사법시험 35회,법무법인 청송,"063-278-7300,1 ",063-278-7302,"[561-811] 전북 전주시 덕진구 사평로 32,503호(덕진동,동승빌딩)",lawstar@lycos.co.kr ,
67,박지훈,박지훈,朴志勳,1968.10.31,전북,사법시험 39회,법무법인 광안,063-930-0100 ,063-930-0111,"[590-987] 전북 남원시 용성로 64,2층(죽항동)",5253001@hanmail.net ,
66,황선철,황선철,黃善哲,1961.10.09,전북,사법시험 39회,변호사황선철법률사무소,063-278-4433 ,063-278-4435,[561-811] 전북 전주시 덕진구 덕진동1가 1420-8(1층),sun-6169@hanmail.net ,
65,김정호,김정호,金正虎,1963.10.07,전북,사법시험 39회,호산 공동법률사무소,063-251-­8080 ,063-251-­8022,[561-811] 전북 전주시 덕진구 덕진동 1가 1407-3(3층),kimslog1007@hanmail.net ,
64,최낙준,최낙준,崔洛駿,1966.10.21,전북,사법시험 39회,변호사최낙준법률사무소,063-278-2733 ,063-278-2736,"[561-811] 전북 전주시 덕진구 사평로 11,1층(덕진동1가,반석빌딩)",nj0402@naver.com ,
63,조영보,조영보,趙泳保,1965.11.14,전북,사법시험 39회,공증인가 군산합동,063-452-­7071 ,063-452­-7072,[573-885] 전북 군산시 조촌동 884-4(동원빌딩3층),ddangbo2@hanmail.net ,
62,심병연,심병연,沈昞聯,1954.04.16,전북,사법시험 20회,법무법인 청송,063-278-7300 ,063-278-7302,[561-191] 전북 전주시 덕진구 덕진동1가 1407-1(동승빌딩 503호),Hnlaw@hanmail.net ,형사법 (2012-01-02);민사법 (2012-01-02)
61,김종오,김종오,金鍾午,1954.08.01,전북,사법시험 23회,법무법인 다비다,063-273-­7300∼2，7304 ,063-273-­7302,[561-811] 전북 전주시 덕진구 덕진동 1가 1407-9(대동빌딩304호),kjolawyer@hanmail.net ,
60,강삼신,강삼신,姜三信,1966.01.01,전북,군법무관임용시험 8회,법무법인 온고을,"063-253-3750,1 ",063-253-3263,"[561-191] 전북 전주시 덕진구 사평로 32,403호(덕진동1가,동승빌딩)",kss-law@hanmail.net ,
59,김광성,김광성,金光成,1962.11.14,전북,사법시험 38회,공증인가 전주합동,063-284-7172 ,063-232-9595,"[560-080] 전북 전주시 완산구 대동로67, 4층(태평동,상진신협)",kkslaw2233@naver.com ,
58,조계선,조계선,趙啓善,1963.11.03,전북,사법시험 38회,변호사조계선법률사무소,063-251-­5558 ,063-251-­7119,[561-811] 전북 전주시 덕진구 덕진동 1가 1408-30(2층),251-5558@hanmail.net ,
57,김성희,김성희,金成熙,1964.05.13,전북,사법시험 38회,변호사김성희법률사무소,063-531-5688 ,063-538-5677,[580-804] 전북 정읍시 수성5로 37-10(수성동),kimsh0513@hanmail.net ,
56,문현주,문현주,文泫柱,1968.07.12,전북,사법시험 38회,공증인가 전주합동,063-284-7172 ,063-232-9595,"[560-080] 전북 전주시 완산구 대동로67, 4층(태평동,상진신협)",mhj7070@naver.com ,
55,김홍태,김홍태,金弘泰,1966.06.05,전북,사법시험 37회,법무법인 온고을,063-253-3750 ,063-253-3263,"[54893] 전북 전주시 덕진구 사평로 32, 403호(덕진동1가, 동승빌딩)",lawongoeul@naver.com ,
54,황규표,황규표,黃圭杓,1966.08.10,전북,사법시험 37회,변호사황규표법률사무소,063-255-7100 ,063-255-7103,[561-191] 전북 전주시 덕진구 덕진동1가 1407-11 (4층),hgp5800@naver.com ,
53,박민수,박민수,朴敏秀,1964.09.21,전북,사법시험 37회,변호사박민수법률사무소,063-278-1980 ,063-278-1982,[54893] 전북 전주시 덕진구 사평로 30 (덕진동1가 ) 2층,lawperf@hanmail.net ,
52,최영수,최영수,崔永秀,1957.11.15,전북,군법무관임용시험 7회,변호사최영수법률사무소,063-253-­5121~3 ,063-253­-5124,[561-191] 전북 전주시 덕진구 덕진동1가 1407-9(대동빌딩301호),lawcys@hanmail.net ,
51,윤정수,윤정수,尹正洙,1965.06.13,전북,사법시험 36회,변호사윤정수법률사무소,063-536-­3700 ,063-538-­3703,[580-803] 전북 정읍시 수성동 527-3 (대한통운빌딩 3층),jsyun65@paran.com ,
49,김영덕,김영덕,金泳德,1959.05.15,전북,사법시험 36회,공증인가 군산합동,063-452-6370~1 ,063-452-6372,[573-885] 전북 군산시 조촌동 884 (동원빌딩4층), ,
47,김의종,김의종,金義宗,1958.11.19,전북,사법시험 31회,변호사김의종법률사무소,063-452-7722 ,063-452-7725,"[573-885] 전북 군산시 검다메1길 64,203호(조촌동,영창빌딩)",kejgh3@hanmail.net ,
46,임익성,임익성,林翼成,1960.02.13,전북,군법무관임용시험 6회,변호사임익성법률사무소,063-252-­8800 ,063-252-­8100,[561-811] 전북 전주시 덕진구 덕진동 1가 1408-5(성산빌딩3층),ilovedaddy@korea.com ,
45,소순장,소순장,蘇淳章,1955.01.21,전북,사법시험 34회,변호사소순장법률사무소,063-253-6122 ,063-253-6123,[561-811] 전북 전주시 덕진구 덕진동1가 1420-8 (3층),hansolssj@yahoo.co.kr ,
42,진봉헌,진봉헌,陳鳳憲,1956.11.18,전북,사법시험 28회,법무법인 제일,063-273-0033 ,063-273-6060,"[561-811] 전북 전주시 덕진구 사평로 11,4층(덕진동1가,반석빌딩)",cjdsus21@hanmail.net ,
40,최선규,최선규,崔宣奎,1960.06.06,전북,사법시험 28회,변호사최선규법률사무소,"063-452-1144,5 ",063-452-­1146,[573-885] 전북 군산시 조촌동 878-13(법정빌딩2층),chijapy@naver.com ,
39,김귀동,김귀동,金貴童,1951.03.06,전북,사법시험 25회,변호사김귀동법률사무소,063-452­-6575，6565 ,063-452-­6600,[573-885] 전북 군산시 조촌동 878-13,kkdlawyer@hanmail.net ,
37,라종훈,라종훈,羅鍾勳,1947.01.01,전북,사법시험 14회,변호사라종훈법률사무소,"063-251­-1366,7 ",063-251­-1368,[561-811] 전북 전주시 덕진구 덕진동 1가 1407-3,khrft29@hanmail.net ,
36,김철한,김철한,金哲漢,1960.08.01,전북,사법시험 27회,변호사김철한법률사무소,063-272-0800 ,063-272-2193,"[54888] 전북 전주시 덕진구 사평로 47 (덕진동1가, 로펌빌딩) 2층",kch9194@hanmail.net ,
35,김영,김영,金榮,1958.08.26,전북,사법시험 30회,법무법인 백제,063-275-­7070 ,063-271­-6060,[561-811] 전북 전주시 덕진구 덕진동 1가 1433-6(백제빌딩),baegje7070@hanmail.net ,
34,임종섭,임종섭,林種燮,1953.01.05,전북,사법시험 30회,법무법인 호남종합법률사무소,063-277-6360 ,063-277-6362,[561-811] 전북 전주시 덕진구 덕진동1가 1407-1 (동승빌딩 2，3층),lawjslim@hanmail.net ,
33,이현규,이현규,李炫奎,1962.12.26,전북,사법시험 27회,변호사이현규법률사무소,063-452-­7770∼1 ,063-452-­7772,[573-885] 전북 군산시 조촌동 878-8(법조빌딩2층),hyungyu@naver.com ,
32,송흥식,송흥식,宋興植,1956.09.09,전북,사법시험 30회,법무법인 리앤리파트너즈,063-537-8666 ,063-537-8669,[580-804] 전북 정읍시 수성동 993-3,lawyer-song@hanmail.net ,
31,유대희,유대희,柳大熙,1955.06.10,전북,사법시험 24회,변호사유대희법률사무소,063-274-­6001∼2 ,063-274­-6003,[561-811] 전북 전주시 덕진구 덕진동 1가 1433-7(법률빌딩2층),dodo4549@nate.com ,
30,조두연,조두연,趙斗衍,1954.12.30,전북,사법시험 30회,법무법인 수인,063-837-3800 ,063-837-3802,"[570-040] 전북 익산시 주현로 42,2층3층(주현동,상가)",joduyon@hanmail.net ,
29,이형로,이형로,李亨魯,1959.04.07,전북,사법시험 26회,변호사이형로법률사무소,063-451-0000 ,063-451-0600,[573-885] 전북 군산시 조촌동 878-10 (정문빌딩 101호),dkrud71@naver.com ,
28,진태호,진태호,陳泰昊,1957.02.05,전북,사법시험 29회,법무법인 호남종합법률사무소,063-254-­9811∼2 ,063-254­-9813,[561-811] 전북 전주시 덕진구 덕진동 1가 1407-1,ho9813@hanmail.net ,
27,전봉호,전봉호,全奉豪,1954.06.27,전북,사법시험 28회,변호사전봉호법률사무소,063-274-5522 ,063-274-7337,[561-191] 전북 전주시 덕진구 덕진동1가 1274-1(2층),junbongho@hanmail.net ,
26,장일환,장일환,張日煥,1960.10.28,전북,사법시험 29회,공증인가 전주합동,063-287-9350~1 ,063-287-9349,"[560-080] 전북 전주시 완사구 대동로 67,4층(태평동, 성진신협)",2879350@hanmail.net ,
25,조하영,조하영,曺河榮,1959.06.25,전북,사법시험 29회,변호사조하영법률사무소,063-274-­8111∼2 ,063-272-­8070,[561-811] 전북 전주시 덕진구 덕진동 1가 1420-8(3층),hayoung-cho@hanmail.net ,
24,송철한,송철한,宋哲漢,1955.08.10,전북,사법시험 29회,변호사송철한법률사무소,063-251-­7171∼2 ,063-251­-7170,[561-811] 전북 전주시 덕진구 덕진동 1가 1420-8,sch7170@naver.com ,
23,김점동,김점동,金点童,1955.02.19,전북,사법시험 24회,법무법인 백제,063-275-7070 ,063-271-6060,[561-811] 전북 전주시 덕진구 덕진동 1가 1433-6,baegje7070@hanmail.net ,
22,유길종,유길종,劉吉鍾,1964.03.20,전북,사법시험 27회,법무법인 대언,063-272-0700 ,063-276-3838,"[561-811] 전북 전주시 덕진구 사평로 11,2층(덕진동1가,반석빌딩)",youprof@naver.com ,
21,강진기,강진기,康珍基,1957.01.01,전북,사법시험 28회,변호사강진기법률사무소,063-452-7891 ,063-452-7894,[573-410] 전북 군산시 조촌동 755-24,barkang11@hanmail.net ,
20,송서재,송서재,宋西宰,1955.08.19,전북,사법시험 28회,변호사송서재법률사무소,063-452-7727 ,063-452-7728,[573-410] 전북 군산시 조촌동 756-3,kshlwjlove@hanmail.net ,
19,김영복,김영복,金永福,1959.09.11,전북,사법시험 28회,법무법인 모악,063-275-6007 ,063-275-6017,"[561-810] 전북 전주시 덕진구 기린대로 492,9층(덕진동1가,삼전빌딩)",lawkyb@naver.com ,
18,최순규,최순규,崔順圭,1958.04.15,전북,사법시험 25회,변호사최순규법률사무소,063-252-­9992∼4 ,063-252-­9994,[561-191] 전북 전주시 덕진구 덕진동1가 1408-31,csk5792@naver.com ,
17,황인택,황인택,黃仁澤,1949.09.09,전북,사법시험 27회,법무법인 호남종합법률사무소,063-277­-0906∼7 ,063-275­-0905,[561-811] 전북 전주시 덕진구 덕진동 1가 1407-1(동승빌딩301호),hn301@hanmail.net ,
16,서성환,서성환,徐盛煥,1955.03.03,전북,사법시험 27회,변호사서성환법률사무소,063-535-8241 ,063-535-8243,[580-803] 전북 정읍시 수성동 611-1(일정빌딩 201호),sh550303@hanmail.net ,
15,심요섭,심요섭,沈曜燮,1961.12.22,전북,사법시험 26회,변호사심요섭법률사무소,063-533-2848 ,063-536-2848,[580-010] 전북 정읍시 수성동 620- 14,okjoseph@hanmail.net ,
14,차종선,차종선,車宗선,1954.12.01,전북,사법시험 25회,법무법인 세상,063-275-2766 ,063-274-1322,"[54893] 전북 전주시 덕진구 사평로 24, 3층 303호 (덕진동1가,대동빌딩)",cha2766@hanmail.net ,
13,신문식,신문식,申文湜,1947.03.08,전북,사법시험 25회,공증인가 군산합동,063-452-8900 ,063-452-8901,[573-885] 전북 군산시 조촌동 884(동원빌딩5층),tg8468@nate.com ,
12,신동엽,신동엽,申東燁,1947.01.18,전북,사법시험 24회,변호사신동엽법률사무소,063-452-­7500 ,063-452-­7501,[573-885] 전북 군산시 조촌동 748-8,sdy8726@hanmail.net ,
11,김영곤,김영곤,金永坤,1949.02.03,전북,사법시험 23회,법무법인 호남종합법률사무소,063-275-9194 ,063-275-9195,[561-811] 전북 전주시 덕진구 덕진동1가 1407-1 (동승빌딩 203호),hn302@hanmail.net ,
10,최세영,최세영,崔世英,1942.11.30,전북,사법시험 10회,변호사최세영법률사무소,063-287-­2277∼9 ,063-287-­5868,[560-023] 전북 전주시 완산구 경원동3가 32-8(영지빌딩4층),cselaw@hanmail.net ,
8,최춘성,최춘성,崔春成,1937.11.07,전북,군법무관임용시험 1회,변호사최춘성법률사무소,063-445-­4464 ,063-445­-4464,[573-885] 전북 군산시 조촌동 749-11, ,
7,허장협,허장협,許長協,1945.02.07,전북,사법시험 15회,공증인가 전주합동,063-284-4767 ,063-287-1090,"[560-080] 전북 전주시 완산구 대동로 67,4층(태평동,상진신협)",hurlaw@naver.com ,
5,노옥기,노옥기,盧玉基,1948.01.14,전북,사법시험 13회,변호사노옥기법률사무소,063-453­-8500∼1 ,063-453­-8833,[573-885] 전북 군산시 조촌동 755-24(금호빌딩4층),rokclick@hanmail.net ,
4,김성길,김성길,金聖吉,1942.03.04,전북,사법시험 8회,변호사김성길법률사무소,063-275-4554 ,063-251-3659,[561-811] 전북 전주시 덕진구 덕진동1가 1407-1 (동승빌딩 2，3층),hn303@hanmail.net ,
3,김길준,김길준,金吉俊,1933.09.22,전북,고등고시 13회,공증인가 군산합동,063-452-­9927 ,063-452­-9928,[573-885] 전북 군산시 조촌동 884-4(동원빌딩3층), ,
1,오원용,오원용,吳元龍,1930.12.15,전북,고등고시 6회,변호사오원용법률사무소,063533­6252 ,063-533-6253,[580-803] 전북 정읍시 수성동 595-4,ownryongoh@yahoo.co.kr ,
