번호,이름(목록),이름(상세),이름(한자),생년월일,소속회,자격시험,사무소명,사무실전화,사무실팩스,사무실주소,이메일,전문분야
133,홍대훈,홍대훈,洪大燻,1988.08.13,광주,변호사시험 5회,변호사홍대훈법률사무소,061-726-2216 ,061-726-2217,"[57932] 전남 순천시 왕지로 16 (왕지동, 산성빌딩) 3층 국선전담변호사 사무실",hoogugu@naver.com ,
132,서한빛,서한빛,徐한빛,1985.01.17,광주,변호사시험 3회,변호사서한빛법률사무소,061-681-5252 ,061-686-0006,"[59689] 전남 여수시 망마로 42 (학동, 장수빌딩) 5층 박세진 법률사무소",justice2beserved@gmail.com ,
131,김은경,김은경,金恩卿,1984.04.14,광주,변호사시험 3회,변호사김은경법률사무소,061-338-5173 ,--,"[58327] 전남 나주시 그린로 20 (빛가람동, 한국농어촌공사) 12층 기획조정실 법무부",korintek@naver.com ,
130,서현무,서현무,徐鉉武,1963.01.24,광주,사법시험 35회,법무법인 이십일세기종합법률사무소,061-751-8200 ,061-725-8701,"[57932] 전남 순천시 왕지로 30 , 5층(왕지동, 거형빌딩)",springmoo2002@daum.net ,
129,최영남,최영남,崔永男,1963.01.10,광주,사법시험 35회,법무법인(유한) 지평,061-724-2001 ,061-725-7604,"[57932] 전남 순천시 왕지로 24, 3층 (왕지동, 금강타워)",ynchoi@jipyong.com ,
128,송하진,송하진,宋河陳,1985.01.21,광주,변호사시험 5회,법무법인 태원,061-661-6000 ,061-661-9000,"[59676] 전남 여수시 망마로 11 (학동, 평산빌딩) 2층",townlawyer@daum.net ,
127,채진화,채진화,蔡眞和,1982.04.23,광주,변호사시험 5회,변호사채진화법률사무소,061-686-5726 ,061-691-5726,"[59689] 전남 여수시 망마로 42 (학동, 장수빌딩) 3층",assuner@hanmail.net ,
126,허재영,허재영,許栽榮,1985.02.15,광주,변호사시험 5회,변호사허재영법률사무소,061-721-2700~1 ,061-721-3663,"[57932] 전남 순천시 왕지3길 8 , 3층(왕지동)",gjwodud85@hanmail.net ,
125,박주용,박주용,朴柱容,1983.08.05,광주,변호사시험 2회,변호사박주용법률사무소,061-686-7060 ,061-686-7063,"[59689] 전남 여수시 망마로 42 (학동, 장수빌딩) 601호",ftaiji@hanmail.net ,
124,황선영,황선영,黃善英,1982.01.15,광주,변호사시험 5회,변호사황선영법률사무소,061-857-9273 ,061-857-9272,[59434] 전남 보성군 조성면 대전길 29 (용전리) 2층,enigsun@gmail.com ,
123,최성대,최성대,崔成大,1971.10.21,광주,변호사시험 5회,변호사최성대법률사무소,061-721-9152 ,061-721-9153,"[57932] 전남 순천시 왕지로 30 (왕지동, 거형빌딩) 3층 303호",galehac@naver.com ,
122,육준혜,육준혜,陸俊惠,1990.02.22,광주,변호사시험 5회,변호사육준혜법률사무소,061-277-5955 ,061-277-5957,[58671] 전남 목포시 정의로 30 (옥암동) 에메랄드법조빌딩 202호,yookjh08@naver.com ,
121,김성진,김성진,金成鎭,1981.11.23,광주,변호사시험 5회,변호사김성진법률사무소,061-536-6123 ,061-536-6126,[59028] 전남 해남군 해남읍 군청길 2 (성내리) 2층,onesky21@hanmail.net ,
120,이현진,이현진,李賢眞,,광주,,변호사이현진법률사무소,061-338-5178 ,--,"[58327] 전남 나주시 그린로 20 (빛가람동, 한국농어촌공사) 기획조정실",hjn1010@hanmail.net ,
119,서영기,서영기,徐榮基,1972.02.24,광주,사법시험 45회,법무법인 강율,061-721-2700~1 ,061-721-3663,"[57932] 전남 순천시 왕지3길 8 , 3층(왕지동)",naemunseo@daum.net ,
118,양영훈,양영훈,梁永勳,1975.02.18,광주,변호사시험 4회,변호사양영훈법률사무소,061-726-8001 ,061-726-8005,"[57932] 전남 순천시 왕지로 20, 3층 (왕지동, 그린법조타워) ",yh1905@hanmail.net ,
117,박서윤,박서윤,朴書贇,,광주,,변호사박서윤법률사무소,010-3233-2455 ,--,[58321] 전남 나주시 석전2길 12-3 (빛가람동) 우리빌 202호, ,
116,박혁진,박혁진,朴赥鎭,1981.09.02,광주,사법시험 54회,변호사박혁진법률사무소,061-803-9290 ,061-803-9291,"[58671] 전남 목포시 정의로 30 (옥암동, 에메랄드법조빌딩) 503호",phyeokj@naver.com ,
115,이용주,이용주,李勇周,1976.09.14,광주,변호사시험 4회,변호사이용주법률사무소,061-536-6123 ,061-536-6126,"[59029] 전남 해남군 해남읍 성내리 33-9, 광주은행 2층",anniun@hanmail.net ,
114,조수민,조수민,趙琇敏,1986.08.20,광주,사법시험 51회,법무법인 정훈, ,,"[59330] 전남 장흥군 장흥읍 읍성로 130,2층",smis0820@hanmail.net ,
113,김경배,김경배,金敬陪,1974.04.11,광주,사법시험 45회,법무법인 평우,061-724-4100 ,061-724-4109,"[57932] 전남 순천시 왕지로 28 , 3층(왕지동)",rudqokim@hanmail.net ,
112,이옥형,이옥형,李沃衡,1970.08.02,광주,사법시험 37회,법무법인 공감, ,,"[58671] 전남 목포시 정의로 30 , 3층 303호(옥암동)",okhyung2@gmail.com ,
111,박홍기,박홍기,朴洪基,1972.07.19,광주,사법시험 45회,변호사박홍기법률사무소,061-285-2369 ,061-285-2371,"[58671] 전남 목포시 정의로 14 (옥암동, 멘토법조빌딩) 302호",park6587hg@hanmail.net ,
110,박세진,박세진,朴歲眞,1983.06.23,광주,변호사시험 3회,법무법인 태원,061-686-7060 ,061-686-7063,"[555-809] 전남 여수시 망마로 42,601(학동,장수빌딩)",lawyersejin@naver.com ,
109,이겨라,이겨라,李겨라,1985.03.09,광주,변호사시험 3회,법무법인 태원,061-661-6000 ,061-661-9000,"[59676] 전남 여수시 망마로 11 (학동, 평산빌딩) 2층",dlrufkdi@naver.com ,
107,박근부,박근부,朴根賦,1980.08.04,광주,변호사시험 3회,변호사박근부법률사무소,061-287-7332 ,061-287-7112,"[58671] 전남 목포시 정의로 26-4 (옥암동, 법조하우스 ) 1층",pkb0804@korea.com ,
106,김영균,김영균,金英均,1982.07.22,광주,변호사시험 1회,법무법인 강율,061-273-3500~1 ,061-273-3502,"[58671] 전남 목포시 옥암동 1198-2 k센터빌딩 201호, 202호",kyglawyer@naver.com ,
105,김진환,김진환,金振煥,1980.01.16,광주,사법시험 53회,변호사김진환법률사무소,061-287-3333 ,061-287-3320,"[58671] 전남 목포시 정의로 22 (옥암동, 세종법조빌딩) 402호",kjh0116@gmail.com ,
104,박인동,박인동,朴仁同,1985.01.31,광주,변호사시험 3회,법무법인 지음,061-371-4800 ,061-375-9500,[58118] 전남 화순군 화순읍 자치샘로 48 (미래타워 3층 308호),k1a1hawk@naver.com ,
103,설주완,설주완,薛周完,1976.01.06,광주,변호사시험 3회,변호사설주완법률사무소,061-684-4268 ,061-684-4267,[59689] 전남 여수시 망마로 30 (학동) 4층,sorodoum@naver.com ,
102,곽효승,곽효승,郭孝承,1985.06.27,광주,변호사시험 3회,변호사곽효승법률사무소,061-725-5995 ,061-725-5994,"[540-330] 전남 순천시 왕지로 20,2층(왕지동)",docblue@naver.com ,
101,소병선,소병선,蘇秉先,1985.06.07,광주,변호사시험 3회,법무법인 지음,061-371-4800 ,061-375-9500,[58118] 전남 화순군 화순읍 자치샘로 48 (미래타워 3층 308호),sbspcman@hanmail.net ,
100,임드보라,임드보라,林드보라,1983.03.21,광주,변호사시험 2회,변호사임드보라법률사무소,061-727-0992 ,061-727-0993,"[57932] 전남 순천시 왕지로 24 (왕지동, 금강타워) 4층",imdebora@hanmail.net  ,
99,윤일권,윤일권,尹一權,1980.02.10,광주,변호사시험 2회,변호사윤일권법률사무소,061-726-2216 ,061-726-2217,"[57932] 전남 순천시 왕지로 16 (왕지동, 산성빌딩) 3층",2000law@daum.net ,
98,차명호,차명호,車明湖,1979.01.15,광주,변호사시험 2회,변호사차명호법률사무소, ,,"[540-330] 전남 순천시 왕지로 16,3층(왕지동,신성빌딩)",kfir99@nate.com ,
97,조영주,조영주,趙英株,1982.09.27,광주,사법시험 52회,변호사조영주법률사무소,061-727-4889 ,061-727-4887,[57932] 전남 순천시 왕지5길 4 (왕지동) 304호,movedyou@naver.com ,
96,박성호,박성호,朴成浩,1982.04.13,광주,변호사시험 2회,변호사박성호법률사무소,061-726-1719 ,061-726-6464,"[540-330] 전남 순천시 왕지로 20,4층(왕지동,그린법조타운)",tprpchlrh@hanmail.net ,
95,정치훈,정치훈,鄭治薰,1968.03.15,광주,사법시험 37회,변호사정치훈법률사무소,061-692-1188 ,061-692-1188,[555-808] 전남 여수시 학동 83-14(한빛빌딩2층),lawchung68@daum.net ,
94,이건태,이건태,李建泰,1966.12.21,광주,사법시험 29회,법무법인 동민, ,,"[58579] 전남 무안군 삼향읍 남악로 234, 에이동 4층 411호 (남악리, 트리폴리앙프라자)",dopho135@hanmail.net ,
93,이명일,이명일,李命逸,1981.02.07,광주,사법시험 52회,변호사이명일법률사무소,061-683-2010 ,061-683-2090,"[59673] 전남 여수시 시청로 23, 301호(학동, 동양빌라)",lmi3-3@nate.com ,
89,김재윤,김재윤,金載潤,1979.08.15,광주,사법시험 52회,법무법인 명경, ,,"[59689] 전남 여수시 망마로 42,302호(학동,장수빌딩)",axl79@naver.com ,
88,문준석,문준석,文俊晳,1983.11.06,광주,사법시험 52회,변호사문준석법률사무소,061-803-9290 ,061-803-9291,"[530-420] 전남 목포시 정의로 30,503호(옥암동,에메랄드법조빌딩)",junsuc-@hanmail.net ,
87,김순호,김순호,金淳鎬,1977.03.25,광주,사법시험 52회,변호사김순호법률사무소,061-279-6200 ,061-279-8118,[530-420] 전남 목포시 옥암동 1202-1(에메랄드법조빌딩305호),sundorii@naver.com ,
86,홍종빈,홍종빈,洪鍾彬,1984.02.15,광주,변호사시험 1회,변호사홍종빈법률사무소, ,,"[58217] 전남 나주시 그린로 20 (빛가람동, 한국농어촌공사) 9층 자산관리부", ,
85,이슬,이슬,李슬,1983.09.22,광주,변호사시험 1회,법무법인 강율,061-285-2369 ,061-285-2371,"[58671] 전남 목포시 옥암동 1198-2 k센터빌딩 201호, 202호",seul54@naver.com ,
84,주성구,주성구,朱成球,1973.02.11,광주,변호사시험 1회,변호사주성구법률사무소,061-797-4326 ,061-797-4901,"[545-030] 전남 광양시 항만대로 465,15층(황길동,월드마린센터)",sunggoo@ygpa.or.kr ,
83,송명희,송명희,宋明姬,1980.04.05,광주,사법시험 51회,법무법인 이십일세기종합법률사무소,061-751-8200 ,061-725-8701,"[57932] 전남 순천시 왕지로 30 (왕지동, 거형빌딩) 501호",manymansei@hanmail.net ,
82,조새미,조새미,趙새美,1984.08.26,광주,변호사시험 1회,변호사조새미법률사무소,061-285-5005 ,061-285-5060,"[58671] 전남 목포시 정의로 22 (옥암동, 세종법조빌딩), 203호",2855005@naver.com ,
81,김대석,김대석,金大石,1975.07.17,광주,사법시험 51회,안재훈 김대석 법률사무소,061-726-4466 ,061-726-4468,"[540-330] 전남 순천시 왕지로 30,201호(왕지동,거형빌딩)",daesok75@nate.com ,
80,김준채,김준채,金俊采,1971.01.26,광주,사법시험 51회,변호사김준채법률사무소,061-727-1201 ,061-727-1203,[540-330] 전남 순천시 왕지동 869-2(대양빌딩3층),wusuoyou@hanmail.net ,
79,김정웅,김정웅,金正雄,1976.12.20,광주,사법시험 49회,법무법인 정훈,061-434-6528 ,061-434-6529,"[59226] 전남 강진군 강진읍 탐진로 127, 2층",hosa2011@hanmail.net ,
78,김용경,김용경,金容敬,1975.02.26,광주,사법시험 51회,변호사김용경법률사무소,061-726-1900 ,061-726-9399,"[540-330] 전남 순천시 왕지로 5,3층(왕지동)",lawyerkyk@naver.com ,
77,김병기,김병기,金炳基,1982.01.06,광주,사법시험 47회,변호사김병기법률사무소,061-681-3000 ,061-681-3005,"[59689] 전남 여수시 망마로 36 (학동, 신성빌딩) 3층",weappon@hanmail.net ,
76,김영환,김영환,金英煥,1978.08.22,광주,사법시험 50회,변호사김영환법률사무소,061-338-5175 ,061-338-5109,"[58217] 전남 나주시 그린로 20(빛가람동,한국농어촌공사)",yhjustitia@hanmail.net ,
75,고은해,고은해,高銀海,1980.12.21,광주,사법시험 50회,변호사고은해법률사무소,061-726-5300 ,061-726-5301,"[57932] 전남 순천시 왕지로 20 (왕지동, 그린법조타운) 2층",callas1221@hanmail.net ,
74,박배연,박배연,朴培連,1976.05.19,광주,사법시험 50회,법무법인 젠,061-684-4268 ,061-684-4267,"[59689] 전남 여수시 망마로 30 , 4층 1호(학동, 화인빌딩)",bypark@zenithlaw.co.kr ,
73,배향미,배향미,裵香美,,광주,사법시험 49회,변호사배향미법률사무소,061-811-3388 ,061-811-3399,[57932] 전남 순천시 왕지로 28 (왕지동) 4층,hmbae21@gmail.com ,
72,고봉수,고봉수,高奉秀,1979.03.28,광주,사법시험 50회,변호사고봉수법률사무소,061-345-4633 ,061-345-4619,"[58322] 전남 나주시 전력로 55 (빛가람동, 한국전력공사) 26층 법무실",bim98@daum.net ,
71,한정윤,한정윤,韓定潤,1978.03.17,광주,사법시험 50회,변호사한정윤법률사무소,061-684-4268 ,061-684-4267,[59689] 전남 여수시 망마로 30 (학동) 4층,my_attorney@naver.com  ,
69,정성채,정성채,鄭聖采,1979.06.02,광주,사법시험 48회,공동법률사무소 정대,061-282-8885 ,061-287-1397,[530-420] 전남 목포시 옥암동 1202-1(에메랄드법조빌딩302호),hagihum@hanmail.net ,
68,전대철,전대철,全大哲,1980.07.13,광주,사법시험 48회,공동법률사무소 정대,061-282-8885 ,061-287-1397,[530-420] 전남 목포시 옥암동 1202-1(에메랄드법조빌딩302호),jhermes1@hanmail.net ,
67,홍현수,홍현수,洪賢守,1974.02.26,광주,사법시험 48회,변호사홍현수법률사무소,"061-333-7911,2,4 ",061-333-7915,"[520-350] 전남 나주시 빛가람로 745,502호(빛가람동,SB빛가람빌딩)",red-hshong@hanmail.net ,
66,채보화,채보화,蔡寶和,1980.04.22,광주,사법시험 48회,법무법인 정훈, ,,"[57219] 전남 장성군 장성읍 영천로 166-1 , 2층(영천리)",cbh216@naver.com ,
65,곽현준,곽현준,郭鉉濬,1972.05.26,광주,사법시험 48회,법무법인 정훈,061-835-6523 ,061-835-6524,"[59538] 전남 고흥군 고흥읍 흥양길 35,3층301호(옥하리)",khjun0012@naver.com ,
64,박정남,박정남,朴柾南,1969.07.04,광주,군법무관임용시험 11회,변호사박정남법률사무소,061-536-1400 ,061-536-1420,"[536-809] 전남 해남군 해남읍 중앙1로 100,2층",jnamp1229@naver.com ,
63,김기태,김기태,金基泰,1976.11.10,광주,사법시험 43회,법무법인 공감,061-261-5050 ,061-261-5051,"[58671] 전남 목포시 정의로 30 (옥암동, 에메랄드법조빌딩) 303호",hehehekk@hanmail.net ,
62,한광수,한광수,韓侊樹,1974.11.24,광주,사법시험 46회,변호사한광수법률사무소,061-721-3383 ,061-721-3370,[540-330] 전남 순천시 왕지동 870-4(거형빌딩302호),bigtree345@hanmail.net ,
61,김계현,김계현,金桂玄,1972.06.13,광주,사법시험 46회,변호사김계현법률사무소,061-684-7334 ,061-684-7336,[59689] 전남 여수시 망마로 36 (학동) 신성빌딩 4층,nakanlej@naver.com ,
60,구희승,구희승,具熙承,1962.11.15,광주,사법시험 40회,법무법인 맥,061-727-7099 ,061-721-4552,"[540-330] 전남 순천시 왕지로 30 ,202호,203호(왕지동)",koosjsw@naver.com ,
59,김홍길,김홍길,金弘佶,1970.01.27,광주,사법시험 42회,변호사김홍길법률사무소,"061-273-6690,1 ",061-273-6692,[530-420] 전남 목포시 옥암동 1202-1(에메랄드법조빌딩203호),kimhk0127@hanmail.net ,
58,전세정,전세정,全世政,1970.01.05,광주,사법시험 45회,변호사전세정법률사무소,061-324-1101 ,061-324-4007,[57117] 전남 함평군 해보면 밀재로 1273,tapas3303@msn.com ,
57,한소영,한소영,韓素英,1975.09.16,광주,사법시험 45회,변호사한소영법률사무소,061-727-7701 ,061-727-7703,[540-330] 전남 순천시 왕지동 850-9(제일법조빌딩3층),gksth172@hanmail.net ,
56,안재훈,안재훈,安哉勳,1972.05.23,광주,사법시험 44회,변호사안재훈법률사무소,061-726-4466 ,061-726-4468,"[540-330] 전남 순천시 왕지로 30,201호(왕지동,거형빌딩)",kuzzi2233@naver.com ,
55,길탁균,길탁균,吉탁均,1971.06.30,광주,사법시험 44회,변호사길탁균법률사무소,061-863-8003 ,061-863-8002,[59331] 전남 장흥군 장흥읍 읍성로 164 (기양리) 2층,kiltg0630@hanmail.net ,
54,이정훈,이정훈,李政勳,1970.09.12,광주,사법시험 36회,법무법인 태원,061-753-0980 ,061-753-0981,"[57932] 전남 순천시 왕지로 30, 301호(왕지동, 거형빌딩)",jjhs0987@naver.com ,
53,서동용,서동용,徐東榕,1964.09.02,광주,사법시험 44회,변호사서동용법률사무소,061-793-3345 ,061-793-3347,[545-881] 전남 광양시 중마중앙로 87(중동),dyongseo@daum.net ,
52,우진곤,우진곤,禹進坤,1968.10.27,광주,사법시험 44회,변호사우진곤법률사무소,"061-721-6814,5 ",061-721-6816,"[540-330] 전남 순천시 왕지로 24,4층(왕지동,금강타워)",jjh1665@naver.com ,
51,나경광,나경광,羅慶廣,1967.03.15,광주,사법시험 44회,변호사나경광법률사무소,061-272-0089 ,061-282-0999,"[530-420] 전남 목포시 정의로(옥암동,에머랄드법조빌딩) 30,301호",nkk2001@live.co.kr ,
50,손훈모,손훈모,孫熏模,1969.08.05,광주,사법시험 43회,변호사손훈모법률사무소,061-727-4889 ,061-727-4887,"[540-330] 전남 순천시 왕지5길 4,3층304호(왕지동)",sonshin23@hanmail.net ,
49,송현승,송현승,宋炫昇,1970.01.16,광주,사법시험 43회,변호사송현승법률사무소,061-725-9410 ,061-725-9415,"[57932] 전남 순천시 왕지로 14 (왕지동, 의원) 4층",shslaw@hanmail.net ,
48,나양명,나양명,羅揚名,1966.03.15,광주,사법시험 43회,변호사나양명법률사무소,061-273-9912~3 ,061-273-9914,[530-420] 전남 목포시 옥암동 1198-1(세종법조빌딩301호),nayam0101@hanmail.net ,
47,위성권,위성권,魏聖權,1956.01.02,광주,군법무관임용시험 5회,변호사위성권법률사무소,061-721-3100 ,061-721-3161,[540-330] 전남 순천시 왕지동 869-3(산성빌딩5층),lawyerwi@hanmail.net ,
46,송동석,송동석,宋東錫,1965.03.13,광주,사법시험 38회,변호사송동석법률사무소,062-726-8001 ,062-726-8005,[540-330] 전남 순천시 왕지동 869-5(그린법조타운3층),sds2430@hanmail.net ,
45,한재철,한재철,韓在喆,1966.09.12,광주,사법시험 35회,법무법인(유한) 지평,061-724-2001 ,061-725-7604,"[540-330] 전남 순천시 왕지로 24,3층(왕지동,금강타워)",nicl@jipyong.com ,
44,정경일,정경일,鄭敬一,1967.11.16,광주,사법시험 41회,변호사정경일법률사무소,061-537-3600 ,061-537-3900,[536-805] 전남 해남군 해남읍 중앙1로 331,haenam0611@naver.com ,
42,김양진,김양진,金良珍,1961.09.26,광주,사법시험 41회,법무법인 남도,061-725-8448 ,061-721-8448,"[540-330] 전남 순천시 왕지동 863-1(남일빌딩4,5층)",yjk1791@hanmail.net ,
41,김준형,김준형,金俊亨,1961.09.07,광주,사법시험 41회,변호사김준형법률사무소,061-283-2244 ,061-283-4884,"[530-420] 전남 목포시 정의로 30,208호(옥암동,에메랄드법조빌딩)",jun1414@hanmail.net ,
40,김영석,김영석,金榮碩,1964.09.02,광주,군법무관임용시험 9회,변호사김영석법률사무소,061-721-2272 ,061-721-2282,"[57932] 전남 순천시 왕지로 5 (왕지동, 광주은행) 2층",advkim@hanmail.net ,
39,노관규,노관규,盧官圭,1960.09.24,광주,사법시험 34회,변호사노관규법률사무소,061-742-3477 ,061-726-2011,"[540-979] 전남 순천시 충효로 109,2층(조례동)",01047453477@daum.net ,
37,김선재,김선재,金宣才,1965.07.13,광주,사법시험 39회,공증인가 목포합동,"061-277-6168,9 ",061-276-6170,"[530-420] 전남 목포시 정의로(옥암동,케이센타빌딩) 24",lowlaw21@hanmail.net ,
36,신택호,신택호,申宅浩,1965.11.27,광주,사법시험 35회,변호사신택호법률사무소,061-723-8011 ,061-723-8016,"[57932] 전남 순천시 왕지로 14 (왕지동, 의원) 4층",sintho@hanmail.net ,
35,정기명,정기명,鄭琦明,1962.09.26,광주,군법무관임용시험 8회,변호사정기명법률사무소,061-686-7060 ,061-686-7063,"[555-809] 전남 여수시 망마로 42,601호(학동,장수빌딩)",jkm8902@hanmail.net ,
34,이병주,이병주,李秉柱,1968.05.05,광주,사법시험 35회,법무법인 태평,061-753-2222 ,061-723-6630,"[57932] 전남 순천시 왕지로 28,5층(왕지동)",leebj@hanmail.net ,
33,김대학,김대학,金大學,1964.04.27,광주,사법시험 38회,변호사김대학법률사무소,061-726-7555 ,061-726-7557,[540-330] 전남 순천시 왕지동 850-8(3층),dh101@hanmir.com ,
32,이원학,이원학,李元學,1972.11.12,광주,사법시험 38회,변호사이원학법률사무소,"061-273-4600, 4601 ",061-273-4602,"[530-420] 전남 목포시 정의로 30,306호(옥암동,에메랄드법조빌딩)",willy0402@naver.com ,
31,강경운,강경운,姜景云,1964.12.04,광주,사법시험 35회,법무법인(유한) 지평,061-724-2001 ,061-725-7604,"[540-330] 전남 순천시 왕지로 24,3층(왕지동,금강타워)",gwkang@jipyong.com ,
30,정인성,정인성,鄭仁星,1957.04.24,광주,군법무관임용시험 6회,법무법인 지산,061-535-0370 ,061-535-0373,"[536-803] 전남 해남군 해남읍 중앙1로 310,2층",jisanlawfirm@gmail.com ,
29,김도형,김도형,金度亨,1963.04.25,광주,군법무관임용시험 7회,변호사김도형법률사무소,"061-725-9912,3 ",061-725-9914,[540-330] 전남 순천시 왕지동 869-5(그린법조타운3층),lawsckdh@hanmail.net ,
28,김형수,김형수,金亨洙,1957.09.04,광주,사법시험 23회,변호사김형수법률사무소,061-726-1717 ,061-726-6464,[540-330] 전남 순천시 왕지동 869-5(그린법조타워4층),7261717@hanmail.net ,
27,김명운,김명운,金明運,1961.01.11,광주,사법시험 35회,변호사김명운법률사무소,"061-864-8115,8116 ",061-864-8112,[529-804] 전남 장흥군 장흥읍 기양리 87 (읍사무소 정문 2층),woohe1961@hanmail.net ,
26,김창,김창,金昌,1960.09.28,광주,사법시험 34회,법무법인 새천년,061-276-5500 ,,[530-420] 전남 목포시 옥암동 1202-1(에메랄드법조빌딩205호),rlackd550@naver.com ,
25,윤영식,윤영식,尹永植,1964.01.23,광주,사법시험 34회,법무법인 새천년,061-276-5200 ,061-276-7110,[530-420] 전남 목포시 옥암동 1202-1(에메랄드법조빌딩207호), ,
24,김종선,김종선,金鍾선,1960.02.20,광주,사법시험 34회,변호사김종선법률사무소,061-279-0631 ,061-279-3506,"[530-420] 전남 목포시 옥암동 1195-1(멘토법조빌딩201,202호)",sso779@hanmail.net ,
23,고재욱,고재욱,高在旭,1964.05.01,광주,사법시험 26회,법무법인 남도,061-726-5678 ,061-726-6006,[540-330] 전남 순천시 왕지동 863-1(남일빌딩4층),kojaewook@gmail.com ,
22,정중채,정중채,鄭重采,1962.03.08,광주,사법시험 33회,변호사정중채법률사무소,061-277-7002~3 ,061-277-7005,[530-420] 전남 목포시 옥암동 1199-2(법조하우스201호),2777005@hanmail.net ,
21,김재근,김재근,金在根,1958.02.05,광주,사법시험 33회,변호사김재근법률사무소,061-724-0770 ,061-724-0086,"[540-330] 전남 순천시 왕지로 24,4층(왕지동,금강타워)",kjg0770@naver.com ,
20,주경현,주경현,朱坰賢,1959.10.25,광주,사법시험 32회,변호사주경현법률사무소,"061-725-9522,3 ",061-725-9524,[540-330] 전남 순천시 왕지동 850-9(제일법조빌딩3층), ,
19,김재근,김재근,金在根,1959.07.10,광주,군법무관임용시험 5회,변호사김재근법률사무소,"061-276-3527,8 ",061-276-3529,[530-420] 전남 목포시 옥암동 1202-1(에메랄드법조빌딩307호), ,
17,정차범,정차범,鄭次範,1955.09.12,광주,사법시험 31회,법무법인 새천년,061-535-5522 ,,[536-807] 전남 해남군 해남읍 성내리 21-2,koter10@hanmail.net ,
16,신현일,신현일,申鉉溢,1957.09.25,광주,사법시험 23회,법무법인 남도,061-726-4474 ,061-726-4473,"[540-330] 전남 순천시 왕지동 863-1(남일빌딩4,5층)",shi5181@hanmail.net ,
15,윤영훈,윤영훈,尹泳勳,1954.12.07,광주,군법무관임용시험 4회,법무법인 남도,061-721-5166 ,061-721-5167,"[540-330] 전남 순천시 왕지동 863-1(남일빌딩4,5층)", ,
14,박성천,박성천,朴成千,1961.09.12,광주,사법시험 27회,법무법인 남도,061-726-4474 ,061-726-7223,[540-330] 전남 순천시 왕지동 863-1(남일빌딩4층),bumbay@nate.com ,
12,조용안,조용안,趙龍安,1957.01.13,광주,사법시험 29회,변호사조용안법률사무소,061-277-4071~2 ,061-277-4072,[530-420] 전남 목포시 옥암동 1198-1(세종법조빌딩202호),sulcho@korea.com ,
11,권세진,권세진,權世鎭,1953.10.31,광주,사법시험 23회,법무법인 빛고을종합,061-535-0230 ,061-535-0226,[536-803] 전남 해남군 해남읍 구교리 376-5,k257628@naver.com ,
10,박승옥,박승옥,朴昇玉,1960.03.26,광주,사법시험 24회,변호사박승옥법률사무소,061-277-5955 ,061-277-5957,[530-420] 전남 목포시 정의로 30 (에메랄드법조빌딩202호),p2775955@hanmail.net ,
9,박인출,박인출,朴仁出,1956.03.07,광주,사법시험 26회,공증인가 목포합동,"061-277-6168,9 ",061-276-6170,"[530-420] 전남 목포시 정의로(옥암동,케이센타빌딩) 24",thomas-p@hanmail.net ,
8,서희원,서희원,徐熺源,1959.12.17,광주,사법시험 26회,변호사서희원법률사무소,061-726-5550 ,061-726-5553,[540-320] 전남 순천시 조례동 1732- 4,lawsc@hanmail.net ,
7,이상열,이상열,李相烈,1952.01.22,광주,사법시험 24회,변호사이상열법률사무소,061-242-3000 ,061-242-2323,[530-420] 전남 목포시 옥암동 1198-1(세종법조빌딩302호),lsy9812@hanmail.net ,
5,강영일,강영일,姜英一,1942.06.23,광주,군법무관임용시험 1회,공증인가 목포합동,"061-277-6168,9 ",061-276-6170,"[530-420] 전남 목포시 정의로(옥암동,케이센타빌딩) 24", ,
4,유길수,유길수,兪吉洙,1945.01.16,광주,군법무관임용시험 1회,변호사유길수법률사무소,061-752-­3111~2 ,061-752-­3112,[540-220] 전남 순천시 남내동 96,ks450116@hanmail.net ,의료 (2015-02-16)
3,임태유,임태유,林泰有,1942.04.01,광주,군법무관임용시험 1회,법무법인 새천년,061-273-1212 ,061-272-4100,"[530-420] 전남 목포시 정의로 30,206호(옥암동,에메랄드법조빌딩)", ,이혼 (2015-01-27)
2,백상필,백상필,白相弼,1940.07.26,광주,군법무관임용시험 1회,변호사백상필법률사무소,061-727-3456 ,061-727-1225,"[540-210] 전남 순천시 중앙로 126,5층(중앙동,베델빌딩)",spbaek526@gmail.com ,
