번호,이름(목록),이름(상세),이름(한자),생년월일,소속회,자격시험,사무소명,사무실전화,사무실팩스,사무실주소,이메일,전문분야
164,김진욱,김진욱,金眞旭,1980.06.27,대전,변호사시험 6회,변호사김진욱법률사무소, ,,[32576] 충남 공주시 한적2길 29 (신관동) 2층,saintpotato@hanmail.net ,
163,조신영,조신영,趙信英,1981.03.04,대전,사법시험 57회,법무법인 윈앤윈,041-557-5508 ,041-557-5506,"[31198] 충남 천안시 동남구 청수14로 102 , 503호, 504호, 505호(청당동, 에이스법조타워)",redred17@naver.com ,
162,이지연,이지연,李知姸,1976.12.19,대전,변호사시험 6회,변호사이지연법률사무소, ,,"[31198] 충남 천안시 동남구 청수9로 1 (청당동, 청오법조빌딩) 204호",soju012@hanmail.net ,
161,이복엽,이복엽,李福燁,1980.12.24,대전,변호사시험 6회,변호사이복엽법률사무소,041-633-5001 ,041-633-5006,"[32226] 충남 홍성군 홍성읍 법원로 35 (월산리, 충의빌딩) 402호",lbylawoffice@naver.com ,
160,유수은,유수은,劉秀垠,1986.12.20,대전,변호사시험 6회,법무법인 서산,041-667-3434 ,070-4493-8427,"[31988] 충남 서산시 서해로 3185 (예천동, 법조빌딩) 2층",hg100486@hotmail.com ,
159,김주원,김주원,金周原,1961.02.15,대전,사법시험 33회,법무법인 온세, ,,"[31198] 충남 천안시 동남구 청수14로 60, 803호 (청당동, 서미법조타워)",kjweon9@hanmail.net ,
158,김창덕,김창덕,金昌德,1985.12.10,대전,변호사시험 3회,변호사김창덕법률사무소,041-555-8133 ,041-555-8134,"[31198] 충남 천안시 동남구 청당동 506 천안랜드마크원 빌딩 702호, 703호",kcd12@nate.com ,
157,박병훈,박병훈,朴秉焄,1980.12.10,대전,변호사시험 6회,법무법인 사명,041-557-­7400 ,041-557­-7402,"[31198] 충남 천안시 동남구 청수9로 1 , 1층, 7층, 9층(청당동, 청오법조빌딩)",justofpower@hanmail.net ,
156,이재원,이재원,李載源,1980.02.02,대전,변호사시험 1회,변호사이재원법률사무소,041-553-1076 ,0505-041-1076,[31198] 충남 천안시 동남구 청수4로 10 (청당동) 301호,ryukoz@gmail.com ,
155,오승유,오승유,吳丞裕,1982.07.27,대전,변호사시험 5회,변호사오승유법률사무소,070-4603-5882 ,--,[32568] 충남 공주시 한적2길 52-101 (금흥동) 애터미,milko400@naver.com ,
154,조형진,조형진,曺亨鎭,1985.01.07,대전,변호사시험 5회,당찬 공동법률사무소,041-353-9119 ,041-353-9117,[31776] 충남 당진시 청룡길 120 (읍내동) (읍내동),hjcho2016@naver.com ,
153,유병익,유병익,柳炳翼,1979.11.25,대전,변호사시험 5회,당찬 공동법률사무소,041-353-9119 ,041-353-9117,[31776] 충남 당진시 청룡길 120 (읍내동) (읍내동),byungik79@naver.com ,
152,박재상,박재상,朴材祥,1971.11.29,대전,,법무법인(유한) 새미래,041-833-9006 ,041-833-9008,[33152] 충남 부여군 부여읍 사비로 63 (구아리 ),faithok@hanmail.net ,
151,이종근,이종근,李鍾瑾,1974.07.07,대전,변호사시험 5회,법무법인 유능,041-541-2008 ,041-545-2004,[31470] 충남 아산시 배방읍 고속철대로 43 (장재리) 퍼시픽빌딩 501호,ljklawyer7@gmail.com ,
150,정기준,정기준,鄭璣濬,1984.08.24,대전,변호사시험 1회,변호사정기준법률사무소,044-330-2380 ,044-330-2357,"[30100] 충남 세종시 아름서길 27(아름동,선박안전기술공단)",fjkjnice@hanmail.net ,
149,이재림,이재림,李在林,1985.12.01,대전,사법시험 54회,변호사이재림법률사무소,-- ,--,"[31198] 충남 천안시 동남구 청당동 503, 402호 ",sdaeng121@naver.com ,
147,김은영,김은영,金𤨒榮,1985.09.13,대전,사법시험 54회,변호사김은영법률사무소,041-563-3225 ,041-563-3227,"[31198] 충남 천안시 동남구 청수9로 1 (청당동, 청오법조빌딩) 3층 국선전담변호사사무실",cassey0913@naver.com ,
146,박주연,박주연,朴珠姸,1983.05.11,대전,변호사시험 3회,변호사박주연법률사무소,041-555-8133 ,041-555-8134,[31198] 충남 천안시 동남구 청수5로 3 (청당동) 천안랜드마크원빌딩 703호, ,
145,신용섭,신용섭,申容燮,1980.04.17,대전,변호사시험 3회,법무법인 사명,041-557-­7400 ,041-557­-7402,"[31198] 충남 천안시 동남구 청수9로 1 , 1층, 7층, 9층(청당동, 청오법조빌딩)",samyungys@hanmail.net ,
143,이동환,이동환,李東桓,1980.08.08,대전,변호사시험 3회,변호사이동환법률사무소,041-555-2353 ,041-555-2852,"[31198] 충남 천안시 동남구 청수14로 68 (청당동, 센타타워) 203호",lovelyladen@naver.com ,
142,지안나,지안나,智안나,1988.12.18,대전,변호사시험 3회,변호사지안나법률사무소,041-565-8185 ,0303-3131-8185,[31198] 충남 천안시 동남구 청당동 485 센타타워 204호,jibyeon54@naver.com ,
141,김우준,김우준,金玗俊,1979.05.08,대전,변호사시험 3회,법무법인 정도,041-568-6700 ,041-568-6702,"[330-990] 충남 천안시 동남구 신부7길 7,305호(신부동,중앙빌딩)",kim.uj@daum.net ,
140,김정애,김정애,金貞愛,1984.08.05,대전,사법시험 53회,변호사김정애법률사무소,041-567-9354 ,041-567-9355,"[31198] 충남 천안시 동남구 청당동 485, 센타타워 403호",kjalawyer@naver.com ,
139,김경호,김경호,金敬昊,1975.09.07,대전,사법시험 49회,변호사김경호법률사무소,041-681-4500 ,041-681-4400,"[356-808] 충남 서산시 공림4로 22,301호(예천동)",kimkh3383@gmail.com ,
138,추연철,추연철,秋淵喆,1978.01.01,대전,사법시험 53회,변호사추연철법률사무소,041-909-4763 ,041-909-4767,"[31198] 충남 천안시 동남구 청수5로 9 (청당동, 동원빌딩) 203호",chuhyeonseo@naver.com ,부동산 (2018-01-02)
137,이선미,이선미,李善美,1980.01.11,대전,변호사시험 2회,변호사이선미법률사무소,041-633-4501 ,041-633-4503,"[350-809] 충남 홍성군 홍성읍 법원로 41,108호(홍성법조타운)",smlee_13@naver.com ,
136,김보성,김보성,金甫性,1978.01.20,대전,사법시험 53회,변호사김보성법률사무소,041-417-0073 ,041-417-0074,[31198] 충남 천안시 동남구 청수14로 66 (청당동) 903호,kimboseong78@gmail.com ,
135,김재규,김재규,金載奎,1977.01.10,대전,사법시험 43회,변호사김재규법률사무소,041-666-7744 ,041-666-7745,"[31988] 충남 서산시 공림4로 22 , 4층 (예천동, 현지빌딩)",kjgpass@naver.com ,
134,이지영,이지영,李智瑛,1981.06.28,대전,변호사시험 2회,법무법인 로이즈,041-522-3066 ,041-552-3066,"[31198] 충남 천안시 동남구 청수9로 1 (청당동, 청오법조빌딩) 804호",ljypharm@gmail.com ,
133,차상익,차상익,車相翼,1982.02.04,대전,변호사시험 2회,법률사무소 한들,041-417-3700 ,,"[31198] 충남 천안시 동남구 청당동 485 703호, 704호",sangik.cha@gmail.com ,
132,양진휘,양진휘,梁軫輝,1973.11.28,대전,변호사시험 2회,법률사무소 한들,041-417-3700 ,0414173200,"[31198] 충남 천안시 동남구 청당동 485 703호, 704호",jinhwi.yang@gmail.com ,
131,김바올,김바올,金바올,1981.02.10,대전,변호사시험 2회,변호사김바올법률사무소,-- ,0505-365-5432,"[31198] 충남 천안시 동남구 청수5로 9 (청당동, 동원빌딩) 604호",lawyerkbo@gmail.com ,
130,김찬희,김찬희,金贊熙,1978.11.26,대전,변호사시험 2회,변호사김찬희법률사무소,041-356-7123 ,041-356-7204,"[31777] 충남 당진시 청룡길 159 (읍내동, 용기빌딩) 1층",bluekeep@hanmail.net ,
129,조아라,조아라,趙아라,1984.04.06,대전,사법시험 52회,변호사조아라법률사무소,041-523-8188 ,041-523-8187,"[31198] 충남 천안시 동남구 청수5로 9 (청당동, 동원빌딩) 504호",jara84@naver.com ,
128,천성희,천성희,千成熙,1983.07.17,대전,사법시험 52회,법무법인 중부,041-582-7200 ,041-551-1232,"[31197] 충남 천안시 동남구 청수6로 60 , 3층(청당동, 국민연금공단천안지사)",shchun717@hanmail.net ,
127,임혜진,임혜진,林惠珍,1980.12.09,대전,사법시험 52회,변호사임혜진법률사무소,041-563-3225 ,041-563-3227,"[31198] 충남 천안시 동남구 청수9로 1 (청당동, 청오법조빌딩) 301호",hjyim6381@naver.com ,
126,최종석,최종석,崔鍾碩,1980.11.30,대전,사법시험 50회,법무법인 서산, ,,"[31777] 충남 당진시 청룡길 159 , 3층(읍내동)",bluejschoi@naver.com ,
125,가문일,가문일,賈文一,1971.05.12,대전,변호사시험 1회,변호사가문일법률사무소,041-665-0345 ,041-665-0347,[31988] 충남 서산시 공림4로 22 (예천동) 현지빌딩 3층302호,kamoonil@hanmail.net ,
123,김한규,김한규,金漢奎,1975.05.28,대전,사법시험 51회,변호사김한규법률사무소,041-621-0071 ,041-621-0072,"[31198] 충남 천안시 동남구 청수14로 62 (청당동, 법조타운) 401호",firstlawyer@daum.net ,
122,장기진,장기진,張基振,1979.01.01,대전,사법시험 51회,법무법인 윈앤윈,041-557-5508 ,041-557-5506,"[31198] 충남 천안시 동남구 청수14로 102 , 503호, 504호, 505호(청당동, 에이스법조타워)", ,
121,김유정,김유정,金裕正,1981.02.14,대전,사법시험 51회,법무법인 여는,041-910-1414 ,041-910-1419,"[336-010] 충남 아산시 온궁로 4,3층(온천동)",yjkim815@nate.com ,
120,최원경,최원경,崔元競,1983.01.25,대전,사법시험 51회,법무법인 새녘,041-522-2244 ,041-522-2188,"[31211] 충남 천안시 동남구 청당2길 83-15, 401호 (청당동, 새녘빌딩)",wonnig17@hanmail.net ,
118,김정태,김정태,金正泰,1970.03.07,대전,사법시험 51회,법무법인 청암,041-621-7100 ,041-621-7103,"[31198] 충남 천안시 동남구 청수14로 68, 103호, 1005호 (청당동, 센타타워빌딩)) (확장) 충남 천안시 동남구 청수9로 1, 802호(청당동, 청오법조빌딩)",tai503@hanmail.net ,
117,이대환,이대환,李大煥,1975.03.28,대전,사법시험 44회,법무법인 새녘,041-522-2244 ,041-522-2188,"[31211] 충남 천안시 동남구 청당2길 83-15, 401호 (청당동, 새녘빌딩)",adrip2004@nate.com ,
116,최병열,최병열,崔炳烈,1980.08.29,대전,사법시험 50회,변호사최병열법률사무소,--0419003993 ,--0419003903,"[31198] 충남 천안시 동남구 청수14로 60 (청당동, 서미법조타워) 708호",jiseung708@hanmail.net ,
115,이지아,이지아,李智娥,1973.03.30,대전,사법시험 48회,변호사이지아법률사무소,041-523-8840 ,041-554-8840,"[31198] 충남 천안시 동남구 청수5로 11 (청당동, 세무빌딩) 402호",eza93@hanmail.net ,
114,이상희,이상희,李相熙,1977.01.23,대전,사법시험 49회,법무법인 정도,041-568-6700 ,041-568-6702,"[330-990] 충남 천안시 동남구 신부7길7 ,305호(신부동,중앙빌딩)",solayluna@hanmail.net ,
113,이광희,이광희,李光熙,1973.07.25,대전,사법시험 48회,변호사이광희법률사무소,"041-852-7036,7037 ",041-852-7038,"[314-803] 충남 공주시 한적2길(신관동,신부빌딩) 28-5,2층",ebirdy@naver.com ,
112,조성규,조성규,曺聖奎,1967.04.07,대전,사법시험 40회,법무법인 윈앤윈,041-557-5508 ,041-557-5506,"[31198] 충남 천안시 동남구 청수14로 102 , 503호, 504호, 505호(청당동, 에이스법조타워)",skkhhd@hanmail.net ,
111,강신관,강신관,姜信寬,1978.07.10,대전,사법시험 49회,변호사강신관법률사무소,041-430-8000 ,041-354-8878,"[31777] 충남 당진시 청룡길 135 (읍내동) , 1층",newpipe2@hanmail.net ,
110,서정훈,서정훈,徐政勳,1977.03.02,대전,사법시험 47회,법무법인 윈앤윈,041-557-5508 ,041-557-5506,"[31198] 충남 천안시 동남구 청수14로 102 , 503호, 504호, 505호(청당동, 에이스법조타워)",jhseo178@hanmail.net ,
109,안재홍,안재홍,安載弘,1969.12.19,대전,사법시험 49회,변호사안재홍법률사무소,041-566-4972 ,041-566-4970,"[31198] 충남 천안시 동남구 청수9로 1 (청당동, 청오법조빌딩) 805호",jaehongan@naver.com ,
108,조윤성,조윤성,趙允成,1975.03.10,대전,사법시험 49회,변호사조윤성법률사무소,041-633-9370 ,041-633-9377,[350-809] 충남 홍성군 홍성읍 월산리 847-4 (법조타운 105호),law6328@naver.com ,
107,한덕렬,한덕렬,韓德列,1957.08.27,대전,사법시험 23회,법무법인 한국,041-664-1441 ,041-664-1551,[356-020] 충남 서산시 읍내동 71-13(서원빌딩2층),douglhan@hotmail.com ,
105,박상우,박상우,朴商宇,1955.04.09,대전,사법시험 26회,변호사박상우법률사무소,041-561-7900 ,041-561-7903,"[31198] 충남 천안시 동남구 청수9로 1 (청당동, 청오법조빌딩) 304호",pswkke@hanmail.net ,
104,박혜숙,박혜숙,朴惠淑,1976.03.19,대전,사법시험 48회,변호사박혜숙법률사무소,041-522-5522 ,041-522-5526,"[31198] 충남 천안시 동남구 청수14로 66 (청당동, 선우법조타운) 1002호",whelp2@hanmail.net ,
103,김동준,김동준,金東俊,1964.08.07,대전,사법시험 38회,법무법인 중부,041-582-7200 ,041-551-1232,"[31197] 충남 천안시 동남구 청수6로 60 , 3층(청당동, 국민연금공단천안지사)",djesmina@daum.net ,
102,이문우,이문우,李文雨,1962.09.11,대전,사법시험 38회,법무법인 중부,041-582-7200 ,041-551-1232,"[31197] 충남 천안시 동남구 청수6로 60 , 3층(청당동, 국민연금공단천안지사)",lawcn@naver.com ,
101,강희권,강희권,姜熙權,1968.09.23,대전,사법시험 48회,변호사강희권법률사무소,041-631-0111 ,041-631-2395,[350-809] 충남 홍성군 홍성읍 법원로 24(월산리),gonie87@naver.com ,
100,윤병관,윤병관,尹炳官,1974.06.07,대전,사법시험 46회,법무법인 성공,041-668-3858 ,041-668-8360,"[356-808] 충남 서산시 서해로(예천동) 3185,1층",bky0607@nate.com ,
99,강하영,강하영,姜河英,1975.02.05,대전,사법시험 48회,변호사강하영법률사무소,041-663-0036 ,041-663-0857,[31988] 충남 서산시 공림4로 22 (예천동) 4층 403호,qaz6661@hanmail.net ,
98,조상원,조상원,趙祥元,1976.02.06,대전,사법시험 48회,변호사조상원법률사무소,041-522-5522 ,041-522-5526,[31198] 충남 천안시 동남구 청수14로 66 (청당동) 선우법조타운 1002호,megamassjo@hanmail.net ,
97,박형준,박형준,朴炯俊,1974.07.23,대전,사법시험 47회,법무법인 사명,041-557-­7400 ,041-557­-7402,"[31198] 충남 천안시 동남구 청수9로 1 , 1층, 7층, 9층(청당동, 청오법조빌딩)",scripturealone@hanmail.net ,
96,채윤주,채윤주,蔡玧柱,1968.08.19,대전,사법시험 39회,법무법인 윈앤윈,041-557-5508 ,041-557-5506,"[31198] 충남 천안시 동남구 청수14로 102 , 503호, 504호, 505호(청당동, 에이스법조타워)",yjchae7@hanmail.net ,
95,유유희,유유희,柳유희,1979.01.24,대전,사법시험 47회,변호사유유희법률사무소,041-564-2700 ,041-564-2703,"[31198] 충남 천안시 동남구 청수14로 68 (청당동, 센타타워) 303호",yuhes@hanmail.net ,가사법 (2015-03-30)
94,이경철,이경철,李慶喆,1974.03.05,대전,사법시험 47회,변호사이경철법률사무소,041-415-0267 ,041-415-0268,"[31198] 충남 천안시 동남구 청수11로 13-11 (청당동, SM스마트빌딩) 7층",kyungcher@hanmail.net ,
93,김현우,김현우,金鉉宇,1978.02.23,대전,사법시험 47회,변호사김현우법률사무소,041-852-7677 ,041-853-7577,[314-802] 충남 공주시 신관동 671-3(현대빌딩4층),brandeis@hanmail.net ,
92,황영명,황영명,黃暎明,1972.06.06,대전,사법시험 47회,서도 법무법인,041-568-6000 ,041-567-4411,"[31198] 충남 천안시 동남구 청수14로 96 , 1층 101-1호(청당동, 백석문화센터)",ymhwang72@naver.com ,
91,이삼용,이삼용,李三龍,1970.01.10,대전,사법시험 45회,변호사이삼용법률사무소,041-522-9903 ,041-522-9905,[330-160] 충남 천안시 동남구 신부동 72-50(2층),k23dragon@daum.net ,
90,김병수,김병수,金昞秀,1963.05.20,대전,사법시험 47회,변호사김병수법률사무소,041-523-8900 ,041-523-8901,"[31198] 충남 천안시 동남구 청수14로 60 (청당동, 서미법조타워) 406호",popolo007@naver.com ,등기 (2015-04-20)
89,유은상,유은상,劉殷相,1969.03.25,대전,군법무관임용시험 13회,법무법인 저스티스,042-482-5050 ,042-482-5056,"[321-900] 충남 계룡시 장안로 43,405호(금암동,대승빌딩)",yess68@naver.com ,군형법 (2013-07-01)
88,박상혁,박상혁,朴相赫,1975.06.23,대전,군법무관임용시험 16회,법무법인(유한) 새미래,041-745-3004 ,041-745-3007,[32939] 충남 논산시 강경읍 계백로 102-1(대흥리),doubruh@daum.net ,
87,황윤상,황윤상,黃允詳,1974.07.20,대전,군법무관임용시험 14회,법무법인 저스티스, ,,"[32569] 충남 공주시 한적2길 37-3, 202호(금흥동)",hwang4141@hanmail.net ,형사법 (2016-03-21);이혼 (2016-03-21)
86,임종석,임종석,林鍾奭,1972.02.28,대전,사법시험 46회,법무법인 정도, ,,"[31197] 충남 천안시 동남구 청수7로 45,5층(청당동)",wwljs21@naver.com ,
85,장영달,장영달,張榮達,,대전,사법시험 39회,변호사장영달법률사무소,041-633-8800 ,041-633-8845,[350-809] 충남 홍성군 홍성읍 월산리 847-4 (홍성법조타운 205호),jangtler@hanmail.net ,
84,성보석,성보석,成俌錫,1977.02.15,대전,사법시험 46회,변호사성보석법률사무소,041-352-2199 ,041-356-2199,"[31777] 충남 당진시 청룡길 159 (읍내동, 용기빌딩) 2층",bssung@jipyong.com ,
83,이태근,이태근,李泰根,1968.08.25,대전,사법시험 46회,변호사이태근법률사무소,041-547-2900 ,041-547-2901,[336-010] 충남 아산시 온천동 1411 (동우빌딩 4층),root-2000@hanmail.net ,
82,최석림,최석림,崔奭林,1973.07.04,대전,사법시험 46회,변호사최석림법률사무소,041-569-7400 ,041-569-7402,"[31198] 충남 천안시 동남구 청수9로 1 (청당동, 청오법조빌딩) 701호",tjrfla0704@naver.com ,
81,유진범,유진범,柳鎭範,1975.06.10,대전,사법시험 46회,변호사유진범법률사무소,041-354-4477 ,041-354-4479,[31774] 충남 당진시 시청2로 6 (수청동) 디엠빌딩 3층,okzihead@gmail.com ,
80,김형규,김형규,金亨奎,1974.12.18,대전,사법시험 46회,변호사김형규법률사무소,041-632-5252 ,041-631-5278,[350-809] 충남 홍성군 홍성읍 법원로41 (홍성법조타운305호),kimgudan@hanmail.net ,
79,심원철,심원철,沈原澈,1966.11.01,대전,사법시험 40회,서도 법무법인,041-568-6000 ,041-567-4411,"[31198] 충남 천안시 동남구 청수14로 96 , 1층 101-1호(청당동, 백석문화센터)",hanminswc@hanmail.net ,
78,임상구,임상구,林相九,1974.07.21,대전,사법시험 45회,변호사임상구법률사무소,"041-565-1523,4 ",041-565-1526,[330-160] 충남 천안시 신부동 472-13 (온양빌딩 3층),wood9@naver.com ,
77,박석규,박석규,朴汐珪,1970.03.17,대전,사법시험 45회,변호사박석규법률사무소,041-667-1717 ,041-664-1177,[356-070] 충남 서산시 예천동 617-4 (법전빌딩 401호),brphc@hanmail.net ,
76,도이현,도이현,都二顯,1971.05.20,대전,사법시험 45회,변호사도이현법률사무소,041-852-4900~1 ,041-852-4903,"[314-803] 충남 공주시 한적2길(신관동,신부빌딩) 28-5,3층",amie42@hanmail.net ,
75,황규한,황규한,黃奎漢,1966.09.07,대전,사법시험 45회,변호사황규한법률사무소,041-522-5331 ,041-522-5338,"[31198] 충남 천안시 동남구 청수9로 1 (청당동, 청오법조빌딩) 102호",for-kh-2001@hanmail.net ,
74,정현우,정현우,鄭賢佑,1973.12.17,대전,사법시험 45회,법무법인 새녘,041-522-2244 ,041-522-2188,"[31211] 충남 천안시 동남구 청당2길 83-15, 401호 (청당동, 새녘빌딩)",saenyeok@hanmail.net ,
73,김영재,김영재,金榮宰,1971.07.10,대전,사법시험 44회,변호사김영재법률사무소,041-632-5252 ,041-631-5278,[350-809] 충남 홍성군 홍성읍 법원로 41 (홍성법조타운305호),0822kyj@hanmail.net ,
72,류수길,류수길,柳秀吉,1973.01.13,대전,사법시험 44회,변호사류수길법률사무소,041-854-9270 ,041-854-9271,"[32568] 충남 공주시 한적2길 52-111,103호(금흥동)",zipizigiboy@hanmail.net ,
71,이창래,이창래,李昶來,1967.08.26,대전,사법시험 44회,변호사이창래법률사무소,041-633-5015 ,041-633-5017,[350-809] 충남 홍성군 홍성읍 월산리 846-1(4층1호),lcrdream@empal.com ,
70,김대원,김대원,金大遠,1968.02.25,대전,사법시험 44회,변호사김대원법률사무소,041-853-1100 ,041-853-1155,"[314-803] 충남 공주시 한적2길(신관동,신부빌딩) 28-5,4층",astra7@unitel.co.kr ,
69,김종덕,김종덕,金鍾德,1973.11.15,대전,사법시험 44회,변호사김종덕법률사무소,041-565-3313 ,041-565-3314,"[31198] 충남 천안시 동남구 청수14로 66 (청당동, 선우법조빌딩) 606호",jdmagic@hanmail.net ,
68,차영갑,차영갑,車英甲,1975.02.25,대전,사법시험 44회,변호사차영갑법률사무소,041-633-8866 ,041-633-8224,[350-809] 충남 홍성군 홍성읍 월산리 846-1 (불란서빌딩 201호),duduky@hanmail.net ,
67,채희석,채희석,蔡熙碩,1970.10.01,대전,사법시험 44회,변호사채희석법률사무소,041-567-8781 ,041-567-8783,"[31198] 충남 천안시 동남구 청수5로 9 (청당동, 동원빌딩) 204호",chs3063@hanmail.net ,
66,김세중,김세중,金勢中,1973.11.23,대전,사법시험 44회,법무법인 새녘,041-522-2244 ,041-522-2188,"[31211] 충남 천안시 동남구 청당2길 83-15, 401호 (청당동, 새녘빌딩)",saenyeok@hanmail.net ,
65,최성수,최성수,崔成秀,1972.01.07,대전,사법시험 43회,변호사최성수법률사무소,041-556-2112 ,041-556-2662,"[31198] 충남 천안시 동남구 청수9로 1 (청당동, 청오법조빌딩) 404호",pouvoirs@hanmail.net ,
64,김명길,김명길,金明吉,1943.12.07,대전,사법시험 12회,서도 법무법인,041-568-6000 ,041-567-4411,"[31198] 충남 천안시 동남구 청수14로 96 , 1층 101-1호(청당동, 백석문화센터)",lawseodo@hanmail.net ,
63,이희균,이희균,李喜均,1971.06.12,대전,사법시험 43회,변호사이희균법률사무소,041-551-0773 ,041-551-0779,[31198] 충남 천안시 동남구 청수14로 66 (청당동) 선우법조타운 805호,itnof@hanmail.net ,
62,강인영,강인영,姜人榮,1972.05.04,대전,사법시험 43회,변호사강인영법률사무소,041-567-3337 ,041-567-3338,"[31198] 충남 천안시 동남구 청수9로 1 (청당동, 청오법조빌딩) 603호",kiy0504@hanmail.net ,행정법 (2016-03-21);의료 (2016-03-21)
61,홍종갑,홍종갑,洪鍾甲,1973.11.10,대전,사법시험 43회,법무법인 사명,041-557-­7400 ,041-557­-7402,"[31198] 충남 천안시 동남구 청수9로 1 , 1층, 7층, 9층(청당동, 청오법조빌딩)",jglaw91@hanmail.net ,
60,강신현,강신현,姜信顯,1964.10.04,대전,사법시험 43회,변호사강신현법률사무소,041-569-7400 ,041-569-7402,"[31198] 충남 천안시 동남구 청수9로 1 (청당동, 청오법조빌딩) 701호",kangdol91@hanmail.net ,
59,이정문,이정문,李楨文,1973.01.05,대전,사법시험 43회,변호사이정문법률사무소,041-621-6565 ,041-621-6563,"[31198] 충남 천안시 동남구 청수9로 1 (청당동, 청오법조빌딩) 602호",jumlee@freechal.com ,
58,도병수,도병수,都秉秀,1961.09.10,대전,사법시험 34회,법무법인 청암,041-621-7100 ,041-621-7103,"[31198] 충남 천안시 동남구 청수14로 68, 103호, 1005호 (청당동, 센타타워빌딩)) (확장) 충남 천안시 동남구 청수9로 1, 802호(청당동, 청오법조빌딩)",lawyer-dbs@hanmail.net ,
57,조규홍,조규홍,曺圭弘,1955.01.25,대전,사법시험 24회,변호사조규홍법률사무소, ,,"[350-809] 충남 홍성군 홍성읍 법원로 37,602호(월산리,불란서빌딩)",jgh3316@cnu.ac.kr ,
56,장언석,장언석,張彦錫,1972.01.31,대전,사법시험 39회,변호사장언석법률사무소,041-633-6050 ,041-633-4666,[350-809] 충남 홍성군 홍성읍 월산리 847-4 (홍성법조타운빌딩 203호),ymsmk1218@naver.com ,
55,정철기,정철기,鄭喆基,1974.09.08,대전,사법시험 42회,변호사정철기법률사무소,041-562-0211 ,041-563-0211,[31198] 충남 천안시 동남구 청수5로 3 (청당동) 랜드마크원빌딩 303호,ckjeong74@hanmail.net ,
54,최신수,최신수,崔愼洙,1970.07.15,대전,사법시험 42회,변호사최신수법률사무소,041-552-0901 ,041-552-0996,[31198] 충남 천안시 동남구 청수14로 66 (청당동) 선우법조타운 905호,brown0715@empas.com ,
53,박영구,박영구,朴永九,1959.05.27,대전,사법시험 42회,"박영구,위석현 공동법률사무소",041-546-5771 ,041-546-5772,"[336-010] 충남 아산시 온천대로 1550,201호(온천동,법조빌딩)",solbawi@hanmail.net ,
52,최문환,최문환,崔文煥,1964.08.15,대전,사법시험 41회,변호사최문환법률사무소,041-555-8700 ,041-555-8703,"[31198] 충남 천안시 동남구 청수5로 10 (청당동, 동천안우체국) 201호",mhchoi0815@hanmail.net ,
51,최진복,최진복,崔振福,1970.07.28,대전,사법시험 41회,변호사최진복법률사무소,041-935-5455 ,041-935-5590,[355-010] 충남 보령시 대천동 434-6(201층),cjb686@hanmail.net ,
49,송호택,송호택,宋鎬澤,1965.04.01,대전,군법무관임용시험 9회,변호사송호택법률사무소,041-554-9997 ,041-556-2522,[330-160] 충남 천안시 신부동 85-14 (2층),jandem@hanmail.net ,
48,조광묵,조광묵,趙光默,1963.08.02,대전,군법무관임용시험 9회,법무법인 청암,041-621-7100 ,041-621-7103,"[31198] 충남 천안시 동남구 청수14로 68, 103호, 1005호 (청당동, 센타타워빌딩)) (확장) 충남 천안시 동남구 청수9로 1, 802호(청당동, 청오법조빌딩)",jk1530@hanmail.net ,
47,김정유,김정유,金正猷,1965.10.23,대전,사법시험 32회,변호사김정유법률사무소,041-668-3500 ,041-668-3505,[356-070] 충남 서산시 예천동 616 (반석빌딩 3층),justlaw65@hanmail.net ,
46,권수철,권수철,權秀澈,1969.05.09,대전,사법시험 40회,변호사권수철법률사무소,041-523-9413 ,041-523-9412,"[31198] 충남 천안시 동남구 청수14로 102 (청당동, 에이스법조타워) 605호",frame8275@hanmail.net ,
45,김석종,김석종,金錫宗,1964.11.20,대전,사법시험 38회,법무법인 서산, ,,"[31777] 충남 당진시 청룡길 159 , 3층(읍내동)",k2plus10@hanmail.net ,
44,오정환,오정환,吳正煥,1966.12.24,대전,사법시험 36회,변호사오정환법률사무소,041-633-0036 ,041-6330078,[32226] 충남 홍성군 홍성읍 법원로 37 (월산리) 불란서빌딩 202호,beforeoj@gmail.com ,
43,위석현,위석현,魏錫鉉,1969.01.07,대전,사법시험 35회,"박영구,위석현 공동법률사무소",041-534-7722 ,041-534-6500,"[336-010] 충남 아산시 온천대로 1550,202호(온천동,법조빌딩)",lawyerwee@hanmail.net ,
42,신윤식,신윤식,申胤植,1964.05.30,대전,사법시험 32회,변호사신윤식법률사무소,041-579-8800 ,041-579-8802,"[31198] 충남 천안시 동남구 청수14로 102 (청당동) , 701호(에이스법조타워)",yunsik20@hanmail.net ,
41,최성진,최성진,崔城珍,1965.09.20,대전,사법시험 29회,변호사최성진법률사무소,041-523-8188 ,041-523-8187,"[31198] 충남 천안시 동남구 청수5로 9 (청당동, 동원빌딩) 504호",csjeens@hanmail.net ,
40,조찬기,조찬기,趙澯紀,1967.05.26,대전,사법시험 38회,변호사조찬기법률사무소,041-563-3225 ,041-563-3227,"[31198] 충남 천안시 동남구 청수9로 1 (청당동, 청오법조빌딩) 301호 국선전담변호사사무실",lawye@naver.com ,
39,이병선,이병선,李炳善,1965.03.10,대전,사법시험 38회,변호사이병선법률사무소,041-356-7123 ,041-356-7204,"[31777] 충남 당진시 청룡길 159 (읍내동, 용기빌딩) 101호",dangjinlaw@hanmail.net ,
38,손한서,손한서,孫漢瑞,1962.11.21,대전,사법시험 38회,변호사손한서법률사무소,041-669-9933-4 ,041-669-9935,[356-070] 충남 서산시 예천동 617-4 (법전빌딩 302호),hanseo9936@hanmail.net ,
37,정연기,정연기,鄭然基,1966.02.05,대전,사법시험 37회,변호사정연기법률사무소,041-631-2077 ,041-631-2076,[350-809] 충남 홍성군 홍성읍 월산리 846-5 (율산빌딩 2층),hbdubmu@naver.com ,
35,김학식,김학식,金學植,1962.02.10,대전,군법무관임용시험 7회,법무법인 홍주,041-632-1700 ,041-633-8482,[350-809] 충남 홍성군 홍성읍 월산리 864-1,hs-kim2580@hanmail.net ,
34,이한선,이한선,李漢善,1964.01.18,대전,사법시험 36회,변호사이한선법률사무소,565-2222 ,02-563-3322,"[330-270] 충남 천안시 동남구 청수14로 96,201호(청당동,백석문화센터)",leehs0004@naver.com ,
33,정상림,정상림,鄭相臨,1940.03.15,대전,사법시험 1회,변호사정상림법률사무소,041-557-­7400 ,041-557­-7402,"[31198] 충남 천안시 동남구 청수9로 1 , 1층, 7층, 9층(청당동, 청오법조빌딩)",jsl7400@nate.com ,
32,임상택,임상택,林尙澤,1961.03.03,대전,사법시험 35회,법무법인 황해,041-663-7212-3 ,041-666-0173,[356-070] 충남 서산시 예천동 616 (반석빌딩 2층),lamitie@kornet.net ,
31,이준연,이준연,李俊淵,1962.12.03,대전,사법시험 35회,변호사이준연법률사무소,041-563-0195 ,041-563-0196,[31198] 충남 천안시 동남구 청수14로 68 (청당동) 센타타워 308호,chif97@hanmail.net ,
30,김동길,김동길,金東吉,1958.03.16,대전,사법시험 32회,법무법인 사명,041-557-­7400 ,041-557­-7402,"[31198] 충남 천안시 동남구 청수9로 1 , 1층, 7층, 9층(청당동, 청오법조빌딩)",kdkill@hanmail.net ,
29,김승호,김승호,金承鎬,1943.02.05,대전,사법시험 9회,서도 법무법인,041-568-6000 ,041-567-4411,"[31198] 충남 천안시 동남구 청수14로 96 , 1층 101-1호(청당동, 백석문화센터)",lawseodo@hanmail.net ,
28,전채준,전채준,全彩準,1959.11.12,대전,사법시험 34회,변호사전채준법률사무소,041-557-6622 ,041-556-1660,[330-070] 충남 천안시 원성동 195-2 (양지빌딩 5층),jcjsp@hanmail.net ,
27,손세귀,손세귀,孫世貴,1961.08.24,대전,사법시험 34회,변호사손세귀법률사무소,041-662-2033 ,041-666-1248,[356-070] 충남 서산시 예천동 617-10 (현지빌딩 201호),sonsoore@naver.com ,
26,이일순,이일순,李日淳,1965.08.13,대전,사법시험 33회,변호사이일순법률사무소,041-681-6644 ,041-665-0801,[356-070] 충남 서산시 예천동 617-4 (법전빌딩 202호),law-21sun@hanmail.net ,
25,고선근,고선근,高宣根,1961.02.02,대전,사법시험 29회,변호사고선근법률사무소,"041-669-7722, 667-2771 ",041-669-7747,[356-070] 충남 서산시 예천동 617-4 (법전빌딩 201호),kohsun@hanafos.com ,
24,정태하,정태하,鄭泰夏,1956.06.11,대전,사법시험 32회,변호사정태하법률사무소,-- ,--,"[31198] 충남 천안시 동남구 청수9로 1 (청당동, 청오법조빌딩) 702호",jthsp@hanmail.net ,
23,이승진,이승진,李承振,1962.12.27,대전,사법시험 28회,대전종합 법무법인,"041-745-1336, 4606 ",041-745-1073,[320-902] 충남 논산시 강경읍 대흥리 46-5,sjin1454@hanmail.net ,
22,남현우,남현우,南賢祐,1961.11.06,대전,사법시험 31회,법무법인 서산,041-667-3434 ,041-667-3436,[356-070] 충남 서산시 예천동 622-2 (법조빌딩 2층),namhw27@hanmail.net ,
21,도중철,도중철,都重喆,1961.06.12,대전,사법시험 28회,변호사도중철법률사무소,041-745-­2968~9 ,041-745­-2969,[320-900] 충남 논산시 강경읍 대흥리 46-10,dojc2969@yahoo.co.kr ,
20,김한수,김한수,金漢秀,1947.04.09,대전,사법시험 23회,변호사김한수법률사무소,041-635-0026 ,041-635-0028,"[350-809] 충남 홍성군 홍성읍 법원로 41,303호(법조타운)",g-khans@hanmail.net ,
18,강구태,강구태,姜求泰,1960.07.24,대전,사법시험 30회,법무법인 홍주,041-633-8483 ,041-633-8482,[350-809] 충남 홍성군 홍성읍 월산리 864-1 (법전빌딩 201호),kanggt60@hotmail.com ,
17,이종태,이종태,李鍾泰,1956.11.15,대전,사법시험 30회,변호사이종태법률사무소,041-665-2162 ,041-666-1756,[356-070] 충남 서산시 예천동 622-2 (법조빌딩 4층),bubsamu@hanmail.net ,
16,박상엽,박상엽,朴相曄,1959.02.20,대전,사법시험 26회,변호사박상엽법률사무소,041-562-0211 ,041-563-0211,[31198] 충남 천안시 동남구 청수5로 3 (청당동) 랜드마크원빌딩 303호,psyjck0211@naver.com ,
15,정용환,정용환,鄭用煥,1956.09.04,대전,사법시험 29회,변호사정용환법률사무소,041-745-2971~2 ,041-745-2973,[320-902] 충남 논산시 강경읍 대흥리 46-10 (KT 1층),yhj284@naver.com ,
14,배기명,배기명,裵基明,1961.01.23,대전,사법시험 29회,변호사배기명법률사무소,041-633-8001-2 ,041-633-8003,[350-809] 충남 홍성군 홍성읍 월산리 846-1 (불란서빌딩 301호),bgm1@naver.com ,
13,한종술,한종술,韓鍾述,1959.12.18,대전,사법시험 29회,변호사한종술법률사무소,041-555-3500 ,041-555-3502,"[31198] 충남 천안시 동남구 청수5로 9 (청당동, 동원빌딩) 301호",hanslaw@naver.com ,국제거래 (2017-08-10);해외투자 (2017-08-10)
12,최원영,최원영,崔元榮,1960.02.10,대전,사법시험 28회,변호사최원영법률사무소,041-665-0815 ,041-666-2835,[356-070] 충남 서산시 예천동 617-16 (서호빌딩 3층),cwy0815@hanmail.net ,
11,오세용,오세용,吳世龍,1956.10.15,대전,사법시험 27회,변호사오세용법률사무소,041-555-3311 ,041-555-3312,"[31198] 충남 천안시 동남구 청수14로 60 (청당동, 서미법조타워) 405호",oh-young1015@hanmail.net ,
10,김영선,김영선,金永先,1958.08.03,대전,사법시험 25회,변호사김영선법률사무소,041-666-1757 ,041-666-1756,[356-070] 충남 서산시 예천동 622-2 (법조빌딩 4층),bubsamu@hanmail.net ,
8,서정일,서정일,徐廷一,1960.12.02,대전,사법시험 24회,변호사서정일법률사무소,041-557-3200 ,041-557-3326,[31198] 충남 천안시 동남구 청수5로 3 (청당동) 랜드마크원 603호,sjilaw@kornet.net ,
6,문석호,문석호,文錫鎬,1959.07.12,대전,사법시험 23회,변호사문석호법률사무소,041-669-3003 ,041-669-3005,[356-070] 충남 서산시 예천동 618 (한진빌딩 2층),moonlaw@hanmail.net ,
5,이재산,이재산,李在山,1953.04.10,대전,사법시험 24회,법무법인 홍주,041-632-1220 ,041-633-7074,[350-809] 충남 홍성군 홍성읍 월산리 864-1,lizaishan-law@hanmail.net ,
4,이재호,이재호,李在昊,1959.02.21,대전,사법시험 23회,변호사이재호법률사무소,041-568-4501 ,041-551-6694,"[31198] 충남 천안시 동남구 청수14로 62 (청당동, 천안법조타운) 403호",jasonli@hanmail.net ,
3,홍용표,홍용표,洪龍杓,1944.03.21,대전,군법무관임용시험 1회,변호사홍용표법률사무소,041-745-­6037 ,041-745­-6064,[320-905] 충남 논산시 강경읍 채산리 549-­15,jusirbk@hanmail.net ,
1,설경진,설경진,薛景鎭,1941.06.18,대전,사법시험 8회,변호사설경진법률사무소,041-663-0036 ,041-636-0034,"[31988] 충남 서산시 공림4로 19 , 301호(예천동)", ,
