번호,이름(목록),이름(상세),이름(한자),생년월일,소속회,자격시험,사무소명,사무실전화,사무실팩스,사무실주소,이메일,전문분야
191,김호일,김호일,金鎬一,1976.10.23,충북,사법시험 57회,법무법인(유한) 새미래, ,,"[29032] 충북 옥천군 옥천읍 중앙로 97, 2층 (삼양리)",kimgumsa@hanmail.net ,
190,김혜민,김혜민,金惠民,1988.06.25,충북,변호사시험 5회,법무법인 상승,043-283-3323 ,043-283-3382,[361-160] 충북 청주시 흥덕구 산남동 603(마누엘빌딩 4층),khm88625@naver.com ,
189,김태헌,김태헌,金泰憲,1984.03.03,충북,변호사시험 6회,변호사김태헌법률사무소,043-292-7774 ,043-294-7774,"[28625] 충북 청주시 서원구 산남로62번길 35 (산남동, 미소시티II) 102호",oklawoffice@naver.com ,
188,정윤채,정윤채,鄭贇採,1978.10.14,충북,변호사시험 6회,변호사정윤채법률사무소,043-291-5222 ,043-291-7080,"[28625] 충북 청주시 서원구 산남로62번길 34 (산남동, 광장빌딩) 3층",yoonchae@hanmail.net ,
187,이상은,이상은,李尙殷,1988.11.27,충북,변호사시험 6회,변호사이상은법률사무소,043-284-1377 ,043-285-1201,"[28625] 충북 청주시 서원구 산남동 602, 성안빌딩 3층 ",ysluvr@nate.com ,
186,유재환,유재환,柳在桓,1981.07.04,충북,변호사시험 6회,법무법인 주성,043-286-1259 ,043-287-3200,"[28625] 충북 청주시 서원구 산남로70번길 14 (산남동, 하이탑빌딩) 3층",steward94@naver.com ,
185,이승철,이승철,李勝哲,1978.06.28,충북,사법시험 56회,법무법인 서울로,043-733-7890 ,043-733-8116,"[29039] 충북 옥천군 옥천읍 중앙로 94 (문정리, 법률사무소) 94",yisch@naver.com ,
184,민경철,민경철,閔庚哲,1981.11.08,충북,변호사시험 6회,법무법인 충청,043-241-1111 ,043-212-0419,"[28625] 충북 청주시 서원구 산남로62번길 35 (산남동, 미소시티II) 601호",min.chungju.lawyer@gmail.com ,
183,안연하,안연하,安軟何,1985.12.09,충북,변호사시험 6회,변호사안연하법률사무소,043-283-9970 ,043-283-9971,"[28625] 충북 청주시 서원구 산남로70번길 34 (산남동, 신성미소시티블루1) 4층 408호",Ahnyeonha@gmail.com ,
182,장광덕,장광덕,張光德,1977.04.20,충북,변호사시험 6회,변호사장광덕법률사무소,043-283-9970 ,043-283-9971,"[28625] 충북 청주시 서원구 산남로70번길 34 (산남동, 신성미소시티블루1) 4층, 408호",rbs-1901@hanmail.net ,
181,박진성,박진성,朴振成,1988.02.28,충북,변호사시험 6회,법무법인 유안,043-295-5151 ,043-295-5154,"[28625] 충북 청주시 서원구 두꺼비로94번길 56-1 (산남동, 최천수법무사) 3층",pjschallenge@naver.com ,
180,소재윤,소재윤,蘇在允,1982.03.05,충북,변호사시험 4회,변호사소재윤법률사무소,043-283-3323 ,043-283-3382,"[28625] 충북 청주시 서원구 산남로62번길 26 (산남동, 마누엘빌딩) 3층, 4층",aynilove@gmail.com ,
179,강유진,강유진,姜有珍,1986.08.05,충북,사법시험 54회,법무법인 상승,043-283-3323 ,043-283-3382,[361-160] 충북 청주시 흥덕구 산남동 603(마누엘빌딩 4층),loveapple-28@hanmail.net ,
178,박종엽,박종엽,朴鍾葉,,충북,사법시험 48회,변호사박종엽법률사무소,043-910-5735 ,043-910-5736,[27364] 충북 충주시 계명대로 116 (교현동) 2층,pjypjy314@naver.com ,
177,이승건,이승건,李承建,1983.05.28,충북,변호사시험 5회,법무법인 양지,043-254-0088 ,043-254-0055,[361-160] 충북 청주시 흥덕구 산남동 601 광장빌딩 4층,jinybe@hanmail.net ,
176,정해인,정해인,丁海仁,1988.08.15,충북,변호사시험 5회,변호사정해인법률사무소,-- ,--,"[28626] 충북 청주시 서원구 원흥로 90 (산남동, 청보프라자) 302호",gentlesea.j@gmail.com ,
175,박융겸,박융겸,朴融謙,1985.09.07,충북,변호사시험 5회,제우 공동법률사무소,043-296-3901 ,043-296-3900,"[28625] 충북 청주시 서원구 산남로62번길 15 (산남동, 두꺼비빌딩) 304호",yunggyeom@gmail.com ,
174,윤종락,윤종락,尹鍾洛,1980.02.25,충북,변호사시험 5회,변호사윤종락법률사무소,043-283-9970 ,043-283-9971,"[28625] 충북 청주시 서원구 산남로70번길 34 (산남동, 신성미소시티블루1) 4층 408호",gocalm@hanmail.net ,
173,이민규,이민규,李民圭,1980.04.23,충북,변호사시험 5회,변호사이민규법률사무소,043-283-9970 ,043-283-9971,"[28625] 충북 청주시 서원구 산남로70번길 34 (산남동, 신성미소시티블루1) 408호",lmk377@daum.net ,
172,전양제,전양제,全良濟,1984.01.13,충북,변호사시험 5회,법무법인 우성,043-745-3200 ,043-745-8338,[29150] 충북 영동군 영동읍 영동황간로 69 (매천리) 2층,jyjen@naver.com ,
171,박선율,박선율,朴姺律,1985.09.07,충북,변호사시험 4회,변호사박선율법률사무소,043-845-7007 ,043-855-8079,"[27357] 충북 충주시 계명대로 113 , 2층, 3층(교현동)", ,
170,정준호,정준호,鄭俊鎬,1985.02.16,충북,변호사시험 4회,법무법인 함께걷기,043-285-7555 ,043-295-7555,"[28625] 충북 청주시 서원구 산남로62번길 15 , 306호(산남동, 두꺼비빌딩)",revjuno@naver.com ,
169,배바로니,배바로니,裵바로니,1984.10.30,충북,변호사시험 4회,변호사배바로니법률사무소,043-292-1306 ,043-292-1320,[28625] 충북 청주시 서원구 두꺼비로78번길 53 (산남동 ) 현대빌딩 2층,baeba@hanmail.net ,
168,백선빈,백선빈,白善斌,1989.02.09,충북,변호사시험 4회,법무법인 충청,043-241-1111 ,043-212-0419,"[28625] 충북 청주시 서원구 산남로62번길 35, 602호 (산남동, 미소시티II)",sksdlsb@naver.com ,
167,조재희,조재희,趙在熙,1987.01.26,충북,변호사시험 4회,변호사조재희법률사무소,043-288-0355 ,0432-288-0354,"[28625] 충북 청주시 서원구 산남로62번길 35 (산남동, 미소시티II) ",jaehee126@hanmail.net ,
166,양병진,양병진,梁炳鎭,1985.08.16,충북,변호사시험 4회,변호사양병진법률사무소,043-294-0789 ,043-294-0798,"[28626] 충북 청주시 서원구 원흥로 94 (산남동, 덕원회관) 101호, 102호",eojin_law@naver.com ,
165,정봉수,정봉수,鄭莑洙,1965.12.24,충북,변호사시험 4회,변호사정봉수법률사무소,043-284-1600 ,043-284-1612,"[28625] 충북 청주시 서원구 산남로 64,5층501호(산남동,엔젤변호사빌딩)",lawyerjbs@naver.com ,
164,한상진,한상진,韓相鎭,1965.02.25,충북,사법시험 34회,변호사한상진법률사무소, ,,"[362-160] 충북 청주시 서원구 산남로70번길 34,605호(산남동,신성미소시티블루1)",hansjpro@hanmail.net ,
163,정민용,정민용,鄭敏用,1981.09.09,충북,변호사시험 3회,변호사정민용법률사무소,043-292-3003 ,043-292-4747,"[362-160] 충북 청주시 서원구 산남로70번길 34,605호(산남동,신성미소블루1)",ceo.prt@gmail.com ,
162,양성민,양성민,梁誠珉,1984.05.01,충북,변호사시험 3회,변호사양성민법률사무소,043-291-7747 ,043-291-7749,"[362-160] 충북 청주시 서원구 산남로62번길 15,307호(산남동,두꺼비빌딩)",kiwi840501@naver.com ,
161,신인경,신인경,申仁景,1982.09.14,충북,변호사시험 3회,법무법인 주성,043-286-1259 ,043-287-3200,"[28625] 충북 청주시 서원구 산남로70번길 14 (산남동, 하이탑빌딩) 3층",colt0914@gmail.com ,
159,김미영,김미영,金美英,1984.01.19,충북,사법시험 53회,변호사김미영법률사무소,043-283-3323 ,043-283-3382,[361-160] 충북 청주시 흥덕구 산남동 603(마누엘빌딩 4층),yo_meng@hanmail.net ,
158,방명은,방명은,方明垠,1984.11.28,충북,사법시험 53회,법무법인 명장,043-284-6006 ,043-287-8844,"[28625] 충북 청주시 서원구 산남로62번길 31 (산남동, 원흥법조빌딩) 4층",1128lawyer@gmail.com ,
157,차창모,차창모,車昌模,1976.11.12,충북,사법시험 48회,법무법인 파랑,043-294-9410 ,043-296-9410,"[28625] 충북 청주시 서원구 산남로70번길 14, 501호(산남동, 하이탑빌딩)",ckckdah@naver.com ,
156,이윤선,이윤선,李윤鮮,1983.04.18,충북,변호사시험 3회,법무법인 열린법률,043-845-7007 ,043-855-8079,"[27357] 충북 충주시 계명대로 113 , 2층, 3층(교현동)", ,
155,한용희,한용희,韓龍熙,1983.08.26,충북,변호사시험 3회,변호사한용희법률사무소,010-9411-0528 ,--,"[29150] 충북 영동군 영동읍 영동황간로 61 (매천리, 이승재변호사) 2층",hanyh826@hanmail.net ,
154,이미영,이미영,李美永,1981.06.10,충북,변호사시험 3회,법무법인 충청,043-241-1111 ,043-212-0419,"[362-160] 충북 청주시 서원구 산남로 62번길 35, 601, 602호(산남동)",lmysmart@hanmail.net ,
153,이민,이민,李旼,1980.07.10,충북,변호사시험 3회,법무법인(유한) 새미래,043-533-9001 ,043-533-9016,"[27840] 충북 진천군 진천읍 남산길 54-1 (교성리, 미니슈퍼 )",haffe@naver.com ,형사법 (2018-01-02)
152,백정미,백정미,白貞美,1978.08.07,충북,사법시험 53회,법무법인 명장,043-284-6006 ,043-287-8844,[361-160] 충북 청주시 흥덕구 산남동 591(원흥빌딩 401호),whrose97@hanmail.net ,
151,이중원,이중원,李中元,1974.01.03,충북,사법시험 53회,법률사무소 충주,043-843-3060 ,043-843-3061,[27357] 충북 충주시 계명대로 115 (교현동) 2층,peoplenlaw@naver.com ,
150,정병화,정병화,鄭丙和,1977.10.12,충북,사법시험 53회,변호사정병화법률사무소,043-291-5555 ,043-291-5554,"[28625] 충북 청주시 서원구 산남로 64 (산남동, 엔젤변호사빌딩) 6층 605호",sremtj@hanmail.net ,
149,유경태,유경태,柳炅兌,1978.01.29,충북,변호사시험 2회,법무법인 천명,043-296-3490 ,043-296-3491,"[28625] 충북 청주시 서원구 산남로62번길 35, 402호(산남동, 미소시티II)",willowkt@naver.com ,
148,이나현,이나현,李奈玹,1986.01.09,충북,변호사시험 2회,서원 법무법인,043-283-6565 ,043-283-9600,[361-160] 충북 청주시 흥덕구 원흥로 84(산남동),nastlove@naver.com ,
146,노동영,노동영,盧東永,1978.12.30,충북,변호사시험 2회,변호사노동영법률사무소,043-263-9268 ,0504-367-9251,[28187] 충북 청주시 상당구 남일면 효촌송암길 11 (효촌리) 상당빌딩 304호,noicjj@hanmail.net ,
145,조성전,조성전,趙誠澶,1977.03.08,충북,변호사시험 2회,변호사조성전법률사무소,043-298-0201 ,043-298-0203,"[28625] 충북 청주시 서원구 산남로70번길 18 (산남동, 뉴월프라자) 301호",seongjeon@hotmail.com ,
144,김빛,김빛,金빛,1980.04.17,충북,변호사시험 2회,법무법인(유한) 새미래,043-744-7775 ,043-744-6680,[29150] 충북 영동군 영동읍 영동황간로 60,kv@kspat.com ,
143,오진숙,오진숙,吳珍淑,1981.07.04,충북,변호사시험 2회,변호사오진숙법률사무소,043-296-5455 ,043-293-5455,[28594] 충북 청주시 흥덕구 사직대로 42-1 (복대동) 태산빌딩 4층 청주노동인권센터,read_stylist@naver.com ,
142,이지혜,이지혜,李智惠,1982.09.15,충북,변호사시험 2회,법무법인(유한) 새미래, ,,"[28626] 충북 청주시 서원구 원흥로 90 , 103호(산남동, 청보프라자)",jihyelee9376@naver.com ,이혼 (2017-12-04)
141,권택인,권택인,權宅寅,1974.04.25,충북,변호사시험 2회,법무법인 충청,043-241-1111 ,043-212-0419,"[362-160] 충북 청주시 서원구 산남로62번길 35,601호(산남동,미소시티2)",molpoong@daum.net ,
140,명지성,명지성,明志星,1976.03.07,충북,변호사시험 2회,변호사명지성법률사무소,043-284-3100 ,043-284-3103,"[362-160] 충북 청주시 서원구 산남로62번길 34,2층(산남동,광장빌딩)",jisung727@hanmail.net ,
138,안재영,안재영,安宰永,1981.04.26,충북,사법시험 49회,법무법인 유안,043-295-5151 ,043-295-5154,[361-160] 충북 청주시 흥덕구 산남동 615(3층),ddfly88@naver.com ,
137,유달준,유달준,劉達俊,1980.12.11,충북,사법시험 49회,법무법인 유안,"043-295-5151,2 ",043-295-5154,[361-160] 충북 청주시 흥덕구 산남동 615(3층),yoozidane@naver.com ,형사법 (2018-04-02)
136,김유원,김유원,金裕媛,1983.06.19,충북,사법시험 52회,변호사김유원법률사무소,043-857-1600 ,043-857-1601,"[380-951] 충북 충주시 계명대로 106,2층(교현동)",ajau1@hanmail.net ,
135,박재성,박재성,朴宰成,1975.01.14,충북,사법시험 51회,변호사박재성법률사무소,043-284-1377 ,043-285-1201,[361-160] 충북 청주시 흥덕구 산남동 602(성안빌딩3층),hobby2000@hanmail.net ,
134,진윤기,진윤기,陳胤基,1977.03.13,충북,사법시험 52회,변호사진윤기법률사무소,043-291-7747 ,043-291-7749,[361-160] 충북 청주시 흥덕구 산남동 588(두꺼비빌딩307호),rechtjin@naver.com ,
133,박정련,박정련,朴貞鍊,1978.10.26,충북,변호사시험 1회,변호사박정련법률사무소,043-294-8577 ,043-294-8558,"[28625] 충북 청주시 서원구 산남로62번길 35, 403호(산남동, 미소시티II)",goldroma@hanmail.net ,
132,이형재,이형재,李炯在,1981.02.05,충북,변호사시험 1회,법무법인 파랑,043-294-9410 ,043-296-9410,"[28625] 충북 청주시 서원구 산남로70번길 14, 501호(산남동, 하이탑빌딩)",hyungjaelee81@gmail.com ,
131,조민우,조민우,曺旻佑,1983.03.25,충북,변호사시험 1회,법무법인 주성,043-286-1259 ,043-287-3200,[361-160] 충북 청주시 흥덕구 산남동 585 (하이탑빌딩 3층),chb2346@naver.com ,
130,정세윤,정세윤,鄭勢奫,1982.03.20,충북,변호사시험 1회,법무법인 함께걷기,043-285-7555 ,043-295-7555,"[28625] 충북 청주시 서원구 산남로62번길 15 , 306호(산남동, 두꺼비빌딩)",withyoulaw@gmail.com ,지적재산권법 (2015-05-18)
129,정종학,정종학,鄭鍾學,1983.02.20,충북,변호사시험 1회,변호사정종학법률사무소,043-294-8577 ,043-294-8558,"[28625] 충북 청주시 서원구 산남로62번길 35, 403호(산남동, 미소시티II)",jeongjonghak@gmail.com ,
128,어수용,어수용,魚秀龍,1965.07.17,충북,사법시험 27회,법무법인 상승,043-283-3323~4 ,043-283-3382,[361-160] 충북 청주시 흥덕구 산남동 603(마누엘빌딩4층),asudragon@naver.com ,
127,양원호,양원호,梁原豪,1964.11.23,충북,변호사시험 1회,변호사양원호법률사무소,043-284-1600 ,043-284-1612,"[361-160] 충북 청주시 흥덕구 산남로(산남동,엔젤변호사빌딩) 64,501호",wonholaw@naver.com ,
126,박진현,박진현,朴鎭顯,1978.09.28,충북,변호사시험 1회,변호사박진현법률사무소,043-241-1111 ,043-212-0419,"[28625] 충북 청주시 서원구 산남로62번길 35,601호(산남동,미소시티2I)",zinnhyun@gmail.com ,
125,김미화,김미화,金美和,1980.08.11,충북,변호사시험 1회,변호사김미화법률사무소,070-7703-9976 ,043-288-6207,[361-160] 충북 청주시 흥덕구 산남동 591(원흥빌딩3층),with-miha@hanmail.net ,
124,최영진,최영진,崔永鎭,1982.12.25,충북,사법시험 51회,변호사최영진법률사무소,043-286-4373 ,0303-3445-4373,"[362-160] 충북 청주시 서원구 산남로62번길 31,3층(산남동,원흥빌딩)",sabupass@hanmail.net ,
121,이영란,이영란,李瑛蘭,1973.02.10,충북,사법시험 51회,변호사이영란법률사무소,043-291-4455 ,043-291-3455,"[28625] 충북 청주시 서원구 산남로62번길 34 (산남동, 광장빌딩) 103호",leeaire@hanmail.net ,
119,신영인,신영인,辛影寅,1977.04.16,충북,사법시험 51회,변호사신영인법률사무소,043-291-4455 ,043-291-3455,"[28625] 충북 청주시 서원구 산남로62번길 34 (산남동, 광장빌딩) 103호",in416@naver.com ,
118,강병권,강병권,姜秉權,1982.06.28,충북,변호사시험 1회,제우 공동법률사무소,043-296-3901 ,043-296-3900,"[28625] 충북 청주시 서원구 두꺼비로78번길 53 (산남동,현대빌딩) 302호",tglaw-kbk@nate.com ,
117,강대영,강대영,康大榮,1978.09.25,충북,변호사시험 1회,변호사강대영법률사무소,043-731-1151 ,043-731-1171,"[29039] 충북 옥천군 옥천읍 중앙로 102 (문정리, 상점) ",knk1151@naver.com ,
116,박형건,박형건,朴亨健,1975.05.14,충북,사법시험 43회,변호사박형건법률사무소, ,,"[28626] 충북 청주시 서원구 원흥로 90 , 2층(산남동, 청보프라자)",b2010kr@naver.com ,
115,김은정,김은정,金銀貞,1976.08.28,충북,사법시험 50회,변호사김은정법률사무소,043-731-1151 ,043-731-1171,"[29039] 충북 옥천군 옥천읍 중앙로 102 (문정리, 상점) ",knk1151@naver.com ,
114,전광식,전광식,全光植,1964.09.27,충북,사법시험 30회,법무법인 휘담지현재,043-288-2112 ,043-288-2113,"[28626] 충북 청주시 서원구 원흥로 90 , 201호(산남동, 청보프라자)",austin5309@hanmail.net ,
113,이정은,이정은,李正恩,1982.12.20,충북,사법시험 51회,변호사이정은법률사무소,043-292-3003 ,--,"[28625] 충북 청주시 서원구 산남로70번길 34 (산남동, 신성미소시티블루1) 605호",ennio1220@nate.com ,
112,이규철,이규철,李奎哲,1975.11.21,충북,사법시험 51회,변호사이규철법률사무소,043-287-0030 ,043-283-6100,[361-160] 충북 청주시 흥덕구 산남동 592(신성미소시티II202호),lkc1121@hanmail.net ,
111,강수호,강수호,姜秀昊,1975.02.12,충북,사법시험 51회,법무법인 양지,043-254-0088 ,043-254-0055,[361-160] 충북 청주시 흥덕구 산남동 601(광장빌딩4층),ksh1848@gmail.com ,
110,이수현,이수현,李首弦,1977.02.11,충북,사법시험 50회,변호사이수현법률사무소,043-283-8511 ,043-283-8512,"[361-160] 충북 청주시 흥덕구 원흥로 90,202호(산남동,청보프라자)",2717203@naver.com ,
109,박남현,박남현,朴男鉉,1977.08.27,충북,사법시험 50회,변호사박남현법률사무소,043-288-6768 ,043-288-6769,"[28625] 충북 청주시 서원구 산남로70번길 18 (산남동, 뉴월드프라자) 504호",irissen@naver.com ,
108,황성주,황성주,黃聖周,1961.01.25,충북,사법시험 28회,법무법인 양지,043-254-0088 ,043-254-0055,[361-160] 충북 청주시 흥덕구 산남동 601(광장빌딩4층),hsjjd1109@hanmail.net ,
107,김종열,김종열,金鍾烈,1969.03.12,충북,사법시험 50회,변호사김종열법률사무소,"043-854-8871,2 ",043-854-8873,"[380-951] 충북 충주시 계명대로(교현동) 115,3층",kimwhdduf@hanmail.net ,
105,안혜정,안혜정,安惠貞,1982.10.01,충북,사법시험 50회,변호사안혜정법률사무소,043-857-1600 ,043-857-1601,"[380-951] 충북 충주시 계명대로 106,2층(교현동)",anhye333@nate.com ,
104,김혜은,김혜은,金慧恩,1977.05.23,충북,사법시험 50회,변호사김혜은법률사무소,070-7703-9976 ,043-288-6207,[361-160] 충북 청주시 흥덕구 산남동 591(원흥법조빌딩308호),marilda@nate.com ,
103,이성구,이성구,李成九,1975.04.07,충북,사법시험 50회,변호사이성구법률사무소,043-283-8025 ,043-283-8026,[361-160] 충북 청주시 흥덕구 원흥로 72(산남동),sungkoolee@naver.com ,이혼 (2018-01-02)
102,박아롱,박아롱,朴아롱,1981.02.17,충북,사법시험 50회,변호사박아롱법률사무소,043-288-0355 ,043-283-0354,"[28625] 충북 청주시 서원구 산남로62번길 35 (산남동, 미소시티II) 301호",lena17@daum.net ,
101,최우식,최우식,崔宇植,1973.12.03,충북,사법시험 50회,변호사최우식법률사무소,043-291-5333 ,043-291-7080,"[28625] 충북 청주시 서원구 산남로70번길 18 (산남동, 뉴월드프라자) 501호",junebe21@hanmail.net ,
100,김혜진,김혜진,金慧珍,1977.03.03,충북,사법시험 49회,변호사김혜진법률사무소,043-291-9551 ,043-291-9553,"[28626] 충북 청주시 서원구 원흥로 90 (산남동, 청보프라자) 4층",iiiisis@naver.com ,형사법 (2013-12-30);이혼 (2013-12-30)
99,권정나,권정나,權貞那,1972.02.22,충북,사법시험 49회,변호사권정나법률사무소,043-286-4373 ,,"[28625] 충북 청주시 서원구 산남로62번길 31, 309호(산남동, 원흥법조빌딩)",jntruth@hanmail.net ,
97,석동규,석동규,昔東奎,1962.02.15,충북,사법시험 32회,법무법인 주성,043-290-4000 ,043-287-3200,[361-160] 충북 청주시 흥덕구 산남동 585,sdg2208@hanmail.net ,
96,윤영석,윤영석,尹永碩,1982.08.22,충북,사법시험 49회,변호사윤영석법률사무소,-- ,--,"[28625] 충북 청주시 서원구 산남로62번길 31 (산남동, 원흥법조빌딩) 3층 사법발전재단",stonebreaker@naver.com ,
95,오원근,오원근,吳原根,1967.12.13,충북,사법시험 38회,법무법인 청주로,043-286-5500 ,043-286-5600,"[28625] 충북 청주시 서원구 산남로 64 , 702호, 703호 (산남동, 엔젤변호사빌딩)",wonishs@hanmail.net ,
94,신대희,신대희,申大熙,1975.03.04,충북,사법시험 43회,변호사신대희법률사무소,043-288-3700 ,043-288-3707,"[362-160] 충북 청주시 서원구 산남로70번길 34,604호(산남동,신성미소시티블루빌딩)",sindahi@hanmail.net ,
93,이광형,이광형,李光珩,1961.11.28,충북,사법시험 27회,변호사이광형법률사무소,043-294-1400 ,043-294-1402,[28625] 충북 청주시 서원구 산남동 601(광장빌딩 5층),procom1234@hanmail.net ,
91,신국희,신국희,申國熙,1978.09.16,충북,사법시험 48회,변호사신국희법률사무소,043-286-8100 ,043-286-8101,"[362-160] 충북 청주시 서원구 산남로62번길 31,202호(산남동,원흥법조빌딩)",shgh9@hanmail.net ,
90,윤한철,윤한철,尹漢哲,1975.04.20,충북,사법시험 48회,변호사윤한철법률사무소,043-284-1377 ,043-285-1201,[361-160] 충북 청주시 흥덕구 산남동 602 (성안빌딩 3층),yhc7500@naver.com ,부동산 (2011-10-04)
89,신상배,신상배,申相培,1979.05.20,충북,사법시험 48회,변호사신상배법률사무소,043-286-3400 ,043-286-3401,[361-160] 충북 청주시 흥덕구 산남동 592(신성미소시티블루2 204호),shiin119@naver.com ,
88,이세호,이세호,李世鎬,1971.10.03,충북,사법시험 48회,서원 법무법인,043-882-7440 ,043-882-2115,"[369-905] 충북 음성군 금왕읍 무극로 213,4층(무극리,승덕빌딩)",lawjincheon@gmail.com ,
86,홍종영,홍종영,洪종英,1977.04.03,충북,사법시험 48회,법무법인 파랑,043-294-9410 ,043-296-9410,"[28625] 충북 청주시 서원구 산남로70번길 14, 501호(산남동, 하이탑빌딩)",jyhong38@naver.com ,
85,조상호,조상호,趙相鎬,1976.01.09,충북,사법시험 48회,법무법인 파랑,043-294-9410 ,043-296-9410,"[28625] 충북 청주시 서원구 산남로70번길 14, 501호(산남동, 하이탑빌딩)",dikescale@hanmail.net ,
84,김용걸,김용걸,金容杰,1974.01.01,충북,사법시험 44회,변호사김용걸법률사무소,043-903-7921 ,043-903-7925,"[28625] 충북 청주시 서원구 산남로62번길 31 (산남동, 원흥법조빌딩) 303호-305호",tangk111@hanmail.net ,회사법 (2017-07-04)
83,정일순,정일순,鄭一順,1979.02.25,충북,사법시험 47회,변호사정일순법률사무소,043-903-7921 ,043-903-7925,"[28625] 충북 청주시 서원구 산남로62번길 31 (산남동, 원흥법조빌딩) 303호",beyond97@hanmail.net ,가사법 (2017-07-04)
82,이종훈,이종훈,李鍾勳,1965.07.16,충북,사법시험 46회,법무법인 열린법률,"043-283-3773,4 ",043-284-3773,[361-160] 충북 청주시 흥덕구 산남동 362 (덕원회관 4층),ejh456@naver.com ,
81,김한근,김한근,金漢根,1973.01.01,충북,사법시험 46회,법무법인 주성,043-286-1259 ,043-286-3200,[361-160] 충북 청주시 흥덕구 산남동 585 (하이탑빌딩 3층),artk119@naver.com ,
80,오해진,오해진,吳海鎭,1971.01.28,충북,사법시험 41회,법무법인 함께걷기,043-285-7555 ,043-295-7555,"[28625] 충북 청주시 서원구 산남로62번길 15 , 306호(산남동, 두꺼비빌딩)",withyoulaw@gmail.com ,도산 (2015-05-04)
79,권영국,권영국,權寧國,1962.04.27,충북,사법시험 46회,변호사권영국법률사무소,043-284-1600 ,043-284-1612,[361-160] 충북 청주시 흥덕구 산남동 657 (엔젤변호사빌딩 501호),4815114@hanmail.net ,
78,천문국,천문국,千文國,1967.07.15,충북,사법시험 45회,변호사천문국법률사무소,043-285-3800 ,043-285-3801,"[362-160] 충북 청주시 서원구 산남로70번길 34,1총210호(산남동,미소시티)",lawmancmk@hanmail.net ,
77,이진혁,이진혁,李進革,1974.08.31,충북,사법시험 45회,변호사이진혁법률사무소,054-437-9617 ,0505-057-7192,[361-150] 충북 청주시 흥덕구 수곡동 82-1 (대한법률구조공단 의정부지부),judas123@hanmail.net ,
76,곽용섭,곽용섭,郭龍燮,1965.04.09,충북,사법시험 35회,변호사곽용섭법률사무소,043-286-9007 ,043-286-9010,"[361-160] 충북 청주시 흥덕구 산남동 591(원흥법조빌딩 602,603호)",xx1965@gmail.com ,
75,김찬학,김찬학,金燦學,1966.03.17,충북,사법시험 40회,법무법인 청남,043-285-9500 ,043-285-9502,[361-160] 충북 청주시 흥덕구 산남동 592(신성미소시티블루빌딩2동5층),cn9500@hanmail.net ,
74,김원호,김원호,金元鎬,1969.02.22,충북,사법시험 45회,변호사김원호법률사무소,043-293-9600 ,043-293-9301,[361-160] 충북 청주시 흥덕구 산남동 656 (RS타워 404호),woenhokim@hanmail.net ,
73,조성욱,조성욱,趙成旭,1972.06.11,충북,사법시험 45회,변호사조성욱법률사무소,043-291-5555 ,043-291-5554,"[28625] 충북 청주시 서원구 산남로 64,6층 605호(산남동,엔젤변호사빌딩)",jsulaw@naver.com ,
72,박선일,박선일,朴善一,1975.03.13,충북,사법시험 44회,변호사박선일법률사무소,043-854-5300 ,043-854-5311,[380-060] 충북 충주시 교현동 1297,psi0077@hanmail.net ,
71,장진호,장진호,張振浩,1963.09.26,충북,사법시험 44회,변호사장진호법률사무소,043-644-4080-1 ,043-644-4082,[390-012] 충북 제천시 중앙로2가 79-5,jjnmhg@hanmail.net ,
70,김정호,김정호,金正浩,1966.04.12,충북,사법시험 44회,변호사김정호법률사무소,"043-287-3390,1 ",043-287-3392,[361-160] 충북 청주시 흥덕구 산남동 385 (남산빌딩 303호),lawkj@hanmail.net ,
69,박정훈,박정훈,朴正訓,1969.11.30,충북,사법시험 44회,법무법인 우성,043-745-3200 ,043-745-8338,[370-805] 충북 영동군 영동읍 매천리 439-4 (영동분사무소),lawyer_hun@naver.com ,
68,권순형,권순형,權順亨,1966.12.21,충북,사법시험 44회,법무법인 청남,043-285-9500 ,043-285-9502,[361-160] 충북 청주시 흥덕구 산남동 592 (신성미소시티2동5층),cn9500@hanmail.net ,
67,최영일,최영일,崔榮一,1969.01.15,충북,사법시험 43회,변호사최영일법률사무소,043-846-1219 ,043-845-1219,"[27357] 충북 충주시 대현2길 1, 2층(교현동)",ys330906@hanmail.net ,
66,류성용,류성용,柳成龍,1964.02.04,충북,사법시험 43회,법무법인 청풍로펌,043-284-6425 ,043-284-6428,[361-160] 충북 청주시 흥덕구 산남동 383(청풍로펌빌딩3층),rsr2846425@naver.com ,
65,배경환,배경환,裵敬煥,1965.08.30,충북,사법시험 43회,법무법인 열린법률,043-845-7007 ,043-855-8079,"[27357] 충북 충주시 계명대로 113 , 2층, 3층(교현동)",fisherman365@hanmail.net ,
64,엄기은,엄기은,嚴基殷,1964.12.20,충북,사법시험 43회,변호사엄기은법률사무소,043-854-5900 ,043-854-5902,"[27357] 충북 충주시 계명대로 113 , 4층(교현동)", ,
63,조성훈,조성훈,趙成勳,1970.09.22,충북,사법시험 43회,법무법인 청주로,043-286-5500 ,043-286-5600,"[28625] 충북 청주시 서원구 산남로 64 , 702호, 703호 (산남동, 엔젤변호사빌딩)",owncho@hanmail.net ,
62,전희태,전희태,田喜泰,1968.03.12,충북,사법시험 42회,법무법인 주성,043-286-1259 ,043-287-3200,[361-160] 충북 청주시 흥덕구 산남동 585 (하이탑빌딩 3층),jhtlaw@hanmail.net ,
61,홍석조,홍석조,洪錫祚,1962.11.11,충북,사법시험 42회,법무법인 씨앤아이,043-286-7900 ,043-286-7923,"[361-160] 충북 청주시 흥덕구 산남로 64,603호(산남동,엔젤변호사빌딩)",sjhong4097@hanmail.net ,
60,최영준,최영준,崔英俊,1967.08.19,충북,사법시험 42회,변호사최영준법률사무소,043-287-7900 ,043-287-7903,[361-160] 충북 청주시 흥덕구 산남동 657 (엔젤변호사빌딩 503호),theglorytogod@hanmail.net ,
59,강인석,강인석,姜仁錫,1969.03.19,충북,사법시험 41회,변호사강인석법률사무소,043-857-8177 ,043-857-7655,[27357] 충북 충주시 계명대로 117 (교현동) 1층,jhis2000@dreamwiz.com ,
58,남태우,남태우,南泰祐,1961.07.06,충북,사법시험 41회,변호사남태우법률사무소,043-283-3900 ,043-283-3906,[361-160] 충북 청주시 흥덕구 산남동 581 (신성미소시티블루 로얄동 406호),twnm11@naver.com ,
57,최윤철,최윤철,崔潤哲,1960.07.26,충북,사법시험 41회,법무법인 주성,043-286-3100 ,043-287-3200,[361-160] 충북 청주시 흥덕구 산남동 585 (하이탑빌딩 3층),choiyuncheol@hanmail.net ,
56,권종원,권종원,權宗源,1965.02.11,충북,사법시험 40회,법무법인 청주로,043-646-­0550 ,043-646­-0594,[390-030] 충북 제천시 의림동 25-3(법전빌딩3층),baran11@hanmail.net ,
55,박종일,박종일,朴鍾一,1960.06.05,충북,사법시험 32회,법무법인 청주로,043-286-5500 ,043-286-5600,"[28625] 충북 청주시 서원구 산남로 64 , 702호, 703호 (산남동, 엔젤변호사빌딩)",p446444@hanmail.net ,
54,한상철,한상철,韓相澈,1964.10.23,충북,사법시험 39회,국원 법무법인,043-844-9005 ,043-844-9368,[27364] 충북 충주시 계명대로 104 (교현동),schan1964@naver.com ,
53,정승규,정승규,鄭升奎,1962.09.03,충북,사법시험 39회,법무법인 대민,043-297-9393 ,043-295-9553,"[361-865] 충북 청주시 산남로 60,201호(산남동)",jurist22@naver.com ,
52,최석진,최석진,崔錫振,1967.04.07,충북,사법시험 39회,변호사최석진법률사무소,043-283-1245 ,043-283-1246,"[28625] 충북 청주시 서원구 산남로62번길 26 (산남동, 마누엘빌딩) 2층",csjin67@hanmail.net ,
50,오성균,오성균,吳晟均,1966.10.01,충북,사법시험 38회,법무법인 충청,043-241-1111 ,043-212-0419,"[362-160] 충북 청주시 서원구 산남로62번길 35,601호(산남동,미소시티2)",star5hl@naver.com ,
49,김기정,김기정,金基正,1969.10.15,충북,사법시험 38회,법무법인 청남,043-285-9500 ,043-285-9502,[361-160] 충북 청주시 흥덕구 산남동 592 (신성미소시티블루빌딩 2동 5층),kimgj3663@hanmail.net ,
48,김준회,김준회,金俊會,1964.09.05,충북,사법시험 38회,법무법인 청주로,043-290-4000 ,043-290-4050,"[28625] 충북 청주시 서원구 산남로 64 , 702호, 703호 (산남동, 엔젤변호사빌딩)",junlaw@hanmail.net ,
47,임헌정,임헌정,林憲正,1968.02.09,충북,사법시험 38회,복있는 공동법률사무소,043-283-2050~2 ,043-284-2050,[361-150] 충북 청주시 흥덕구 수곡동 96-11,bblawfirm@hanmail.net ,
46,안창환,안창환,安昌煥,1965.01.20,충북,사법시험 38회,법무법인 청풍로펌,043-284-6425 ,043-284-6428,[361-160] 충북 청주시 흥덕구 산남동 383 (3층),annlaw@hanmail.net ,
44,문수종,문수종,文守鍾,1965.01.15,충북,사법시험 37회,법무법인(유한) 새미래,"043-744-7775,7781 ",043-744-6680,[370-805] 충북 영동군 영동읍 매천리 451-1,saemiraelaw@naver.com ,
42,남준영,남준영,南俊寧,1967.05.13,충북,사법시험 36회,변호사남준영법률사무소,043-645-4971 ,043-645-4972,[390-012] 충북 제천시 중앙로2가 18-12(1층),njyroad@netsgo.com ,
41,박종우,박종우,朴鍾于,1964.04.16,충북,사법시험 33회,변호사박종우법률사무소,043-646-0012 ,043-645­-4529,[390-012] 충북 제천시 중앙로2가 21-3,jw2785@naver.com ,
40,오세국,오세국,吳世國,1963.03.17,충북,사법시험 36회,변호사오세국법률사무소, ,,"[28625] 충북 청주시 서원구 산남로 64 (산남동, 엔젤변호사빌딩) 602호",law5539@naver.com ,
39,유재풍,유재풍,兪載豊,1957.03.02,충북,군법무관임용시험 4회,법무법인 청주로,043-286-5500 ,043-290-4050,"[28625] 충북 청주시 서원구 산남로 64 , 702호, 703호 (산남동, 엔젤변호사빌딩)",yjp57@hotmail.com ,
38,안병근,안병근,安炳根,1958.02.14,충북,사법시험 31회,변호사안병근법률사무소,-- ,--,"[28626] 충북 청주시 서원구 원흥로 96 (산남동, 덕원회관) 3층",lawyer6886@naver.com ,
37,김경일,김경일,金炅一,1965.05.12,충북,사법시험 32회,변호사김경일법률사무소,043-648-4072 ,043-648-4074,[27165] 충북 제천시 칠성로 52 (의림동) 2층,lawyerkki@hanmail.net ,
36,조용주,조용주,趙瑢柱,1962.04.27,충북,사법시험 35회,대한 법무법인,043-877-7273~5 ,043-877-7276,"[369-903] 충북 음성군 금왕읍 무극로 230,4층(성안빌딩)",bfni0314@nate.com ,
35,신연우,신연우,申燕雨,1962.10.09,충북,사법시험 35회,변호사신연우법률사무소,"043-284-8326,7 ",043-284-8328,[361-160] 충북 청주시 흥덕구 산남동 657 (엔젤변호사빌딩 504호),lywshin@korea.com ,
33,박충규,박충규,朴忠圭,1964.03.22,충북,사법시험 31회,변호사박충규법률사무소,043-285-2080 ,043-284-2081,[28625] 충북 청주시 서원구 산남동 657(엔젤변호사빌딩505호),pck2081@hanmail.net ,
32,김용섭,김용섭,金龍燮,1965.09.19,충북,사법시험 34회,법무법인 청풍로펌,043-285-0411 ,043-285-0412,[361-160] 충북 청주시 흥덕구 산남동 383,solpi1887@hanmail.net ,
31,신숭현,신숭현,申崇鉉,1961.01.02,충북,사법시험 34회,법무법인 청풍로펌,043-284-2222 ,043-285-2222,[28626] 충북 청주시 서원구 산남동 383,shpung@naver.com ,손해배상 (2014-03-07)
30,윤홍락,윤홍락,尹洪樂,1962.01.17,충북,사법시험 34회,변호사윤홍락법률사무소,043-854-5900 ,043-854-5902,"[27357] 충북 충주시 계명대로 113 , 4층(교현동)", ,
29,송인만,송인만,宋仁萬,1962.12.30,충북,사법시험 34회,변호사송인만법률사무소,043-648-1230 ,043-648-1232,[390-030] 충북 제천시 의림동 25-2(청솔빌딩2층),inn10000@hanmail.net ,
28,김우성,김우성,金佑成,1961.07.12,충북,사법시험 33회,변호사김우성법률사무소,"043-286-2096,7 ",043-286-2098,[361-160] 충북 청주시 흥덕구 산남동 657 (엔젤변호사빌딩 604호),kws2096@hanmail.net ,
27,김창섭,김창섭,金昌燮,1964.09.05,충북,사법시험 33회,변호사김창섭법률사무소,043-652-­3500 ,043-652-­3502,[390-030] 충북 제천시 의림동 31-1(의림빌딩3층),ky101301@gmail.com ,
26,나기태,나기태,羅基泰,1958.07.25,충북,사법시험 33회,법무법인 열린법률,043-845-7007 ,043-855-8079,"[27357] 충북 충주시 계명대로 113 , 2층, 3층(교현동)",bl1228@naver.com ,
25,김일진,김일진,金一珍,1964.05.15,충북,사법시험 29회,변호사김일진법률사무소,043-285-1717 ,043-284-8361,[361-160] 충북 청주시 흥덕구 산남동 363(청보빌딩3층),haha2800@hanmail.net ,
24,박종웅,박종웅,朴鍾雄,1962.03.26,충북,사법시험 32회,서원 법무법인,043-285-2350 ,043-288-7710,[361-160] 충북 청주시 흥덕구 산남동 384 (202호),parkjw1467@hotmail.com ,
23,오규섭,오규섭,吳圭燮,1960.05.26,충북,사법시험 29회,법무법인 명장,043-284-6006 ,043-287-8844,"[361-705] 충북 청주시 흥덕구 산남로62번길(산남동,원흥빌딩) 31,401호",oks114@hanmail.net ,
21,신인순,신인순,辛仁淳,1960.01.24,충북,사법시험 27회,서원 법무법인,043-285-5020 ,043-284-5020,[28626] 충북 청주시 서원구 산남동 384 (302호),cc2564@nate.com ,
20,우수정,우수정,禹秀鼎,1956.07.18,충북,사법시험 30회,법무법인 열린법률,043-845-7007 ,043-855-8079,"[27357] 충북 충주시 계명대로 113 , 2층, 3층(교현동)",wind2sky@hanmail.net ,
19,홍성배,홍성배,洪性培,1961.06.15,충북,사법시험 29회,변호사홍성배법률사무소,043-848-­9000 ,043-848­-9050,[380-230] 충북 충주시 금릉동 882(운달빌딩5층),woondal@kornet.net ,
18,윤경식,윤경식,尹景湜,1962.03.20,충북,사법시험 26회,법무법인 청풍로펌,043-292-8008 ,043-286-8866,[361-160] 충북 청주시 흥덕구 산남동 383,imksyoon@korea.com ,
16,성기배,성기배,成基培,1960.11.15,충북,사법시험 29회,변호사성기배법률사무소,"043-848-2686,7 ",043-848-2684,"[380-954] 충북 충주시 계명대로(교현동) 115,3층",skgb9137@hanmail.net ,
15,김준환,김준환,金準煥,1957.02.15,충북,사법시험 28회,변호사김준환법률사무소,043-224-3133 ,043-224-3388,[361-301] 충북 청주시 흥덕구 봉명1동 166 (장환빌딩 4층),jcome21@nate.com ,
13,김병철,김병철,金柄喆,1958.11.09,충북,사법시험 28회,복있는 공동법률사무소,043-283-­2050 ,043-284­-2050,[361-150] 충북 청주시 흥덕구 수곡동 96-11,bblawfirm@hanmail.net ,
11,임영기,임영기,林英基,1957.12.18,충북,사법시험 24회,국원 법무법인,043-844-9005 ,043-844-9368,[27364] 충북 충주시 계명대로 104 (교현동),bongh0303@gmail.com ,
10,김교형,김교형,金敎亨,1957.07.17,충북,사법시험 24회,서원 법무법인,043-283-6565~7 ,043-283-9600,[361-160] 충북 청주시 흥덕구 산남동 384 (301호),sewonlaw@hanmail.net ,
9,이태화,이태화,李台禾,1956.04.13,충북,사법시험 24회,법무법인 청풍로펌,043-284-8008 ,043-284-8866,[361-160] 충북 청주시 흥덕구 산남동 383,thlee8008@hanmail.net ,
8,김영길,김영길,金永吉,1951.01.15,충북,사법시험 16회,법무법인 명장,043-284-6006 ,043-287-8844,"[361-705] 충북 청주시 흥덕구 산남로62번길(산남동,원흥빌딩) 31,401호",lhj099b@hanmail.net ,
7,권태호,권태호,權泰鎬,1954.05.29,충북,사법시험 19회,법무법인 청주로,043-286-5500 ,043-286-5600,"[28625] 충북 청주시 서원구 산남로 64 , 702호, 703호 (산남동, 엔젤변호사빌딩)",vvkwonth@hanmail.net ,
6,박인준,박인준,朴仁俊,1936.04.20,충북,사법시험 18회,변호사박인준법률사무소,043-283-­2000 ,043-283-2663,[361-150] 충북 청주시 흥덕구 수곡동 96-20,injunp2@naver.com ,
