번호,이름(목록),이름(상세),이름(한자),생년월일,소속회,자격시험,사무소명,사무실전화,사무실팩스,사무실주소,이메일,전문분야
115,진상미,진상미,秦象美,1985.03.27,제주,변호사시험 6회,변호사진상미법률사무소,064-751-1500 ,064-759-6900,"[63223] 제주 제주시 연삼로 404 (이도2동, 두산빌딩) 7층",goodlawyer17@naver.com ,
114,김정은,김정은,金正恩,1981.11.22,제주,변호사시험 6회,변호사김정은법률사무소,064-726-1121 ,064-726-1128,"[63223] 제주 제주시 중앙로 319 (이도2동, 효당빌딩) 3층",nell1122@hotmail.com ,
113,신민희,신민희,辛旼禧,,제주,,,064-805-7001 ,064-805-7355,"[63222] 제주 제주시 중앙로 326 (이도2동, 해피트리) 502호",minhee3737@gmail.com ,
112,차영균,차영균,車煐均,1977.04.04,제주,변호사시험 6회,변호사차영균법률사무소,064-723-8015 ,064-723-8016,"[63223] 제주 제주시 중앙로 291 (이도2동, 복강빌딩) 7층 제702호",chachalaw@daum.net ,
111,이정언,이정언,李政彦,1987.02.19,제주,변호사시험 6회,변호사이정언법률사무소,064-726-4411 ,064-726-4413,[63223] 제주 제주시 중앙로 293 (이도2동) 2층,eonbyeon33@gmail.com ,
110,강창훈,강창훈,姜昌勳,1973.01.14,제주,변호사시험 6회,법무법인(유한) 원,064-756-5060 ,064-756-7050,"[63222] 제주 제주시 중앙로 316-1 (이도2동, 정암빌딩) 3층",kch6736@naver.com ,
109,문건협,문건협,文鍵俠,1979.07.18,제주,변호사시험 6회,변호사문건협법률사무소,064-805-7001 ,064-805-7111,"[63222] 제주 제주시 중앙로 326 (이도2동, 해피트리) 502호",ohgun98@naver.com ,
108,김세윤,김세윤,金世潤,1979.06.16,제주,변호사시험 4회,법률사무소 헌율,-- ,--,"[63593] 제주 서귀포시 서문로 2 (서귀동, 제주은행) 해인빌딩 6층",backme1@naver.com ,
107,김성학,김성학,金聖學,1984.01.19,제주,변호사시험 5회,변호사김성학법률사무소,--064-726-4857 ,--064-725-4858,"[63223] 제주 제주시 중앙로 291 (이도2동, 복강빌딩) 7층",nardi1004@daum.net ,
105,김형철,김형철,金炯喆,1981.06.07,제주,변호사시험 5회,변호사김형철법률사무소,064-726-4558 ,064-759-2510,"[63211] 제주 제주시 가령로 72 (이도2동, 태성리치빌) 301호", ,
104,한승협,한승협,韓承協,1979.04.30,제주,변호사시험 5회,법무법인 승민,064-805-9831 ,064-805-9830,"[63222] 제주 제주시 중앙로 298, 2층 (이도2동, 이튼빌딩)",advokhan@daum.net ,
103,한동명,한동명,韓東明,1983.02.19,제주,변호사시험 5회,법무법인 탐라,"064-726-6111,721-7701 ",064-726-6114,[690-825] 제주 제주시 이도2동 1080-1(영산빌딩 3，4층),easternbri@naver.com ,
102,홍광우,홍광우,洪侊佑,1984.07.01,제주,변호사시험 5회,법률사무소 헌율,064-762-0331 ,064-762-0332,"[63593] 제주 서귀포시 서문로 2 , 6층(서귀동, 해인빌딩)",hgw2164@naver.com ,
101,이승민,이승민,李承珉,1975.02.27,제주,변호사시험 5회,변호사이승민법률사무소,064-757-5883 ,064-724-5883,[63223] 제주 제주시 연삼로 414-1 (이도2동) 201호,ssabu1@hanmail.net ,
100,이용석,이용석,李龍錫,1986.12.17,제주,변호사시험 3회,변호사이용석법률사무소, ,,"[63211] 제주 제주시 가령로 72, 301호(이도2동,태성리치빌) ", ,
99,윤가원,윤가원,尹佳源,1984.10.22,제주,변호사시험 4회,법률사무소 이도,064-757-0401 ,064-757-0402,[63210] 제주 제주시 연삼로 401 (이도2동) 2층,lawyer.yoonkawon@gmail.com ,
98,손지현,손지현,孫智賢,1983.09.08,제주,변호사시험 4회,법률사무소 이도,064-757-0401 ,064-757-0402,[63210] 제주 제주시 연삼로 401 (이도2동) 2층,lawyer.sonjihyeon@gmail.com ,
97,반희성,반희성,潘熙成,1974.09.16,제주,변호사시험 2회,법률사무소 강,064-727-2013 ,064-723-2033,"[63222] 제주 제주시 중앙로 326 (이도2동, 해피트리) 402호",hanchun2@hanmail.net ,
96,최호웅,최호웅,崔鎬雄,1983.03.07,제주,변호사시험 1회,법무법인 참솔,064-752-2014 ,064-752-2015,"[690-825] 제주 제주시 중앙로 293,3층(이도이동,대신빌딩)",prs5054@naver.com ,형사법 (2017-11-06);부동산 (2017-12-04)
95,김정훈,김정훈,金廷訓,1980.11.03,제주,변호사시험 4회,변호사김정훈법률사무소,064-753-0045 ,064-723-2099,"[63222] 제주 제주시 중앙로 326 (이도2동, 해피트리) 401호",kimbyeon@hanmail.net ,
94,부성혁,부성혁,夫晟赫,1974.05.31,제주,변호사시험 4회,법무법인 승민,064-805-9813 ,,"[63222] 제주 제주시 중앙로 298, 2층 (이도2동, 이튼빌딩)",bsh531@naver.com ,
93,문형섭,문형섭,文亨燮,1983.10.17,제주,변호사시험 4회,변호사문형섭법률사무소,064-722-9713 ,064-759-2510,"[63211] 제주 제주시 가령로 72 (이도2동, 태성리치빌) 301호",moonjagu@naver.com ,
92,최낙균,최낙균,崔洛均,1984.02.12,제주,사법시험 54회,변호사최낙균법률사무소,064-758-3390 ,064-758-3394,"[63223] 제주 제주시 중앙로 291 (이도2동, 복강빌딩) 6층",lafb@naver.com ,
91,강경필,강경필,姜景弼,1963.09.14,제주,사법시험 27회,법무법인 이헌, ,,"[63223] 제주 제주시 중앙로 293 , 5층(이도2동, 대신빌딩)",kpkang228@naver.com ,
89,조준범,조준범,趙埈範,1982.08.29,제주,사법시험 54회,변호사조준범법률사무소, ,,"[690-825] 제주 제주시 중앙로 291,6층(이도이동,복강빌딩)",jojunebeom@naver.com ,
88,손영광,손영광,孫榮光,1984.12.24,제주,변호사시험 3회,법무법인 엘엔에스,064-742-0007 ,064-743-0053,"[63085] 제주 제주시 연북로 42,201호(노형동,녹색도시)",2088778@naver.com ,
87,김보람,김보람,金보람,1984.05.21,제주,변호사시험 3회,변호사김보람법률사무소,064-726-9601 ,064-726-9602,"[63223] 제주 제주시 중앙로 291 , 602호(이도2동, 복강빌딩)",kblaw03@gmail.com ,
85,김철민,김철민,金哲珉,1984.06.05,제주,변호사시험 3회,변호사김철민법률사무소, ,,[690-766] 제주 제주시 도령로 65(연동),fofoty00@naver.com ,
84,권우진,권우진,權祐진,1980.09.19,제주,변호사시험 3회,변호사권우진법률사무소,064-722-8833 ,064-722-8835,"[690-826] 제주 제주시 구남로7길 33-2,3층(이도2동)",jejulvshi@naver.com  ,
83,고웅,고웅,高雄,1981.10.01,제주,변호사시험 3회,변호사고웅법률사무소,064-755-5249 ,064-756-5249,"[63223] 제주 제주시 남광북5길 12 (이도2동, 법동빌딩) 3층, 302호",lawyerkow@gmail.com ,
82,고경준,고경준,高景俊,1977.01.29,제주,변호사시험 3회,법무법인 승민,064-805-9813 ,,"[63222] 제주 제주시 중앙로 298, 2층 (이도2동, 이튼빌딩)",forekc@hanmail.net ,
80,강대웅,강대웅,姜大雄,1980.06.05,제주,변호사시험 3회,법률사무소 헌율,064-762-0331 ,064-762-0332,"[63593] 제주 서귀포시 서문로 2 (서귀동, 해인빌딩) 6층",ddung0605@daum.net ,
79,홍재경,홍재경,洪載京,1983.09.08,제주,변호사시험 3회,법률사무소 강,064-727-2013 ,064-723-2033,"[63222] 제주 제주시 중앙로 326 , 402호(이도이동, 해피트리)",rhswljk@gmail.com ,
78,이승환,이승환,李承桓,1976.06.22,제주,변호사시험 2회,변호사이승환법률사무소,064-805-9811 ,064-722-9414,"[690-826] 제주 제주시 중앙로 326,701호(이도2동)",hwanielee@gmail.com ,
77,김성훈,김성훈,金星勳,1981.04.11,제주,변호사시험 2회,법무법인 참솔,064-752-2014 ,064-752-2015,[63223] 제주 제주시 중앙로 293 (이도2동) 3층,kimsunghun@kia.com ,가사법 (2017-11-06)
76,고민정,고민정,高旼廷,1977.10.16,제주,변호사시험 2회,정성 법률사무소,064-727-2355 ,064-727-2356,"[690-826] 제주 제주시 구남로7길 33-2,2층(이도이동)",cathy9607@naver.com ,
75,황성현,황성현,黃盛鉉,1974.01.27,제주,변호사시험 2회,정성 법률사무소,064-727-2355 ,064-727-2356,"[690-826] 제주 제주시 구남로7길 33-2,2층(이도이동)",malai127@naver.com ,
74,박성현,박성현,朴聖賢,1981.05.11,제주,변호사시험 2회,변호사박성현법률사무소,064-722-8833 ,064-722-8835,"[690-826] 제주 제주시 구남로7길 33-2,3층(이도2동)",lnp_lawyers1@naver.com ,
72,김용학,김용학,金勇學,1984.10.20,제주,변호사시험 2회,변호사김용학법률사무소,064-726-9601 ,064-726-9602,"[63223] 제주 제주시 중앙로 291 (이도2동, 복강빌딩) 6층, 602호",jangdokdae05@naver.com ,
71,안홍모,안홍모,安烘模,1981.08.28,제주,변호사시험 2회,변호사안홍모법률사무소,064-702-9600 ,064-702-9602,[690-825] 제주 제주시 이도2동 1065-2(제일빌딩4층),attorneyahm@gmail.com ,
70,강수원,강수원,康修源,1978.07.11,제주,변호사시험 2회,변호사강수원법률사무소,064-732-3380 ,064-732-3381,"[63595] 제주 서귀포시 태평로439번길 31 (서귀동, 서귀포 웨딩홀) 3층",gelid78@hanmail.net ,
69,신영희,신영희,申永喜,1978.08.12,제주,변호사시험 2회,변호사신영희법률사무소,064-723-2089 ,064-723-2099,"[63222] 제주 제주시 중앙로 326 (이도2동, 해피트리) 4층, 401호",syhhhhhh@gmail.com ,
68,김수진,김수진,金秀珍,1983.02.18,제주,변호사시험 2회,법무법인 참솔,"064-752-2014,726-2013 ",064-752-2015,"[690-825] 제주 제주시 중앙로 293,3층(이도이동,대신빌딩)",diva5246@naver.com ,이혼 (2017-10-11);민사법 (2017-11-06)
67,박현민,박현민,朴炫玟,1983.01.05,제주,변호사시험 2회,법무법인 제주로펌,064-723-5780 ,064-723-5781,"[63211] 제주 제주시 연삼로 429 , 4층(이도이동)",phmin0105@naver.com ,
66,이명준,이명준,李明俊,1973.08.29,제주,변호사시험 1회,변호사이명준법률사무소,064-722-9411 ,064-722-9414,"[690-826] 제주 제주시 중앙로 326,701호(이도2동,해피트리빌딩)",acc_law1123@naver.com ,
65,강전애,강전애,姜銓愛,1980.11.27,제주,변호사시험 1회,변호사강전애법률사무소,064-726-4411 ,064-726-4413,[63223] 제주 제주시 중앙로 293 (이도2동 ) 2층,lovelyjunae@naver.com ,
64,한성호,한성호,韓成豪,1978.01.18,제주,변호사시험 1회,변호사한성호법률사무소,064-758-6607 ,064-758-6608,"[63198] 제주 제주시 중앙로 150 (이도1동, 대한항공빌딩) 3층",jura01@naver.com ,
63,강병삼,강병삼,姜秉杉,1974.06.12,제주,변호사시험 1회,법률사무소 강,"064-727-2013,2023 ",064-723-2033,"[690-826] 제주 제주시 중앙로 326,402호(이도2동,해피트리) ",samdory7@naver.com ,
62,김성훈,김성훈,金成勳,1977.12.27,제주,변호사시험 1회,변호사김성훈법률사무소,064-723-2089 ,064-723-5781,"[63222] 제주 제주시 중앙로 326, 401호(이도2동, 해피트리)",bulgi12@gmail.com ,
61,김차연,김차연,金瑳姸,,,,,064-723-7927 ,,[63222] 제주 제주시 구남로7길 13-5 (이도2동) 정해빌딩 2층,kcy@jejujinsol.com ,
60,김형근,김형근,金炯槿,1981.10.22,제주,변호사시험 1회,변호사김형근법률사무소,064-721-7070 ,064-721-6200,[63207] 제주 제주시 중앙로 228 (이도2동) 4층,sshg2000@hanmail.net ,
59,강문숙,강문숙,姜文淑,1973.08.04,제주,사법시험 50회,법률사무소 올레,064-726-8897 ,064-726-8896,[690-022] 제주 제주시 이도2동 1081(제이빌딩3층),jeju-first@nate.com ,
58,조민철,조민철,趙玟徹,1981.02.05,제주,사법시험 48회,변호사조민철법률사무소,-- ,--,"[63223] 제주 제주시 남광북5길 10 (이도2동, 제이빌딩) 401호",mccho@jpartners.co.kr ,
57,진주현,진주현,陳周鉉,1975.12.30,제주,사법시험 51회,법무법인 제주로펌,064-723-5780 ,064-723-5781,[63211] 제주 제주시 연삼로 429 (이도2동) 4층,jinjoo96@naver.com ,
56,백신옥,백신옥,白晨鈺,1973.01.08,제주,사법시험 51회,법무법인 참솔,064-726-5327 ,064-726-5328,"[690-825] 제주 제주시 중앙로 293,3층(이도이동,대신빌딩)",bsodream@hanmail.net ,가사법 (2017-11-06);민사법 (2017-11-06)
54,김기성,김기성,金奇成,1967.10.05,제주,사법시험 50회,공동법률사무소 올레,064-751-8481 ,064-751-8483,[690-022] 제주 제주시 이도2동 1081(제이빌딩3층),bottlemore@naver.com ,
53,김세희,김세희,金世熹,1975.02.03,제주,사법시험 49회,변호사김세희법률사무소,064-727-2080 ,064-727-2888,[690-826] 제주 제주시 이도2동 1026(천보빌딩3층),pacific75@hanmail.net ,
52,이학준,이학준,李學俊,1977.06.14,제주,사법시험 49회,변호사이학준법률사무소,064-758-0201 ,064-909-8477,[63223] 제주 제주시 오복2길 19 (이도2동) 3층,dolaugh@gmail.com ,
51,권준혁,권준혁,權俊赫,1973.02.01,제주,사법시험 48회,법무법인 승민,064-805-9813 ,,"[63222] 제주 제주시 중앙로 298, 2층 (이도2동, 이튼빌딩)",jh072@hanmail.net ,
50,장석우,장석우,張碩祐,1974.05.04,제주,사법시험 48회,변호사장석우법률사무소,064-751-1500 ,064-759-6900,"[690-022] 제주 제주시 연삼로 404,7층(이도이동,두산빌딩)",janglawyer@gmail.com ,
48,고영권,고영권,高榮權,1972.07.21,제주,사법시험 47회,법률사무소 청어람,064-726-9550 ,064-726-9552,[690-022] 제주 제주시 이도2동 1026-14 (조형빌딩 2층),focus4001@naver.com ,
47,문건식,문건식,文鍵式,1972.04.05,제주,사법시험 47회,변호사문건식법률사무소, ,,"[63222] 제주 제주시 중앙로 326, 502호(이도2동)",mgs0405@naver.com ,
46,성정훈,성정훈,成政勳,1974.03.17,제주,사법시험 46회,법무법인 제주로펌,064-723-5780 ,064-723-5781,"[63211] 제주 제주시 연삼로 429 , 4층(이도이동)",s-316@hanmail.net ,
45,신영훈,신영훈,申榮勳,1972.09.16,제주,사법시험 45회,변호사신영훈법률사무소,064-759-9915 ,064-759-9916,[63233] 제주 제주시 구남동8길 58 (아라1동) 2층,hadong121@hanmail.net ,
44,하성원,하성원,河成沅,1963.04.20,제주,사법시험 45회,법무법인 지후,064-792-6300 ,064-792-6302,"[63015] 제주 제주시 한림읍 명월성로 394 , 네스트힐 제101상가호",hasumini@naver.com ,
43,구자헌,구자헌,具滋憲,1968.08.22,제주,사법시험 39회,변호사구자헌법률사무소,064-751-1500 ,064-759-6900,"[690-022] 제주 제주시 연삼로 404,7층(이도이동,두산빌딩)",jhk3210@hanmail.net ,
42,김흥면,김흥면,金興勉,1954.01.13,제주,사법시험 24회,변호사김흥면법률사무소,064-755-6393 ,064-751-6395,[690-825] 제주 제주시 이도이동 1081(제이빌딩202호),55hmk@hanmail.net ,
41,오성진,오성진,吳成振,1962.06.01,제주,사법시험 44회,변호사오성진법률사무소,064-755-5333 ,064-755-5005,[690-022] 제주 제주시 이도2동 1026(천보빌딩5층),osj2005@hanmail.net ,
39,전호종,전호종,田豪鍾,1962.02.08,제주,사법시험 33회,변호사전호종법률사무소,064-724-8200 ,064-724-8300,[690-022] 제주 제주시 이도2동 1058-12 (원화빌딩 4층),hjjun8200@naver.com ,
38,현창곤,현창곤,玄昌坤,1965.09.22,제주,사법시험 43회,변호사현창곤법률사무소,064-702-9600 ,064-702-9602,"[690-022] 제주 제주시 연삼로 402,401호(이도이동,제일빌딩)",hyunb111@hanmail.net ,
37,한정수,한정수,韓政洙,1969.05.03,제주,사법시험 40회,변호사한정수법률사무소,0505-320-8880 ,0505-320-8888,"[63519] 제주 서귀포시 대정읍 중산간서로 2277 (구억리, 브리타니구억2차) B동 102호",hahnbyun@naver.com ,
36,나인수,나인수,羅寅水,1967.09.03,제주,사법시험 40회,변호사나인수법률사무소,064-726-6605 ,064-726-6607,[690-022] 제주 제주시 이도2동 1080 (재경빌딩 3층),nis9003@hanmail.net ,
35,양은석,양은석,梁殷碩,1961.07.26,제주,사법시험 40회,변호사양은석법률사무소,064-702-0037 ,064-725-6711,"[690-826] 제주 제주시 중앙로 316,4층(이도2동,조형빌딩)",bestbet-gs@hanmail.net ,
34,강문원,강문원,姜汶元,1959.04.19,제주,사법시험 31회,변호사강문원법률사무소,064-726-5555 ,064-726-5554,[690-751] 제주 제주시 남광북5길10-203 ,kangmw21@chol.com ,
32,허상수,허상수,許祥秀,1969.06.30,제주,사법시험 39회,변호사허상수법률사무소,064-726-1122 ,064-726-1128,[690-825] 제주 제주시 이도2동 1080-20(3층),hss630@naver.com ,
31,강창균,강창균,姜昌均,1968.10.28,제주,사법시험 39회,법률사무소 청어람,064-726-9550 ,064-726-9552,[690-022] 제주 제주시 이도2동 1026-14 (조형빌딩 2층),kch0005@hanmail.net ,
29,고창후,고창후,高昌厚,1964.05.29,제주,사법시험 35회,변호사고창후법률사무소,064-732-2701 ,064-732-3311,[697-070] 제주 서귀포시 동홍동 1546-23(2층),koche12@hanmail.net ,
28,강기탁,강기탁,姜技卓,1967.11.20,제주,사법시험 35회,변호사강기탁법률사무소, ,064-725-6711,[690-022] 제주 제주시 이도2동 1026-14(조형빌딩4층),kanggi@chol.com ,
27,권범,권범,權範,1961.10.31,제주,사법시험 34회,공동법률사무소 지성,"064-722-7488, 726-3233 ",064-726-3235,[690-826] 제주 제주시 이도2동 1026-12 (대원빌딩 4층),kwobu@hanmail.net ,
26,박석훈,박석훈,朴錫勳,1962.09.01,제주,사법시험 38회,변호사박석훈법률사무소,064-751-0987 ,064-751-0534,[690-022] 제주 제주시 이도2동 1081 (제이빌딩 402호),soslawpark@hanmail.net ,
25,허용진,허용진,許龍眞,1958.09.08,제주,사법시험 27회,변호사허용진법률사무소,064-767-1743 ,064-767-1742,"[63584] 제주 서귀포시 중앙로 163 (서홍동, 한라프라자) 2층",progolf58@naver.com ,
24,고성효,고성효,高誠孝,1963.07.20,제주,사법시험 29회,법무법인 탐라,064)726-­6111 ,064-726-­6114,"[690-022] 제주 제주시 이도2동 1080-1(영산빌딩3,4층)", ,
23,강봉훈,강봉훈,康鳳訓,1959.01.12,제주,사법시험 29회,공동법률사무소 지성,064-726-­3233 ,064-726-­3235,[690-022] 제주 제주시 이도2동 1026-12(대원빌딩4층),jeju0046@gmail.com ,
22,현순도,현순도,玄橓度,1947.08.23,제주,사법시험 13회,공증인가 제주합동,064-723-0061 ,064-723-0063,[690-826] 제주 제주시 이도2동 1026 (천보빌딩4층), ,
21,김선우,김선우,金宣佑,1962.09.12,제주,사법시험 26회,법무법인 민,064-757-9944 ,064-757-9905,"[63222] 제주 제주시 중앙로 308 , 6층(이도2동)",sunwoo9944@hanmail.net ,
20,진영진,진영진,秦榮珍,1957.01.05,제주,사법시험 29회,법무법인 탐라,064-758-­0932 ,064-758­-0934,[690-022] 제주 제주시 이도2동 1080-1,yjin1908@hanmail.net ,
19,강석보,강석보,康奭輔,1960.06.30,제주,사법시험 26회,변호사강석보법률사무소,064)753­3900 ,064-753-­4999,[690-022] 제주 제주시 이도2동 1066-9 (2층),ksb3900@hanmail.net ,
18,고석상,고석상,高碩相,1962.03.29,제주,사법시험 33회,변호사고석상법률사무소,064-755-5774 ,064-756-5774,[690-825] 제주 제주시 이도2동 1081-3 (3층),uumwoo@hanmail.net ,
17,강성헌,강성헌,姜成憲,1964.05.23,제주,사법시험 32회,변호사강성헌법률사무소,064-725-4400 ,064-727-7755,"[690-825] 제주 제주시 중앙로 293, 5층(이도2동)",2255ksh@hanmail.net ,
16,현덕규,현덕규,玄德奎,1964.04.20,제주,사법시험 32회,변호사현덕규법률사무소,064-726-4411 ,064-726-4413,"[690-825] 제주 제주시 중앙로 293,2층(이도이동,대신빌딩)",dkhyun@me.com ,
14,이응진,이응진,李應溱,1964.02.19,제주,사법시험 28회,법무법인 로플렉스,064-784-8669 ,064-784-8669,[187-306] 제주 제주시 구좌읍 별방길 99,ej.lee@lawplex.co.kr ,
13,한대삼,한대삼,韓大森,1962.04.26,제주,사법시험 28회,법무법인 이헌, ,,"[63223] 제주 제주시 중앙로 293 , 5층(이도2동, 대신빌딩)",hallalaw@korea.com ,
12,정대권,정대권,鄭大權,1956.12.26,제주,사법시험 24회,공동법률사무소 올레,064-757-7742 ,064-721-0056,[690-825] 제주 제주시 이도2동 1081(제이빌딩3층),jdk7742@hanmail.net ,
11,문성윤,문성윤,文聖允,1962.09.21,제주,사법시험 26회,법무법인(유한) 원,064-756-­5060 ,064-756-­7050,[690-022] 제주 제주시 이도2동 1026-13(정암빌딩3층),msy0937@hanmail.net ,
10,강상수,강상수,姜相守,1955.09.28,제주,사법시험 28회,변호사강상수법률사무소,064-753­-9131 ,064-753-­9135,[690-022] 제주 제주시 이도2동 1026-18(3층),rkdtkdtn@hanmail.net ,
9,이창주,이창주,李昌柱,1955.10.27,제주,사법시험 23회,법무법인(유한) 강남,064-755-2271 ,064-755-2273,[690-826] 제주 제주시 이도2동 1067-11 (1층),icj4688@hanmail.net ,
8,김승석,김승석,金承錫,1949.08.17,제주,사법시험 27회,공증인가 제주합동,064-757-7879 ,064-758-7879,[690-826] 제주 제주시 이도2동 1026 (천보빌딩 4층),duta8@nate.com ,
7,이연봉,이연봉,李連奉,1956.08.20,제주,사법시험 26회,변호사이연봉법률사무소,064-721-1800 ,064-721-4800,[690-022] 제주 제주시 이도2동 1026-17 (형제빌딩 5층),lawleeyb@hanmail.net ,
6,임흥순,임흥순,任興淳,1953.07.10,제주,사법시험 24회,변호사임흥순법률사무소,064-752-­0052 ,064-722-­6001,[690-022] 제주 제주시 이도2동 1065-4(복강빌딩5층),limhs0052@hanmail.net ,
5,한인달,한인달,韓仁達,1956.04.02,제주,사법시험 21회,변호사한인달법률사무소, ,,"[695-934] 제주 제주시 한림읍 금능남로 127,222동401호(라온프라이빗타운)",hid56@hanmail.net ,
4,임창원,임창원,任昌元,1945.03.13,제주,사법시험 9회,공증인가 제주합동,064-755-­9151 ,064-753-8248,[690-021] 제주 제주시 이도1동 1289-10,changwon45@naver.com ,
