번호,이름(목록),이름(상세),이름(한자),생년월일,소속회,자격시험,사무소명,사무실전화,사무실팩스,사무실주소,이메일,전문분야
13,박정희,박정희,朴正熙,1971.01.21,대전,사법시험 41회,변호사박정희법률사무소,-- ,--,"[30104] 세종 다솜로 290 (어진동, 한뜰마을3단지) 302동 601호",pjheui01@gmail.com ,
12,남재철,남재철,南在澈,1972.04.20,대전,변호사시험 4회,변호사남재철법률사무소,044-866-2919 ,044-867-2919,"[30150] 세종 한누리대로 2143 (보람동, 금강시티타워) 609호",namjc031@hanmail.net ,
11,김동국,김동국,金東國,1986.05.01,대전,변호사시험 5회,변호사김동국법률사무소,010-5670-1116 ,--,"[30151] 세종 한누리대로 2144 (보람동, 스마트허브Ⅱ) 603호",uiokjhg@hanmail.net ,
10,양태용,양태용,梁態容,1985.08.23,대전,변호사시험 5회,여민합동법률사무소,044-905-0031 ,044-905-0032,"[30128] 세종 한누리대로 234 (나성동, 르네상스) 505호",tyyang@lawsejong.com ,
9,곽동호,곽동호,郭東昊,1969.08.26,대전,변호사시험 4회,변호사곽동호법률사무소,044-868-0670 ,044-868-0676,"[30151] 세종 한누리대로 2150 (보람동, 스마트허브Ⅰ) 제8층 제806호",mountkkk@naver.com ,
8,류제화,류제화,柳濟和,1984.01.18,대전,변호사시험 4회,여민합동법률사무소,044-905-0031 ,044-905-0032,"[30128] 세종 한누리대로 234 (나성동, 르네상스) 505호",rjhua@naver.com ,
7,도승활,도승활,都勝活,1968.04.29,대전,변호사시험 2회,변호사도승활법률사무소, ,,[339-801] 세종특별자치시 조치원읍 새내16길 6,dosh29@naver.com ,
6,장한별,장한별,張한별,1979.10.14,대전,변호사시험 2회,변호사장한별법률사무소,044-211-3128 ,044-211-3004,"[30147] 세종 시청대로 370 (반곡동, 나라키움 세종국책연구단지) 과학인프라동 한국교통연구원 211호",tasmanian@gmail.com ,
5,김진우,김진우,金塡祐,1974.01.03,대전,사법시험 49회,변호사김진우법률사무소,044-998-6571 ,044-998-6572,"[30121] 세종 갈매로 351 (어진동, 에비뉴힐) 4층 4105호",wave15174@gmail.com ,식품·의약 (2015-06-08)
4,이영선,이영선,李永宣,1971.05.06,대전,사법시험 48회,법무법인 세종로,042-482-6611 ,042-472-6622,"[30151] 세종 한누리대로 2144, 303호 (보람동, 스마트허브Ⅱ)",sun90567@hanmail.net ,
3,정승욱,정승욱,鄭勝旭,1970.02.05,대전,사법시험 44회,변호사정승욱법률사무소,044-862-2752 ,044-862-2753,"[30021] 세종 조치원읍 충현로 191, 201호(침산리, 대한빌딩)",jeongsw99@naver.com ,
2,이세영,이세영,李世永,1963.07.04,대전,사법시험 38회,법무법인 새롬,044-868-8630 ,044-868-8632,"[339-806] 세종특별자치시 조치원읍 세종로 2449,3층(서창리,세종빌딩)",panpolee@hanmail.net ,
1,이상인,이상인,李相仁,1967.12.22,대전,사법시험 38회,법무법인 정세,044-864-8481 ,,"[30103] 세종 절재로 194, 606호(어진동, 세종드림)",centmind@jslaw.co.kr ,
