번호,이름(목록),이름(상세),이름(한자),생년월일,소속회,자격시험,사무소명,사무실전화,사무실팩스,사무실주소,이메일,전문분야
354,차민우,차민우,車旻祐,1980.07.31,경남,변호사시험 5회,법무법인 동남,055-289-5000 ,055-264-6666,"[642-826] 경남 창원시 창이대로689번길4-16 ,601호,602호(사파동,법조빌딩)",chaminuda@naver.com ,
353,김경수,김경수,金倞秀,1970.10.27,경남,사법시험 37회,법무법인 미래로,055-287-9889 ,055-287-9884,"[641-550] 경남 창원시 성산구 창이대로 689번길 4-5 ,2층(사파동,변호사회관빌딩)",Ksorri@mlaw.co.kr ,
352,권영우,권영우,權英宇,1986.11.25,경남,변호사시험 6회,변호사권영우법률사무소,055-283-2388 ,055-283-2312,"[51448] 경남 창원시 성산구 창이대로706번길 4-24 (사파동, 남양빌딩) 401호",attorney2816@naver.com ,
351,이정은,이정은,李婷恩,1989.07.31,경남,변호사시험 6회,법무법인 동남,055-289-5000 ,055-264-6666,"[51457] 경남 창원시 성산구 창이대로689번길 4-16 (사파동, 법조빌딩) 6층",peio76@naver.com ,
350,이택림,이택림,李澤林,1985.03.15,경남,변호사시험 6회,법무법인 김해앤세계,055-275-6200 ,055-275­-6400,[641-550] 경남 창원시 사파동 124-4,jdleetaeklim@gmail.com ,
349,이창희,이창희,李昌熺,1978.12.24,경남,변호사시험 6회,법무법인 지용,055-264-5533 ,055-264-5993,"[51457] 경남 창원시 성산구 창이대로695번길 7 (사파동, (주)하나파워사옥) 6층",lchee78@gmail.com ,
348,강정한,강정한,姜政翰,1985.05.16,경남,변호사시험 6회,법무법인 미래로,055-287-9889 ,055-287-9884,"[51457] 경남 창원시 성산구 창이대로689번길 4-5 (사파동, 변호사회관빌딩) 2층",hemenway@hanmail.net ,
347,한정만,한정만,韓靜萬,1979.06.13,경남,변호사시험 6회,법무법인 김해앤세계,055-275-6200 ,--,"[51447] 경남 창원시 성산구 동산로220번길 23-1 (사파동, 법광빌딩) 3층",hak21@naver.com ,
346,김서준,김서준,金序俊,1985.10.18,경남,변호사시험 6회,변호사김서준법률사무소,055-266-4747 ,055-266-4797,"[51457] 경남 창원시 성산구 창이대로689번길 10 (사파동, 성은빌딩) 501호",fenrir31@naver.com ,
345,김명종,김명종,金明鍾,1987.09.14,경남,변호사시험 6회,변호사김명종법률사무소,055-267-5700 ,055-267-5703,"[51457] 경남 창원시 성산구 창이대로689번길 12 (사파동, 현승빌딩) 4층 402호",myeongjong87@naver.com ,
344,오동준,오동준,吳東俊,1986.02.17,경남,변호사시험 3회,법무법인 유안,055-743-1170 ,055-743-1172,"[52676] 경남 진주시 진양호로293번길 16-5 , 6층 601호(신안동, 우암빌딩)",drinshoo@hanmail.net ,
343,이수하,이수하,李受河,1988.05.09,경남,변호사시험 3회,법무법인 만아, ,,"[51447] 경남 창원시 성산구 동산로220번길 23-1, 201호 (사파동, 법광빌딩)", ,
342,김민경,김민경,金玟炅,1987.05.27,경남,변호사시험 6회,법무법인 금강,055-282-0905 ,055-282-0908,"[51457] 경남 창원시 성산구 창이대로695번길 7 (사파동, (주)하나파워사옥) 하나빌딩 4층",mnkngkim@naver.com ,
341,김민준,김민준,金岷俊,1978.08.31,경남,변호사시험 6회,변호사김민준법률사무소,055-282-0905 ,055-282-0908,"[51457] 경남 창원시 성산구 창이대로695번길 7 (사파동, (주)하나파워사옥) ",plusminjun@naver.com ,
340,조명현,조명현,趙明賢,1980.01.05,경남,변호사시험 6회,변호사조명현법률사무소,055-645-2741 ,055-649-2741,"[53029] 경남 통영시 용남면 동달안길 38 (동달리, 법조타운) 201호",chorecht@gmail.com ,
339,송승준,송승준,宋昇俊,1985.01.27,경남,사법시험 53회,변호사송승준법률사무소,-- ,--,[50129] 경남 거창군 거창읍 죽전길 33 (상림리) 2층,geochanglawyer ,
338,조재혁,조재혁,曺在奕,1988.02.02,경남,사법시험 53회,법무법인 더킴로펌,055-264-3703 ,055-266-3703,"[51457] 경남 창원시 성산구 창이대로689번길 4-5 (사파동, 세영빌딩) 1층(사파동 변호사회관빌딩)",wogurwh@gmail.com ,
337,김현정,김현정,金賢政,1988.02.17,경남,사법시험 54회,변호사김현정법률사무소,055-604-4168 ,055-603-0886,"[51457] 경남 창원시 성산구 창이대로695번길 5 (사파동, 보고빌딩) 602호",sweet177@naver.com ,
336,우성영,우성영,禹成榮,1974.10.10,경남,사법시험 47회,변호사우성영법률사무소,055-643-2866 ,055-643-2867,"[53029] 경남 통영시 용남면 동달안길 38 (동달리, 법조타운) 302호",wsy2866@daum.net ,
335,오영만,오영만,吳英万,1981.06.07,경남,사법시험 56회,변호사오영만법률사무소,055-646-3004 ,--,[53029] 경남 통영시 용남면 동달리 992 (1층),bbobbi12@hanmail.net ,
334,김진욱,김진욱,金辰旭,1966.05.03,경남,사법시험 39회,법무법인 미래로,055-287-9889 ,055-287-9884,"[51457] 경남 창원시 성산구 창이대로689번길 4-5 (사파동, 세영빌딩) 2층, 법무법인미래로",kiw@mlaw.co.kr ,
333,신완식,신완식,申婉湜,1979.02.26,경남,사법시험 56회,법무법인 신평,055-284-1122 ,055-287-5600,"[51457] 경남 창원시 성산구 창이대로689번길 8 (사파동, 동양빌딩) 501호",boos79@hanmail.net ,
332,박상희,박상희,朴祥希,1983.06.27,경남,변호사시험 5회,변호사박상희법률사무소,055-747-8477 ,055-748-8477,[52676] 경남 진주시 진양호로293번길 7 (신안동) 유니언빌딩 404호,lawsanghee@daum.net ,
331,이윤정,이윤정,李允禎,1990.01.03,경남,변호사시험 5회,법무법인 창해,0552645090 ,0552645091,"[51447] 경남 창원시 성산구 동산로220번길 25 (사파동, 삼복빌딩) 2층",leeacua@hanmail.net ,
330,정성원,정성원,鄭盛元,1986.11.08,경남,변호사시험 5회,법무법인 세원,055-242-5537 ,055-242-5538,[51265] 경남 창원시 마산합포구 완월동7길 15 (장군동4가) 2층,lawyer8667@daum.net ,
329,우진서,우진서,禹進抒,,경남,사법시험 55회,변호사우진서법률사무소,055-261-0026 ,055-267-0026,"[51457] 경남 창원시 성산구 창이대로689번길 4-16 (사파동, 법조빌딩) 402호 박인욱 법률사무소", ,
328,김현수,김현수,金賢洙,1983.01.12,경남,변호사시험 5회,법무법인 동남,055-289-5000 ,055-264-6666,"[51457] 경남 창원시 성산구 창이대로689번길 4-16 (사파동, 법조빌딩) 6층",rentkhs@naver.com ,
327,정택화,정택화,鄭澤和,1961.02.20,경남,사법시험 25회,변호사정택화법률사무소,055-261-3300 ,055-261-3380,"[51457] 경남 창원시 성산구 창이대로 695, 401호(사파동,더원빌딩 ) 사파동 84-2 더원빌딩 401호",jth3300@naver.com ,
326,조아라,조아라,趙아라,1986.06.11,경남,변호사시험 5회,변호사조아라법률사무소,055-266-7200 ,055-266-7290,"[51457] 경남 창원시 성산구 창이대로 695 (사파동, THE ONE 빌딩) 302호",tototosh@hanmail.net ,
325,우정수,우정수,禹正洙,1987.11.09,경남,사법시험 55회,변호사우정수법률사무소,055-714-8015 ,055-714-8016,[51265] 경남 창원시 마산합포구 장장군로 37-1 (장군동4가) 301호,wootoo2@naver.com ,
324,조현태,조현태,趙顯泰,1979.02.19,경남,변호사시험 5회,변호사조현태법률사무소,055-285-8114 ,055-285-8115,"[51457] 경남 창원시 성산구 창이대로695번길 5 (사파동, 보고빌딩) 102호",mission-free@hanmail.net ,
323,이승현,이승현,李承現,1988.02.04,경남,변호사시험 5회,변호사이승현법률사무소,055-289-9400 ,055-289-9500,"[51447] 경남 창원시 성산구 창이대로684번길 2 (사파동, 대광빌딩) 2층",dltmdgus204@naver.com ,
322,신현목,신현목,辛炫穆,1984.10.24,경남,사법시험 51회,변호사신현목법률사무소,055-290-8213 ,055-290-8208,"[51316] 경남 창원시 마산회원구 3.15대로 642 (석전동, 경남은행본점) 경남은행 본점 준법감시부",mokok1984@gmail.com ,
321,이환춘,이환춘,李煥春,,경남,변호사시험 5회,법무법인 여는,055-262-3984 ,055-262-3985,"[51503] 경남 창원시 성산구 마디미서로 64 (상남동, 창원시 노동복지관) 202호", ,
320,이수진,이수진,李秀珍,1980.03.23,경남,변호사시험 5회,법무법인 국제,055-714-8270 ,055-714-8271,"[51457] 경남 창원시 성산구 창이대로689번길 12 (사파동, 현승빌딩) 3층 301호",lapam@naver.com ,
319,이영은,이영은,李榮恩,,경남,,,055-275-1770 ,055-275-1710,"[51447] 경남 창원시 성산구 동산로220번길 29 (사파동, 은하빌딩) 3층",lye_trust@hanmail.net ,
318,황현종,황현종,黃賢宗,1983.10.24,경남,사법시험 52회,변호사황현종법률사무소,055-262-1945 ,055-262-1933,"[51448] 경남 창원시 성산구 창이대로706번길 4-24, 301호(사파동,남양빌딩) ",hhjpro@naver.com ,
316,손홍락,손홍락,孫弘洛,1975.01.22,경남,변호사시험 3회,법무법인 금강,055-282-0905 ,055-282-0908,"[51457] 경남 창원시 성산구 창이대로695번길 7, 4층(사파동,하나빌딩) ",lajus21@hanmail.net ,
315,박용강,박용강,朴鏞江,1973.04.29,울산,사법시험 55회,변호사박용강법률사무소,055-385-9944 ,055-912-4455,"[50629] 경남 양산시 강변로 442, 203호(중부동,늘푸른빌딩) ",avespoir@gmail.com ,
314,김상구,김상구,金相究,1978.10.23,경남,사법시험 55회,변호사김상구법률사무소,055-604-4169 ,055-603-0886,"[51457] 경남 창원시 성산구 창이대로695번길 5, 602호(사파동,보고빌딩) ",ksg3372@naver.com ,
313,남혜진,남혜진,南惠珍,1981.02.21,경남,사법시험 55회,변호사남혜진법률사무소,055-261-5700 ,055-261-5701,"[51457] 경남 창원시 성산구 창이대로 695 (사파동, THE ONE 빌딩) 201호",jeu221@naver.com ,
312,강후원,강후원,姜厚遠,1961.04.02,경남,사법시험 30회,변호사강후원법률사무소, ,,"[52676] 경남 진주시 진양호로 309-6, 3층(신안동) ",pu7569@yahoo.co.kr ,
311,임석필,임석필,林錫弼,1967.03.31,경남,사법시험 33회,변호사임석필법률사무소,055-261-8700 ,055-261-5885,"[51457] 경남 창원시 성산구 창이대로689번길 4-4, 301호(사파동,가야빌딩) ",lsp5280@gmail.com ,
310,최윤,최윤,崔奫,1987.07.02,경남,변호사시험 4회,변호사최윤법률사무소,055-274-3211 ,055-274-3213,"[51457] 경남 창원시 성산구 창이대로689번길 8, 601호,602호(사파동,동양빌딩) ",yoonique872@gmail.com ,
309,윤승환,윤승환,尹勝煥,1985.02.15,경남,변호사시험 4회,변호사윤승환법률사무소,055-331-2288 ,051-553-6587,[50921] 경남 김해시 가락로 66-1 (서상동) 2층,ysh30920@naver.com ,
307,최원준,최원준,崔原準,1979.10.31,경남,변호사시험 4회,변호사최원준법률사무소,055-747-4934 ,055-742-4934,[52676] 경남 진주시 진양호로 311 (신안동) 2층,wjchoi00@naver.com ,
305,김주혜,김주혜,金主惠,1989.10.18,경남,변호사시험 4회,법무법인 규로, ,,"[50944] 경남 김해시 우암로 175 , 306호, 306-1호(내동, 김해법조타운)",juhye1018@hanmail.net ,
304,박승현,박승현,朴承賢,1983.05.03,경남,변호사시험 4회,변호사박승현법률사무소,055-649-9391 ,055-649-9392,[53029] 경남 통영시 용남면 동달안길 16 (동달리) ,scarvoice@naver.com ,
303,김은구,김은구,金銀九,1978.07.13,경남,변호사시험 4회,변호사김은구법률사무소,055-715-1566 ,055-715-1567,"[51447] 경남 창원시 성산구 동산로220번길 31 (사파동, 동남빌딩) 2층 202호",soggu2@hanmail.net ,
302,박미실,박미실,朴美室,1987.04.29,경남,변호사시험 4회,변호사박미실법률사무소, ,,"[53252] 경남 거제시 서문로5길 17, 202호(고현동) ",msplaw@naver.com ,
301,정지운,정지운,鄭智韻,1985.08.30,경남,변호사시험 4회,법무법인 모든, ,,[50925] 경남 김해시 부원동 612-7 케이타운빌딩 3층 304호,law0830@daum.net ,
300,김수민,김수민,金秀珉,1985.09.17,경남,변호사시험 4회,법무법인 모든,055-262-6111 ,055-262-6858,"[51457] 경남 창원시 성산구 창이대로689번길 12, 5층 (사파동, 현승빌딩) ",regina1517@hanmail.net ,
299,고슬아,고슬아,高슬아,1989.07.21,경남,변호사시험 4회,법무법인 평원,055-635-1770 ,055-635-1782,"[53252] 경남 거제시 거제중앙로31길 32-1,5층(고현동, 성진빌딩)",rtd0721@naver.com ,
297,정수진,정수진,鄭秀珍,1988.07.13,경남,사법시험 54회,변호사정수진법률사무소,055-633-0082 ,055-634-0082,"[53237] 경남 거제시 거제대로 4539 (수월동, 대주빌딩) 4층",sujin8807@gmail.com ,
296,유형란,유형란,柳炯蘭,1989.01.17,경남,변호사시험 4회,변호사유형란법률사무소,055-264-7238~9 ,055-264-7240,"[51457] 경남 창원시 성산구 창이대로689번길 4-3, 102,103호(사파동, 대성빌딩)",rainyran117@naver.com ,
295,김태형,김태형,金泰亨,1983.02.07,경남,사법시험 49회,법무법인 믿음,055-716-1110 ,055-266-1717,"[51447] 경남 창원시 성산구 창이대로690번길 2(사파동,청운빌딩)",rasca38@hotmail.com ,
294,김슬기,김슬기,金슬기,1985.12.28,경남,사법시험 54회,법무법인 규로,055-285-8866 ,055-275-0034,"[51457] 경남 창원시 성산구 창이대로689번길 4-3,4층(사파동,대성빌딩)",kimwise85@hanmail.net ,
293,김백근,김백근,金伯根,1978.03.05,경남,변호사시험 4회,법무법인 새날,055-264-7977 ,055-266-5798,"[51457] 경남 창원시 성산구 창이대로689번길 10 , 401호(사파동, 성은빌딩)",kimbk9852@gmail.com ,
292,정성윤,정성윤,鄭誠允,1983.07.14,경남,변호사시험 4회,변호사정성윤법률사무소,055-747-1300 ,055-747-1307,[52676] 경남 진주시 진양호로293번길 6-6 (신안동) 302호,penny1st@naver.com ,
291,신호승,신호승,申祜昇,1974.02.09,경남,변호사시험 2회,변호사신호승법률사무소,055-605-8811 ,055-602-0866,"[51457] 경남 창원시 성산구 창이대로695번길 5 (사파동, 보고빌딩) 602호 창원지방법원 국선전담변호사사무소",josef74@hanmail.net ,
290,김해붕,김해붕,金海鵬,1969.03.11,경남,사법시험 35회,법무법인 미래로,055-287-9889 ,,"[642-826] 경남 창원시 창이대로 689번길 4-5,2층(사파동,변호사회관빌딩)",khb5120@gmail.com ,
289,노갑식,노갑식,盧甲植,1965.07.28,경남,사법시험 35회,변호사노갑식법률사무소,055-285-8114 ,055-285-8115,"[642-826] 경남 창원시 성산구 창이대로695번길 5,102호(사파동,보고빌딩)",lksl25@naver.com ,
288,허선무,허선무,許宣茂,1980.05.04,경남,사법시험 54회,변호사허선무법률사무소,055-275-0400 ,055-287-4700,"[642-827] 경남 창원시 성산구 창이대로690번길 2,5층(사파동)",lawcandle80@gmail.com ,
287,박인욱,박인욱,朴寅旭,1981.08.22,경남,사법시험 53회,변호사박인욱법률사무소,-- ,--,"[51457] 경남 창원시 성산구 창이대로689번길 4-16 (사파동, 법조빌딩) 402호",wook6946@naver.com ,
286,이동성,이동성,李東晟,1981.04.09,경남,사법시험 54회,법무법인 규로,055-275-3685 ,055-275-3689,"[51457] 경남 창원시 성산구 창이대로689번길 4-3 (사파동, 대성빌딩) 4층",dslee3685@gmail.com ,
285,이현지,이현지,李炫知,,경남,변호사시험 3회,변호사이현지법률사무소,055-275-0400 ,,"[51447] 경남 창원시 성산구 창이대로690번길 2 (사파동, 청운빌딩) 5층",hgjennlee@gmail.com ,
284,서경리,서경리,徐景筣,1985.11.30,경남,변호사시험 3회,법무법인 더킴로펌,055-264-3703 ,--,"[51457] 경남 창원시 성산구 창이대로689번길 4-5 (사파동, 세영빌딩) 1층",kyungliseo@gmail.com ,
283,이미나,이미나,李美那,1992.02.07,경남,변호사시험 3회,법무법인 규로,055-285-8866 ,055-275-0034,"[51457] 경남 창원시 성산구 창이대로689번길 4-3,4층(사파동,대성빌딩)",ovovss@naver.com ,
282,김지하,김지하,金智河,1978.11.29,경남,사법시험 53회,변호사김지하법률사무소,055-644-3370 ,055-644-3378,"[53029] 경남 통영시 용남면 동달안길 38 (동달리, 법조타운) 203호",kjhlawyer@hanmail.net ,가사법 (2017-07-31)
281,윤상일,윤상일,尹相一,1981.04.11,경남,사법시험 53회,변호사윤상일법률사무소,055-751-9332 ,055-751-9339,"[660-031] 경남 진주시 동진로 430(충무공동),중소기업진흥공단",potatoiii@hanmail.net ,
280,김기률,김기률,金奇律,1985.12.14,경남,변호사시험 3회,변호사김기률법률사무소,055-282-8500 ,055-282-6100,"[642-826] 경남 창원시 창이대로689번길 12,201호(사파동,현승빌딩)",kimkiryul@naver.com ,
279,나유신,나유신,羅洧信,1982.10.03,경남,변호사시험 3회,법무법인 정림,055-283-9911 ,055-283-9932,"[642-826] 경남 창원 성산구 창이대로689번길 10,302호(사파동,성은빌딩)",pnulawcl@naver.com ,
278,이성혜,이성혜,李聖慧,1979.07.08,경남,사법시험 53회,변호사이성혜법률사무소,055-266-3403 ,055-262-6640,"[51460] 경남 창원시 성산구 비음로 203-19, 302호(사파정동)",tbflsh@hanmail.net ,
276,고영민,고영민,高永旼,1982.08.01,경남,사법시험 53회,변호사고영민법률사무소,055-260-3071 ,055-260-3020,"[642-711] 경남 창원시 성산구 성산패총로 170(가음정동),LG전자",acbarykym@hanmail.net ,
275,김정아,김정아,金貞妸,1986.08.27,경남,변호사시험 3회,경남 법무법인,055-266-5599 ,055-284-2116,"[642-826] 경남 창원시 성산구 창이대로689번길 10,202호(사파동,성은빌딩)",jakim0827@naver.com ,
274,윤영준,윤영준,尹瑛俊,1981.03.26,경남,변호사시험 3회,변호사윤영준법률사무소,055-281-4199 ,055-274-3381,"[51457] 경남 창원시 성산구 창이대로689번길 4-16 (사파동, 법조빌딩) 302호",youngjune.yoon81@gmail.com ,
273,윤길웅,윤길웅,尹拮雄,1978.10.02,경남,사법시험 53회,변호사윤길웅법률사무소,055-352-2685 ,055-352-2684,"[627-802] 경남 밀양시 시청로1길 6,2층(내이동)",vocayun@hanmail.net ,
272,박진양,박진양,朴眞養,1987.02.20,경남,변호사시험 3회,변호사박진양법률사무소,055-354-1270 ,,[50423] 경남 밀양시 백민로 81 (내이동) 2층,jyplaw@naver.com ,
271,손보경,손보경,孫輔卿,1980.10.14,경남,변호사시험 3회,변호사손보경법률사무소,055-261-8700 ,055-261-5885,"[51457] 경남 창원시 성산구 창이대로689번길 4-4 (사파동, 가야빌딩) 3층",sonbklaw@gmail.com ,
270,장수영,장수영,張修榮,1978.12.05,경남,변호사시험 3회,변호사장수영법률사무소,055-645-1023 ,055-641-1023,[53029] 경남 통영시 용남면 동달안길 70 (화삼리) 효림빌딩 201호,pietalaw@naver.com ,가사법 (2017-12-04);형사법 (2017-12-04)
269,김성엽,김성엽,金成燁,1985.10.16,경남,변호사시험 3회,변호사김성엽법률사무소,055-267-0111 ,055-267-2125,"[642-826] 경남 창원시 성산구 창이대로689번길 8,502호(사파동,동양빌딩)",ksy-803@hanmail.net ,
268,김용태,김용태,金龍泰,1978.02.05,경남,사법시험 53회,변호사김용태법률사무소,055-262-0200 ,055-262-0337,"[642-826] 경남 창원시 성산구 창이대로689번길 4-16,201호(사파동)",ironman2001@hanmail.net ,
267,박승환,박승환,朴昇煥,1976.11.26,경남,사법시험 53회,,055-339-3328 ,055-339-3378,[50924] 경남 김해시 호계로422번길 16 (부원동) 2층,shpark431@naver.com ,
264,고규정,고규정,高圭貞,1958.01.15,경남,사법시험 28회,법무법인 금강,055-282-0905 ,055-282-0908,"[642-826] 경남 창원시 성산구 창이대로695번길 7,4층(사파동,하나빌딩)", ,
263,류승미,류승미,柳承美,1982.02.11,경남,사법시험 53회,법무법인 미래로,055-287-9889 ,055-287-9884,"[642-826] 경남 창원시 성산구 창이대로689번길 4-5,2층(사파동,변호사회관빌딩)",lawyersm@daum.net ,
262,손호관,손호관,孫虎寬,1966.09.17,경남,사법시험 39회,법무법인 동남,055-289-5000 ,055-289-6666,"[642-826] 경남 창원시 성산구 창이대로689번길 4-16,6층(사파동,법조빌딩)", ,
261,이은혜,이은혜,李恩惠,1987.08.10,경남,사법시험 53회,변호사이은혜법률사무소,055-605-8811 ,055-602-0866,"[642-550] 경남 창원시 성산구 창이대로695번길 5,602호(사파동,보고법조빌딩)",eunhye0810@nate.com ,
260,박희준,박희준,朴羲俊,1981.07.12,경남,사법시험 53회,법무법인 타임,055-327-0018 ,055-327-0086,"[51014] 경남 김해시 율하3로 81,5층(율하동)",heejun@bhi.co.kr ,
258,박세영,박세영,朴世榮,1978.07.19,경남,변호사시험 2회,법무법인 동현,055-287-2500 ,055-266-5653,"[51457] 경남 창원시 성산구 창이대로689번길 4-3 (사파동, 대성빌딩) 302호",bassyoung@gmail.com ,
257,신정인,신정인,申靜仁,1983.05.20,경남,사법시험 52회,법무법인 로앤케이,055-266-3579 ,055-266-5757,"[642-827] 경남 창원시 성산구 동산로220번길 29-1 ,4층(사파동,지산빌딩)",lawnkcw@gmail.com ,
256,김시성,김시성,金施成,1978.02.01,경남,변호사시험 2회,변호사김시성법률사무소,055-646-9677 ,055-646-9679,"[53029] 경남 통영시 용남면 동달안길 38 (동달리, 법조타운) 202호",naihn7@hanmail.net ,민사법 (2018-03-05)
255,배가진,배가진,裵佳眞,1984.01.26,경남,변호사시험 2회,법무법인 화율, ,,"[621-060] 경남 김해시 삼계중앙로 66,5층501호(삼계동)",mdr800@naver.com ,
254,오근영,오근영,吳瑾英,1980.11.22,경남,변호사시험 2회,법무법인 창해,055-604-0315 ,055-604-0316,"[51266] 경남 창원시 마산합포구 중앙남6길 99, 1층, 2층 (장군동3가)",free1122@hanmail.net ,
253,김영미,김영미,金英美,1984.10.15,경남,변호사시험 2회,변호사김영미법률사무소,055-261-5600 ,055-261-4800,"[642-826] 경남 창원시 성산구 창이대로689번길 12,302호(사파동,현승빌딩)",kym841015@hanmail.net ,
252,김준석,김준석,金俊奭,1981.04.10,경남,변호사시험 2회,법무법인 화율,055-331-5511 ,055-331-8111,"[621-060] 경남 김해시 삼계중앙로 66,501호(삼계동)",bnklaw@naver.com ,
251,박민건,박민건,朴敏健,1983.06.27,경남,변호사시험 2회,법무법인 화율,055-281-4400 ,055-281-4401,"[51457] 경남 창원시 성산구 창이대로 695 (사파동, THE ONE 빌딩) 602호",lawpmg@naver.com ,
250,배상운,배상운,裵相雲,1981.02.20,경남,변호사시험 2회,변호사배상운법률사무소,055-647-7456 ,055-647-5074,[650-827] 경남 통영시 광도면 공단로 940(법무팀),maaeno@gmail.com ,
249,백성근,백성근,白成根,1966.07.27,경남,사법시험 32회,변호사백성근법률사무소,055-282-8500 ,055-282-6100,[642-826] 경남 창원시 성산구 사파동77(현승빌딩201호) ,bhwon1128@naver.com ,
248,정영덕,정영덕,丁榮德,1982.08.15,경남,변호사시험 2회,변호사정영덕법률사무소,055-790-9200 ,055-790-9201,"[52676] 경남 진주시 진양호로293번길 16-12, 4층(신안동)",kakdila82@naver.com ,
247,황지혜,황지혜,黃智惠,1983.05.22,경남,변호사시험 2회,변호사황지혜법률사무소,055-262-6111 ,055-262-6858,[642-826] 경남 창원시 성산구 사파동 77(현승빌딩5층),zuzac25@naver.com ,
246,송형모,송형모,宋衡侔,1978.01.07,경남,군법무관임용시험 16회,변호사송형모법률사무소,055-275-1770 ,055-275-1710,[642-827] 경남 창원시 성산구 사파동 124-7(3층),moyaaaa@hanmail.net ,
245,최준성,최준성,崔準成,1983.03.05,경남,변호사시험 2회,변호사최준성법률사무소,055-284-0077 ,055-281-9300,"[642-827] 경남 창원시 동산로220번길 27,4층(사파동,내외법무법인빌딩)",cjs775@daum.net ,형사법 (2018-01-29)
244,서인교,서인교,徐仁敎,1977.01.17,경남,사법시험 48회,변호사서인교법률사무소,055-714-7535 ,055-714-7536,"[51457] 경남 창원시 성산구 창이대로689번길 4-24 (사파동, 더원2빌딩) 601호",bestlawer@naver.com ,
243,황경은,황경은,黃炅垠,1984.03.28,경남,변호사시험 2회,변호사황경은법률사무소,055-751-9652 ,055-751-9599,"[52851] 경남 진주시 동진로 430 (충무공동, 중소기업진흥공단) 리스크관리처",saimdang1242@hanmail.net ,
241,문수련,문수련,文秀蓮,1987.02.24,경남,변호사시험 2회,변호사문수련법률사무소,055-716-0001 ,055-716-0071,"[51457] 경남 창원시 성산구 창이대로 695 (사파동, THE ONE 빌딩) 301호",suryun87@hanmail.net ,
239,심재국,심재국,沈載國,1981.10.02,경남,변호사시험 2회,법무법인 대륜,055-715-1128 ,055-715-1129,"[51448] 경남 창원시 성산구 창이대로706번길 4-24, 5층 (사파동, 남양빌딩)",simjaekuk@hanmail.net ,
238,이혜영,이혜영,李惠英,1973.05.14,경남,변호사시험 2회,변호사이혜영법률사무소,-- ,--,"[51395] 경남 창원시 의창구 창원대로18번길 46 (팔용동, 경남창원과학기술진흥원) 716호",lawin0514@nate.com ,
237,김문범,김문범,金紋範,1983.09.03,경남,변호사시험 2회,변호사김문범법률사무소,055-646-9301~2 ,055-646-9303,"[53029] 경남 통영시 용남면 동달안길 38, 103호(동달리, 법조타운)",scorpionkmb@hanmail.net ,
236,강봉철,강봉철,姜奉澈,1978.05.28,경남,변호사시험 2회,변호사강봉철법률사무소,055-261-8700 ,055-261-5885,"[51457] 경남 창원시 성산구 창이대로689번길 4-4 (사파동, 가야빌딩) 301호",bckang0528@nate.com ,
235,최종원,최종원,崔淙源,1979.09.16,경남,변호사시험 2회,법무법인 동현, ,,"[51447] 경남 창원시 성산구 동산로220번길 35,2층(사파동)",cjw3924@hotmail.com ,
234,최미리,최미리,崔美利,1983.03.16,경남,변호사시험 2회,변호사최미리법률사무소,055-716-0121 ,055-716-0141,"[51457] 경남 창원시 성산구 창이대로 695 (사파동, THE ONE 빌딩) 202호",mirychoi@naver.com ,
233,주현빈,주현빈,朱炫彬,1980.01.12,경남,변호사시험 2회,변호사주현빈법률사무소,055-716-0121 ,055-716-0141,"[51457] 경남 창원시 성산구 창이대로 695 (사파동, THE ONE 빌딩) 202호 법률사무소 이안",juhyunbin@naver.com ,형사법 (2017-12-04)
232,박경,박경,朴京,1980.11.07,경남,변호사시험 2회,법무법인 정림,055-283-9911 ,055-283-9932,[642-826] 경남 창원시 성산구 사파동 78(성은빌딩302호),parkkyoung3@naver.com ,
231,정동윤,정동윤,鄭棟允,1981.04.02,경남,변호사시험 2회,변호사정동윤법률사무소,055-747-1300 ,055-747-1307,"[52676] 경남 진주시 진양호로293번길 6-6,3층(신안동,이성법조타운)",lawjdy81@naver.com ,
230,정원욱,정원욱,鄭原旭,1973.02.20,경남,사법시험 52회,변호사정원욱법률사무소,055-241-0600 ,055-241-0602,"[631-164] 경남 창원시 마산합포구 완월동6길 3,2층(장군동4가)",nanmugi@naver.com ,
229,김한중,김한중,金漢中,1969.08.10,경남,사법시험 43회,변호사김한중법률사무소,055-648-9500 ,055-648-9509,"[53029] 경남 통영시 용남면 동달안길 34-14 , 1층(화삼리)",hanjung7011@naver.com ,
228,이유경,이유경,李柔京,1985.02.10,경남,사법시험 52회,변호사이유경법률사무소,055-743-9885 ,055-743-9886,[660-907] 경남 진주시 신안동 766-9(국선전담법률사무소),aqua2uk@naver.com ,
227,신병준,신병준,申秉峻,1971.05.20,경남,사법시험 52회,변호사신병준법률사무소,055-646-3004 ,055-646-3005,"[650-831] 경남 통영시 용남면 동달리 992(1층,국선전담변호사 사무소)",nosotros@dreamwiz.com ,
226,장민관,장민관,章珉管,1980.04.20,경남,사법시험 52회,변호사장민관법률사무소, ,,"[53029] 경남 통영시 용남면 동달안길 8 (동달리, 법무사정길홍사무소) ",fishburne@hanmail.net ,
225,고정항,고정항,高正恒,1980.01.01,경남,사법시험 49회,변호사고정항법률사무소,055-283-1230 ,055-274-3381,"[642-826] 경남 창원시 성산구 창이대로689번길 4-16,302호(사파동,법조빌딩)",gratia707@naver.com ,
224,김정화,김정화,金廷華,1983.04.18,경남,사법시험 52회,, ,,"[51323] 경남 창원시 마산회원구 삼호로 63(양덕동,마산종합운동장내) ,엔씨다이노스",jhkim@ncdinos.com ,
223,안병규,안병규,安炳奎,,경남,사법시험 52회,변호사안병규법률사무소,055-747-4934 ,055-742-4934,[660-907] 경남 진주시 신안동 421-3(2층),lawahn@gmail.com ,
222,조용연,조용연,趙龍衍,1978.04.04,경남,사법시험 52회,변호사조용연법률사무소,055-285-7700 ,055-285-7877,[642-826] 경남 창원시 성산구 창이대로689번길 4-16(사파동) ,chodragonkite@hanmail.net ,
221,김민수,김민수,金玟洙,1980.10.03,경남,사법시험 52회,변호사김민수법률사무소,055-266-7200 ,055-266-7290,"[51457] 경남 창원시 성산구 창이대로 695 (사파동, 더원빌딩) 302호",mskimlawyer@hanmail.net ,
220,조정현,조정현,趙正賢,1975.11.18,경남,변호사시험 1회,법무법인 창해,055-264-5090 ,055-264-5091,"[642-827] 경남 창원시 성산구 동산로220번길 25,2층(사파동,삼복빌딩)",jucho99@naver.com ,
219,오유진,오유진,吳侑珍,1985.06.06,경남,변호사시험 1회,변호사오유진법률사무소,055-260-6083 ,055-260-6899,[51561] 경남 창원시 성산구 공단로21번길 18 (신촌동) 두산엔진 주식회사,yoojin.oh@doosan.com ,
218,배윤근,배윤근,裵允根,1981.02.11,경남,변호사시험 1회,변호사배윤근법률사무소,055-263-5177 ,055-284-8790,"[642-827] 경남 창원시 성산구 동산로220번길 21,5층(사파동,대방빌딩)",bok1314@hanmail.net ,
217,전수진,전수진,全修辰,1985.08.22,경남,변호사시험 1회,법무법인 대륜,055-715-1128 ,055-715-1129,"[51448] 경남 창원시 성산구 창이대로706번길 4-24, 5층 (사파동, 남양빌딩)",nelena02@naver.com ,
216,정안숙,정안숙,鄭安淑,1983.02.08,경남,변호사시험 1회,변호사정안숙법률사무소,055-904-8525 ,055-904-5078,"[50924] 경남 김해시 호계로422번길 17,3층(부원동)",yslaw2013@naver.com ,이혼 (2016-03-07)
214,이재영,이재영,李在榮,1976.07.23,경남,변호사시험 1회,법무법인 화율,055-281-4400 ,055-281-4401,"[51457] 경남 창원시 성산구 창이대로 695 (사파동, THE ONE 빌딩) 6층 602호",jayworld0723@gmail.com ,
212,김형일,김형일,金炯一,1982.06.21,경남,변호사시험 1회,법무법인 믿음,055-716-1110 ,055-266-1717,"[51447] 경남 창원시 성산구 창이대로690번길 2(사파동,청운빌딩)",threeofsword@gmail.com ,
211,유태영,유태영,兪泰瑛,1985.04.30,경남,변호사시험 1회,변호사유태영법률사무소,055-632-9090 ,055-632-9092,[656-935] 경남 거제시 고현동 967-20(상일빌딩3층),7aeyoung.yoo@gmail.com ,
210,김상용,김상용,金相鏞,1979.12.10,경남,변호사시험 1회,법무법인 모든,055-262-6111 ,,[642-826] 경남 창원시 성산구 사파동 77(현승빌딩5층),cscoksy@naver.com ,건설 (2017-11-06)
209,염진아,염진아,廉珍兒,1982.05.04,경남,변호사시험 1회,변호사염진아법률사무소, ,,"[631-164] 경남 창원시 마산합포구 장장군로 37-1,201호(장군동4가)",shaude82@naver.com ,
208,임규영,임규영,林奎永,1981.04.09,경남,변호사시험 1회,변호사임규영법률사무소,-- ,--,[52676] 경남 진주시 진양호로293번길 16-12 (신안동) 4층,kamatine@hanmail.net ,
207,윤태원,윤태원,尹兌遠,1980.02.01,경남,변호사시험 1회,변호사윤태원법률사무소, ,,"[631-164] 경남 창원시 마산합포구 장장군로 37-1,3층301호(장군동4가)",oeo79@naver.com ,
206,이재호,이재호,李宰鎬,1974.06.20,경남,사법시험 51회,변호사이재호법률사무소,055-267-7111 ,055-267-7117,[641-550] 경남 창원시 성산구 사파동 (대성빌딩301호),kibok0620@hanmail.net ,
205,박종현,박종현,朴鍾賢,1981.10.21,경남,사법시험 50회,법무법인 화율,055-281-4400 ,055-281-4401,"[51457] 경남 창원시 성산구 창이대로 695 (사파동, THE ONE 빌딩) 602호",stormas112@naver.com ,
204,김민오,김민오,金民吾,1979.04.09,경남,사법시험 51회,법무법인 마산,"055-293-9775,6 ",055-295-4075,"[631-164] 경남 창원시 마산합포구 완월동7길 37,2층(장군동4가)",kalsdh@hanmail.net ,
203,백영호,백영호,白英浩,1972.12.24,경남,사법시험 51회,변호사백영호법률사무소,055-634-2580 ,055-634-1972,"[656-935] 경남 거제시 거제중앙로31길 32-1,3층(고현동,대원빌딩)",byh2945@naver.com ,
202,윤정주,윤정주,尹程朱,1975.04.17,경남,사법시험 51회,변호사윤정주법률사무소,055-282-1199 ,055-282-7117,[641-550] 경남 창원시 성산구 사파동 78(성은빌딩1층102-2호),profisher@hanmail.net ,
201,정지연,정지연,鄭至然,1975.09.05,경남,사법시험 50회,변호사정지연법률사무소,055-743-9885 ,055-743-9886,"[660-907] 경남 진주시 진양호로293번길 17(신안동),국선전담변호사사무실",ji-yeony@hanmail.net ,
200,정은진,정은진,鄭恩眞,1981.08.18,경남,사법시험 50회,변호사정은진법률사무소,055-290-8287 ,055-290-8208,"[51316] 경남 창원시 마산회원구 3.15대로 642 (석전동, 경남은행본점) 13층준법감시부",jjungene@naver.com ,
199,이태환,이태환,李泰煥,1976.02.24,경남,사법시험 49회,법무법인 유안,055-752-1945 ,055-752-1945,"[52676] 경남 진주시 진양호로293번길 16-5 , 6층 601호(신안동, 우암빌딩)",lawnlaw@gmail.com ,
198,박염동,박염동,朴염東,1979.10.08,경남,사법시험 50회,변호사박염동법률사무소,055-260-3210 ,055-260-3020,[641-110] 경남 창원시 가음정동 391-2(LG전자),9911544@daum.net ,
197,김종현,김종현,金鍾賢,1975.07.27,경남,사법시험 50회,법무법인 대륜,055-748-1128 ,055-748-1129,"[52697] 경남 진주시 진양호로 302, 2층 (신안동)",kimjh-kjc@hanmail.net ,도산 (2016-03-07)
196,오재혁,오재혁,吳在赫,1969.03.08,경남,사법시험 39회,법무법인 금강,055-335-5342 ,055-335-5307,"[50944] 경남 김해시 우암로 175, 201-1호(내동, 김해법조타운)",jhoh2929@hanmial.net ,
195,엄도흥,엄도흥,嚴道興,1976.03.29,경남,사법시험 50회,법무법인 미래로,055-287-9889 ,055-287-9884,"[51457] 경남 창원시 성산구 창이대로689번길 4-5 (사파동, 세영빌딩) 변호사회관 2층",elpmis76@hanmail.net ,
194,허홍만,허홍만,許洪萬,1964.01.22,경남,사법시험 29회,법무법인 동남,055-264-6657 ,055-264-6666,[641-550] 경남 창원시 성산구 사파동 84-3(법조빌딩6층),donggnam@naver.com ,
193,안창환,안창환,安昌煥,1964.09.23,경남,사법시험 30회,법무법인 동남,"055-264-6657,8 ",055-264-6666,[641-550] 경남 창원시 성산구 사파동 84-3(법조빌딩6층),ayss12@paran.com ,
192,전철우,전철우,全哲佑,1970.11.23,경남,사법시험 49회,법률사무소 해민,055-282-1717 ,055-282-1718,[642-827] 경남 창원시 성산구 사파동 120-9(청운빌딩4층),jcwoov@hanmail.net ,
191,이창만,이창만,李彰晩,1975.02.02,경남,사법시험 49회,법무법인 세원,055-274-3211 ,055-274-3213,"[642-826] 경남 창원시 성산구 창이대로689번길 8,601~602호(사파동,동양빌딩)",pactalaw@naver.com ,
190,박종욱,박종욱,朴鍾郁,1970.08.21,경남,사법시험 36회,변호사박종욱법률사무소,055-758-6601 ,055-758-6609,"[660-100] 경남 진주시 진양호로293번길 16-6,401호(신안동,승소빌딩)",pacu33@nate.com ,
189,이수경,이수경,李受倞,1979.03.29,경남,사법시험 49회,변호사이수경법률사무소, ,,"[51457] 경남 창원시 성산구 창이대로695번길 5,301호(사파동,보고법조빌딩)",sk4485@hanmail.net ,형사법 (2017-07-31)
188,박선영,박선영,朴善英,1983.07.03,경남,사법시험 49회,변호사박선영법률사무소,055-795-3350 ,055-795-3351,"[52676] 경남 진주시 진양호로 309-6, 201호(신안동)",apron8282@naver.com ,
187,이창희,이창희,李昶熙,1972.12.02,경남,사법시험 49회,법무법인 김해앤세계,055-282­-1100 ,055-275­-2602,[641-550] 경남 창원시 사파동 124-4,victolee1202@gmail.com ,
186,안형률,안형률,安炯律,1970.10.15,경남,사법시험 33회,변호사안형률법률사무소,055-285-7700 ,055-285-7877,[641-550] 경남 창원시 성산구 사파동 84-3 (법조빌딩 401호),legan1212@naver.com ,
185,배동환,배동환,裵東煥,1973.07.07,경남,사법시험 49회,변호사배동환법률사무소,055-261-1636 ,055-261-1637,[641-550] 경남 창원시 성산구 사파동 84-3(법조빌딩101호),lawyerhwan@nate.com ,
184,안한진,안한진,安漢鎭,1973.09.09,경남,사법시험 49회,법률사무소 해민,055-282-1717 ,055-282-1718,[642-827] 경남 창원시 성산구 사파동 120-9(청운빌딩4층),arahan09@hanmail.net ,
183,홍강오,홍강오,洪羌旿,1972.04.15,경남,사법시험 49회,법무법인 마산,055-248-2882 ,055-248-2772,[631-150] 경남 창원시 마산합포구 완월동 7길37,hong707@hanmail.net ,
182,강선령,강선령,姜善玲,1970.05.05,경남,사법시험 41회,변호사강선령법률사무소,055-275-0270 ,055-275-0276,[642-827] 경남 창원시 성산구 사파동 124-5(삼복빌딩3층),serkang@hanmail.net ,
181,박영진,박영진,朴永津,1956.09.11,경남,사법시험 26회,법무법인 율현,055-322-2123 ,055-322-2023,[621-010] 경남 김해시 부원동 619-27(숭선빌딩3층),yjpark@yoolhyun.com ,
180,권연경,권연경,權娟暻,1974.11.12,경남,사법시험 48회,법무법인 지용,055-264-5533 ,055-264-5993,"[51457] 경남 창원시 성산구 창이대로695번길 7 , 601호(사파동, (주)하나파워사옥)",1684k@hanmail.net ,행정법 (2015-04-20);민사법 (2015-04-20)
179,김진일,김진일,金辰一,1976.01.31,경남,사법시험 45회,변호사김진일법률사무소,055-223-9700 ,055-223-9779,"[51282] 경남 창원시 마산합포구 북성로 5 (창동, 엔에이치농협은행마산지점) 4층 404호",0124hsh@naver.com ,
178,이춘교,이춘교,李春敎,1975.11.13,경남,사법시험 48회,변호사이춘교법률사무소,055-283-0600 ,055-283-0601,[641-827] 경남 창원시 성산구 사파동 124-5 (삼복빌딩102호),pyennim@naver.com ,
177,황진한,황진한,黃鎭漢,1976.07.22,경남,사법시험 48회,변호사황진한법률사무소,055-282-5123 ,055-286-5113,"[51457] 경남 창원시 성산구 창이대로 695 (사파동, THE ONE 빌딩) , 5층 501호",zinedinn@naver.com ,
176,방광호,방광호,方光호,1974.07.14,경남,사법시험 48회,변호사방광호법률사무소,055-264-2580 ,055-264-2590,[641-550] 경남 창원시 성산구 사파동 81(동양빌딩401호),bkh714@naver.com ,
175,손정표,손정표,孫禎杓,1975.03.06,경남,사법시험 48회,법무법인 새날,055-264-7977 ,055-266-5798,"[51457] 경남 창원시 성산구 창이대로689번길 10 , 401호(사파동, 성은빌딩)",jps75@hanmail.net ,
174,김형석,김형석,金亨錫,1975.07.18,경남,사법시험 47회,법무법인 더킴로펌,055-264-3703 ,--,"[51457] 경남 창원시 성산구 창이대로689번길 4-5 (사파동, 세영빌딩) 1층",lawyer0718@naver.com ,형사법 (2016-03-07)
173,문지영,문지영,文知煐,1980.03.29,경남,사법시험 48회,법무법인 지용, ,,"[51457] 경남 창원시 성산구 창이대로695번길 5, 301호 (사파동, 보고빌딩)",70jiyoung@naver.com ,이혼 (2017-07-31);손해배상 (2017-08-28)
172,이윤종,이윤종,李潤鍾,1969.07.17,경남,사법시험 36회,변호사이윤종법률사무소,055-645-7733 ,055-645-5566,[53029] 경남 통영시 용남면 동달안길 34-8 (동달리) 120호,yoonjonglee@naver.com ,
171,황구현,황구현,黃玽鉉,1972.02.20,경남,사법시험 47회,법무법인 다승,055-742-4914 ,055-745-4914,"[52676] 경남 진주시 진양호로293번길 16-2 , 201호(신안동, 진주법무빌딩)",bagabond9@hanmail.net ,
170,윤형윤,윤형윤,尹炯允,1958.12.16,경남,사법시험 29회,변호사윤형윤법률사무소,055-281-1155 ,055-281-1199,[641-550] 경남 창원시 성산구 사파동 84-1 (가야빌딩 203호),hyyyoon@hanmail.net ,
168,김민규,김민규,金旼奎,1976.02.06,경남,사법시험 46회,변호사김민규법률사무소,055-248-8118 ,055-248-8778,[631-164] 경남 창원시 마산합포구 장군동4가 26-60 (2층),mkyukim@gmail.com ,
167,문일환,문일환,文一煥,1977.06.23,경남,사법시험 46회,변호사문일환법률사무소,055-266-3403 ,055-262-6640,"[51457] 경남 창원시 성산구 창이대로689번길 4-5,3층302호(사파동,세영빌딩)",moonjiff9@empas.com ,
166,김지웅,김지웅,金智雄,1973.10.07,경남,사법시험 39회,법무법인 희망,055-648-2112 ,055-648-2250,[650-831] 경남 통영시 용남면 동달리 992-4,kimpro29@hanmail.net ,
164,김태종,김태종,金泰種,1969.03.24,경남,사법시험 46회,변호사김태종법률사무소,055-645-1221 ,055-643-6487,[650-831] 경남 통영시 용남면 동달안길 16,ktj9090@hanmail.net ,
163,오유경,오유경,吳唯鏡,1968.03.13,경남,사법시험 46회,변호사오유경법률사무소,055-281-2070 ,055-281-2074,[641-550] 경남 창원시 성산구 사파동 124-13 (대광빌딩 3층),yooky713@naver.com ,이혼 (2013-09-23)
162,김종철,김종철,金鍾喆,1970.05.23,경남,사법시험 46회,변호사김종철법률사무소,055-275-5527 ,055-275-5597,[641-550] 경남 창원시 성산구 사파동 124-7 (은하빌딩4층),jjkkjjcc@hanmail.net ,
161,남상권,남상권,南相權,1970.01.20,경남,사법시험 46회,변호사남상권법률사무소,055-263-1314 ,055-263-1129,[51447] 경남 창원시 성산구 창이대로664번길 1 (사파동) 경남법무법인빌딩 4층,nskboss@hanmail.net ,
160,옥치돈,옥치돈,玉致墩,1971.12.04,경남,사법시험 46회,변호사옥치돈법률사무소,055-633-7171 ,055-633-7557,[656-803] 경남 거제시 신현읍 고현리 967-15 (202호),cassandra33@hanmail.net ,
159,김주복,김주복,金柱福,1971.09.07,경남,사법시험 46회,변호사김주복법률사무소,055-264-7238 ,055-264-7240,"[641-550] 경남 창원시 성산구 사파동 82 (대성빌딩102호,103호)",pfejustice@hanmail.net ,
158,김영규,김영규,金榮奎,1970.10.01,경남,사법시험 41회,변호사김영규법률사무소,055-735-0073 ,055-735-1277,"[53302] 경남 거제시 거제대로 3370 (아주동, 대우조선해양) 감사실",verislaw@naver.com ,
155,김상군,김상군,金相君,1974.02.12,경남,사법시험 42회,변호사김상군법률사무소,055-266-4747 ,055-266-4797,[641-826] 경남 창원시 성산구 사파동 78(성은빌딩501호),banchiking@naver.com ,
154,김은일,김은일,金恩一,1971.09.25,경남,사법시험 45회,법무법인 신평,055-284-1122 ,055-287-5600,"[51457] 경남 창원시 성산구 창이대로689번길 8 (사파동, 동양빌딩) 501호",e2kim@naver.com ,
153,박재원,박재원,朴在元,1972.04.16,경남,사법시험 45회,변호사박재원법률사무소,055-353-6900 ,055-353-2900,[627-130] 경남 밀양시 내이동 1523-7,lawyerbjw@naver.com ,
152,김영식,김영식,金榮植,1970.11.01,경남,사법시험 45회,변호사김영식법률사무소,055-321-6300 ,055-321-5577,"[50924] 경남 김해시 김해대로 2383 (부원동, 흥국생명빌딩) 4층",youngsik.kim.attorney@gmail.com ,
151,박형준,박형준,朴亨埈,1975.01.29,경남,사법시험 45회,변호사박형준법률사무소,055-275-6488 ,055-266-0243,[641-550] 경남 창원시 성산구 사파동 79(하나빌딩3층),phjlaw@naver.com ,
150,박종태,박종태,朴鍾泰,1965.09.05,경남,사법시험 41회,변호사박종태법률사무소,055-281-3900 ,055-281-3914,[641-826] 경남 창원시 성산구 사파동 80 (보고빌딩 302호),pjtlaw@naver.com ,
149,하인호,하인호,河仁浩,1970.12.25,경남,사법시험 45회,변호사하인호법률사무소,055-266-0060 ,055-266-0243,[641-550] 경남 창원시 성산구 사파동 79 (하나빌딩3층),hih1225@hanmail.net ,
148,박미혜,박미혜,朴美惠,1979.01.13,경남,사법시험 45회,법무법인 믿음,055-716-1110 ,055-266-1717,"[51447] 경남 창원시 성산구 창이대로690번길 2(사파동,청운빌딩)",keino0@naver.com ,
147,안성일,안성일,安成鎰,1974.10.03,경남,사법시험 44회,법무법인 유스트, ,,"[51447] 경남 창원시 성산구 동산로220번길 33,5층(사파동,경희빌딩)",na6239@naver.com ,
146,정승일,정승일,鄭勝一,1974.01.21,경남,사법시험 41회,변호사정승일법률사무소,055-759-3200 ,055-759-3201,"[660-905] 경남 진주시 남강로 507,4층(신안동,천수빌딩)",sportshort@bcline.com ,
145,한종훈,한종훈,韓宗勳,1972.10.20,경남,사법시험 41회,변호사한종훈법률사무소,055-313-8884 ,055-313-8916,[621-080] 경남 김해시 내동 1071-1 (법조타운A동205호), ,
144,안동규,안동규,安東奎,1969.11.02,경남,사법시험 44회,변호사안동규법률사무소,055-266-9600 ,055-266-5798,[641-827] 경남 창원시 성산구 사파동 124-1 (경남법무법인빌딩 3층),antong69@hanmail.net ,
143,이원기,이원기,李元起,1968.11.25,경남,사법시험 44회,변호사이원기법률사무소,055-275-7117 ,055-275-7115,"[51447] 경남 창원시 성산구 동산로220번길 31(사파동, 동남빌딩) 4층",lwkrock@hanmail.net ,
142,이한석,이한석,李漢錫,1966.07.20,경남,사법시험 33회,법무법인 국제,055-714-8270 ,055-714-8271,"[51457] 경남 창원시 성산구 창이대로689번길 12, 301호(사파동, 현승빌딩)",handol66@gmail.com ,
141,김윤관,김윤관,金閏觀,1975.10.05,경남,사법시험 44회,변호사김윤관법률사무소,055-221-1535 ,055-245-1535,[641-826] 경남 창원시 사파동 84-3(법조빌딩502호),tbkotw@naver.com ,
140,김재상,김재상,金載相,1966.01.03,경남,사법시험 36회,변호사김재상법률사무소,055-289-9990 ,055-289-6667,[641-826] 경남 창원시 성산구 사파동 81 (동양빌딩 201호),lawkjsang@naver.com ,
139,노경환,노경환,盧炅煥,1974.01.12,경남,사법시험 44회,변호사노경환법률사무소,055-754-0033 ,055-754-0036,"[52676] 경남 진주시 진양호로 309-6, 302호(신안동, 진주법조타운)",noss92@hanmail.net ,
138,이송헌,이송헌,李誦憲,1973.07.26,경남,사법시험 44회,법무법인(유한)해송,055-742-7008 ,055-748-7033,"[660-907] 경남 진주시 진양호로 309-6,2층(신안동)",songhuns@hanmail.net ,부동산 (2015-05-18)
137,김봉균,김봉균,金奉均,1971.11.18,경남,사법시험 44회,변호사김봉균법률사무소,055-289-9400 ,055-289-9500,[641-827] 경남 창원시 성산구 사파동 124-13 (대광빌딩 2층),konanpapa@hanmail.net ,손해배상 (2015-10-26);가사법 (2015-10-26)
136,이호관,이호관,李鎬官,1964.11.27,경남,사법시험 43회,변호사이호관법률사무소,-- ,055-266-5798,[51447] 경남 창원시 성산구 창이대로664번길 1 (사파동) 3층,lawma43@hanmail.net ,
135,김성훈,김성훈,金成勳,1972.10.22,경남,사법시험 40회,변호사김성훈법률사무소,055-283-2727 ,055-283-5522,[641-550] 경남 창원시 성산구 사파동 81(동양빌딩301호),id0984@hanmail.net ,부동산 (2010-06-28)
134,박윤권,박윤권,朴倫權,1967.09.28,경남,사법시험 40회,변호사박윤권법률사무소,055-283-2727 ,055-283-5522,[641-550] 경남 창원시 성산구 사파동 81 (동양빌딩 301호),bob2084@hanmail.net ,
133,박영식,박영식,朴濚植,1970.12.25,경남,사법시험 43회,변호사박영식법률사무소,"055-855-9200,5590 ",055-855-5591,[664-806] 경남 사천시 사천읍 역사길 11-22(수석리),yspark7863@hanmail.net ,
132,류기정,류기정,柳基晶,1971.11.10,경남,사법시험 43회,변호사류기정법률사무소,055-763-7665~6 ,055-763-7664,"[660-100] 경남 진주시 진양호로293번길 16-12,3층(신안동,엘제이빌딩)",iloverkj@hanmail.net ,
131,이정한,이정한,李正漢,1972.08.16,경남,사법시험 43회,법무법인 규로,055-285-8866 ,055-275-0034,"[51457] 경남 창원시 성산구 창이대로689번길 4-3,4층(사파동,대성빌딩)",mertldosa@hanmail.net ,
130,김대영,김대영,金大榮,1962.10.25,경남,사법시험 26회,변호사김대영법률사무소,055-759-6611 ,055-762-5858,"[660-907] 경남 진주시 진양호로 313,5층(신안동,신안빌딩)",kdylaw@hanmir.com ,
129,류종완,류종완,柳宗完,1971.01.25,경남,사법시험 43회,법무법인 세원,055-274-3211 ,055-274-3213,"[642-826] 경남 창원시 성산구 창이대로689번길 8,601호, 602호(사파동,동양빌딩), 창이대로 689번길10,401호(사파동,성은빌딩)",89bear2001@hanmail.net ,
128,이상희,이상희,李商熙,1967.11.30,경남,사법시험 43회,변호사이상희법률사무소,-- ,--,"[51457] 경남 창원시 성산구 창이대로 695 (사파동, THE ONE 빌딩) 501호",law-911@hanmail.net ,
127,김종숙,김종숙,金鍾肅,1972.07.20,경남,사법시험 43회,법무법인 새날,055-264-7977 ,055-980-7700,"[51457] 경남 창원시 성산구 창이대로689번길 10 , 401호(사파동, 성은빌딩)",Jskim1305@hanmail.net ,
126,송영섭,송영섭,宋永燮,1973.11.16,경남,사법시험 43회,법무법인 여는,055-262-3984 ,055-262-3985,[641-832] 경남 창원시 상남동 28-1(노동회관202호),choolys@hanmail.net ,
125,김문군,김문군,金文君,1965.04.05,경남,사법시험 43회,변호사김문군법률사무소,055-649-3116-7 ,055-649-3118,[650-831] 경남 통영시 용남면 동달리 952-6,openlaw@dreamwiz.com ,
124,윤영묵,윤영묵,尹英默,1964.06.28,경남,사법시험 36회,변호사윤영묵법률사무소,055-267-0111 ,055-267-2125,[641-550] 경남 창원시 성산구 사파동 81 (동양빌딩 502호),y2mook@hanmail.net ,
123,안정환,안정환,安貞煥,1972.06.02,경남,사법시험 39회,법무법인 금강,055-282-0905~6 ,055-282-0908,[642-826] 경남 창원시 성산구 사파동 79(하나빌딩4층),jhahn@hanmail.net ,
122,염영선,염영선,廉永善,1971.02.16,경남,사법시험 42회,변호사염영선법률사무소,055-264-6400 ,055-264-6600,[641-826] 경남 창원시 성산구 사파동 80 (보고빌딩 202호),yetiyum@hanmail.net ,이혼 (2012-10-15);가사법 (2017-08-28)
120,박석곤,박석곤,朴錫坤,1963.10.07,경남,사법시험 35회,변호사박석곤법률사무소,055-753-8700 ,053-753-0031,"[660-100] 경남 진주시 진양호로293번길 16-6,301호(신안동)",p7538700@naver.com ,
119,강태현,강태현,姜台賢,1969.11.25,울산,사법시험 42회,변호사강태현법률사무소,055-363-4901 ,055-363-4903,"[626-050] 경남 양산시 양산역6길 9,4층(중부동,비와이씨마트)",9utguy@hanmail.net ,
118,하귀남,하귀남,河貴男,1972.06.08,경남,사법시험 42회,법무법인 마산,"055-293-9775,6 ",055-248-2772,"[631-164] 경남 창원시 마산합포구 완월동7길 37,2층(장군동4가)",nobleman4@hanmail.net ,
117,송경준,송경준,宋京俊,1969.03.22,경남,사법시험 42회,법무법인 양재,055-283-3456 ,055-263-5678,"[51447] 경남 창원시 성산구 동산로220번길 31 (사파동, 동남빌딩) 3층",skj0322@hanmail.net ,
116,김한주,김한주,金韓柱,1968.01.19,경남,사법시험 42회,법무법인 희망,055-632-9090 ,055-632-9092,[] 경남 거제시 신현읍 고현리 967-20(상일빌딩3층),jclaw@naver.com ,
113,최강섭,최강섭,崔江燮,1960.01.16,경남,사법시험 24회,변호사최강섭법률사무소,055-264-8787 ,055-264-8790,[641-827] 경남 창원시 성산구 사파동 124-2 (대방빌딩 5층),lawyercks@hanmail.net ,
111,도춘석,도춘석,都春錫,1967.02.02,경남,사법시험 41회,법무법인 미래로,055-287-­9889 ,055-287­-9884,[641-550] 경남 창원시 성산구 사파동 77(현승빌딩501호),lawyerdcs@hanmail.net ,
110,김영숙,김영숙,金榮淑,1967.06.22,경남,사법시험 41회,변호사김영숙법률사무소,055-945-2200 ,055-945-0223,[50129] 경남 거창군 거창읍 죽전길 45 (상림리) 1층,asthewind@hanmail.net ,
109,김효중,김효중,金孝仲,1966.02.07,경남,사법시험 32회,법무법인 신평,055-284-1122 ,055-287-5600,"[51457] 경남 창원시 성산구 창이대로689번길 8 (사파동, 동양빌딩) 501호",kimhj1133@daum.net ,
107,구정회,구정회,具正會,1969.10.08,경남,사법시험 40회,법무법인 희망,055-648-2112 ,055-648-2580,[656-803] 경남 거제시 신현읍 고현리 967-20 (상일빌딩 3층),goossi69@hanmail.net ,
105,이재철,이재철,李在哲,1959.12.25,경남,사법시험 24회,법무법인 미래로,055-287-9889 ,055-287-9884,[641-550] 경남 창원시 성산구 사파동 83 (변호사회관 2층),ljc9889@yahoo.co.kr ,
104,박훈,박훈,朴勳,1966.07.22,경남,사법시험 40회,변호사박훈법률사무소,055-284-1800 ,055-284-1807,[641-010] 경남 창원시 상남동 73-4 (창원코아 510호),hunpk@jinbo.net ,
103,남상업,남상업,南相業,1960.12.20,경남,사법시험 40회,변호사남상업법률사무소,055)283-­3100 ,055-283-­5009,[641-550] 경남 창원시 성산구 사파동 124-11(영창빌딩3층),hanalawsnsu@hanmail.net ,
102,박종호,박종호,朴鍾昊,1964.06.27,경남,사법시험 40회,변호사박종호법률사무소,055)282-­7100 ,055-282­-7475,[641-550] 경남 창원시 성산구 사파동 124-11(영창빌딩3층),hanalawspjh@hanmail.net ,
101,손명숙,손명숙,孫命淑,1968.02.24,경남,사법시험 40회,법무법인 한올,055-286-3800 ,055-286-3877,"[51457] 경남 창원시 성산구 창이대로689번길 4-24 , 501호(사파동, 더원2빌딩)",master@gasalaw.com ,가족법 (2017-02-13)
100,임기태,임기태,林基泰,1967.11.21,경남,사법시험 40회,변호사임기태법률사무소,055-649-9391 ,055-649-9392,[650-831] 경남 통영시 용남면 동달리 992-4,limmaro@hanmail.net ,
99,진성진,진성진,陳聖眞,1960.08.13,경남,사법시험 28회,변호사진성진법률사무소,055-638-5650 ,055-638-5653,"[53251] 경남 거제시 고현로 121 (고현동, 한양프라자) 5층 506호",o7333@hanmail.net ,
98,조창래,조창래,趙昌來,1965.02.26,경남,사법시험 34회,변호사조창래법률사무소,055)282-­9955 ,055-282-­1669,[641-550] 경남 창원시 성산구 사파동 124-2(대방빌딩3층),bigjo0117@hanmail.net ,
97,배종열,배종열,裵鍾烈,1960.05.10,경남,사법시험 39회,변호사배종열법률사무소,055-355-7345 ,055-356-5776,[627-130] 경남 밀양시 내이동 1523 -8,bjy7345@naver.com ,
96,김윤천,김윤천,金允天,1967.05.05,경남,사법시험 39회,변호사김윤천법률사무소,055-643-6633 ,055-643-6634,[53029] 경남 통영시 용남면 동달리 867-1 (2층) ,law1007@hanmail.net ,
95,정영훈,정영훈,鄭永勳,1968.12.20,경남,사법시험 39회,변호사정영훈법률사무소,055-790-9559 ,055-790-9577,"[660-907] 경남 진주시 진양호로 309-6,402호(신안동)",korealaw@hanmail.net ,
93,최성도,최성도,崔成道,1966.07.02,경남,사법시험 39회,법무법인 동현,055)266­-5656 ,055-266­-5653,[641-550] 경남 창원시 성산구 사파동 82(대성빌딩3층),csd0702@hanmail.net ,
92,신대철,신대철,申大澈,1961.08.05,경남,사법시험 39회,변호사신대철법률사무소,"055-289-7800,267-6100,266-8811 ",055-267-6109,[641-827] 경남 창원시 성산구 사파동 124-6 (내외법무법인빌딩 2층),dc0805@hanmail.net ,
90,김원태,김원태,金元泰,1960.06.14,경남,사법시험 31회,법무법인 금강,055)282­-0905∼7 ,055-282-­0908,[641-550] 경남 창원시 성산구 사파동 79(성은빌딩5층),kwtlaw@hanmail.net ,
89,이언상,이언상,李彦相,1960.01.10,경남,사법시험 38회,변호사이언상법률사무소,055-761-1600 ,055-761-8627,"[660-100] 경남 진주시 진양호로293번길 16-6,201호(신안동)",les1600@hanmail.net ,
88,조원제,조원제,趙源濟,1971.11.20,경남,사법시험 38회,변호사조원제법률사무소,055)289-­9988 ,055-289­-9907,[641-550] 경남 창원시 성산구 사파동 11-3(법우빌딩3층),ljy9988@hanmail.net ,
87,김동구,김동구,金東九,1963.06.26,경남,사법시험 38회,경남 법무법인,055-284-2112 ,055-284-2116,[641-826] 경남 창원시 성산구 사파동 78 (성은빌딩 202호),lawpass2002@hanmail.net ,
86,황정복,황정복,黃貞福,1965.01.10,경남,사법시험 38회,창원 법무법인,055)274-­9900 ,055-274­-6600,[641-550] 경남 창원시 성산구 사파동 84-1 (가야빌딩 501호),cw@cwlawyer.co.kr ,
85,황규훈,황규훈,黃圭訓,1962.09.18,경남,사법시험 32회,창원 법무법인,055-263-9995 ,055-263-5559,[641-826] 경남 창원시 성산구 사파동 84-1 (가야빌딩 4층),changon0211@naver.com ,
84,김종환,김종환,金鍾煥,1961.02.04,경남,사법시험 37회,법무법인(유한) 다율, ,,"[51457] 경남 창원시 성산구 창이대로695번길 5,4층(사파동, 보고빌딩)(분사무소 확장) 창원시 성산구 창이대로 689번길8,402호(사파동,동양빌딩)", ,
83,권영준,권영준,權永俊,1960.09.13,경남,사법시험 32회,법무법인 모든,055-262-6111 ,055-262-6858,[630-826] 경남 창원시 성산구 사파동 77(현승빌딩5층),kyjlaw@hanmail.net ,이혼 (2015-10-26);민사법 (2015-10-26)
82,김주열,김주열,金周烈,1961.01.18,경남,군법무관임용시험 7회,동서 법무법인,055-267­-0315∼6 ,055-284-­5115,[641-550] 경남 창원시 성산구 사파동 78(성은빌딩5층),dongseokim@hanmail.net ,
81,서기영,서기영,徐起瑛,1962.06.01,울산,사법시험 36회,법무법인 삼성,055-372-5588 ,055-372-5511,[626-030] 경남 양산시 북부동 414-1 (2층),sky6677@empas.com ,
80,박종연,박종연,朴鍾衍,1960.01.30,경남,사법시험 24회,변호사박종연법률사무소,055-754-3737 ,055-754-0019,"[52676] 경남 진주시 진양호로293번길 16-23, 202호(신안동, 청운빌딩)",jjpark3737@hanmail.net ,
79,황태진,황태진,黃泰珍,1959.06.25,경남,사법시험 27회,법무법인 김해앤세계,055)282­-1100 ,055-275­-2602,[641-550] 경남 창원시 성산구 사파동 124-4(법광빌딩2층),htj59@lworld.co.kr ,
78,석창목,석창목,石昌目,1961.12.29,경남,사법시험 24회,법무법인 정림,055)283-­9911∼2 ,055-283-­9932,[641-550] 경남 창원시 성산구 사파동 78(성은빌딩302호),cmsuk9911@korea.com ,
77,황석보,황석보,黃碩甫,1961.04.09,경남,사법시험 35회,법무법인(유한) 다율, ,,"[51457] 경남 창원시 성산구 창이대로695번길 5,4층(사파동, 보고빌딩)(분사무소 확장) 창원시 성산구 창이대로 689번길8,402호(사파동,동양빌딩)",lawh7077@hanmail.net ,조세법 (2011-03-28);도산 (2011-03-28)
76,한성호,한성호,韓成浩,1962.07.03,경남,사법시험 35회,변호사한성호법률사무소,055)283-­2388 ,055-283­-2312,[641-550] 경남 창원시 성산구 사파동 97-1(남양빌딩4층),sapahan@naver.com ,
74,임영수,임영수,林榮秀,1958.03.01,경남,사법시험 27회,법무법인 동현,055-275-0001 ,055-285-9560,[641-550] 경남 창원시 성산구 사파동 82 (대성빌딩 4층),ys7521@naver.com ,
73,장진호,장진호,張珍鎬,1966.08.03,경남,사법시험 32회,변호사장진호법률사무소,055-758-7200 ,055-758-7203,"[660-907] 경남 진주시 진양호로 311,4층(신안동)", ,
72,장운영,장운영,張雲永,1966.07.03,울산,사법시험 35회,법무법인 삼성,055-383-5656 ,055-381-2345,[626-800] 경남 양산시 북부동 392-10 (2층),wyjang25@hanmail.net ,
71,안병구,안병구,安秉久,1961.02.12,경남,사법시험 31회,변호사안병구법률사무소,055-353-6900 ,055-353-2900,[627-130] 경남 밀양시 내이동 1523-7,byungkuahn@gmail.com ,
70,조종만,조종만,曺鍾萬,1961.03.15,경남,군법무관임용시험 6회,법무법인(유한) 다율, ,,"[51457] 경남 창원시 성산구 창이대로695번길 5,4층(사파동, 보고빌딩)(분사무소 확장) 창원시 성산구 창이대로 689번길8,402호(사파동,동양빌딩)",cjmlo7181@hanmail.net ,
68,전종호,전종호,全鍾鎬,1963.04.15,경남,사법시험 34회,변호사전종호법률사무소,055)287-­6644 ,055-274-6644,[641-550] 경남 창원시 성산구 사파동 124-5(삼복빌딩3층),jjh7744@daum.net ,
67,정주석,정주석,鄭周石,1964.06.17,경남,사법시험 31회,창원 법무법인,055-264-1133 ,055-264-1135,[641-826] 경남 창원시 성산구 사파동 84-1 (가야빌딩 402호),jungjuseok@yahoo.co.kr ,
66,최성락,최성락,崔聖洛,1966.04.15,경남,사법시험 34회,변호사최성락법률사무소,055-255-7711 ,055-255-7815,[631-164] 경남 창원시 마산합포구 장군동4가 26-68,magolfee@hanmail.net ,
65,임무성,임무성,林茂成,1963.03.23,경남,사법시험 29회,변호사임무성법률사무소,"055-541-1122,1133 ",055-541-1144,[645-280] 경남 창원시 진해구 석동 655-2 (펠리스타워 503호),lim9222@nate.com ,
64,문충식,문충식,文忠植,1961.05.28,경남,사법시험 34회,법무법인 서경,055-753-2622 ,055-761-3724,"[660-908] 경남 진주시 진양호로 302,5층(신안동)", ,
63,손양곤,손양곤,孫良坤,1965.10.23,경남,사법시험 34회,변호사손양곤법률사무소,055-762-8866 ,055-762-8869,"[660-100] 경남 진주시 진양호로293번길 16-6,501호(신안동,승소빌딩)", ,
62,이재웅,이재웅,李載雄,1962.01.02,경남,사법시험 34회,동서 법무법인,055)289­-8940~1 ,055-289­-8942,[641-550] 경남 창원시 성산구 사파동 78(성은빌딩4층),ljw8940@hanmail.net ,
61,방용문,방용문,方龍文,1958.11.25,경남,사법시험 34회,변호사방용문법률사무소,055-761-1131 ,055-761-7963,"[660-100] 경남 진주시 진양호로293번길 16-5,4층(신안동,우암빌딩)",jcsarangbang@hanmail.net ,
59,한상열,한상열,韓相烈,1957.02.20,경남,사법시험 33회,한려 법무법인,055-647-0135 ,055-647-0134,[650-831] 경남 통영시 용남면 동달리 865 (경동빌딩 4층), ,부동산 (2018-01-29);손해배상 (2018-01-29)
58,김용주,김용주,金鎔珠,1959.08.28,경남,사법시험 33회,변호사김용주법률사무소,"055-743-2153,4 ",055-743-2155,"[660-100] 경남 진주시 진양호로293번길 16-2,5층(신안동,진주법무빌딩)",kim28334@daum.net ,
57,백경석,백경석,白京錫,1961.12.05,경남,사법시험 27회,창원 법무법인,055-267-5566-8 ,055-264-1135,[641-826] 경남 창원시 성산구 사파동 84-1 (가야빌딩 401호), ,
56,조진래,조진래,趙辰來,1965.11.20,경남,사법시험 33회,변호사조진래법률사무소,055-289-7777 ,055-289-7780,"[51447] 경남 창원시 성산구 동산로220번길 23-1 (사파동, 법광빌딩) 3층",cjl7780@hanmail.net ,
55,허정용,허정용,許正龍,1962.01.22,경남,사법시험 33회,법무법인 김해앤세계,055-323­-8009 ,055-323­-5070,[621-010] 경남 김해시 부원동 620-3,wisalgo@hanmail.net ,
54,신종윤,신종윤,辛宗允,1959.03.15,경남,사법시험 32회,변호사신종윤법률사무소,055)646-­8895 ,055-646­-8894,[650-831] 경남 통영시 용남면 동달리 992,SJY_2001@yahoo.co.kr ,
53,송성욱,송성욱,宋聖旭,1955.02.19,경남,사법시험 24회,변호사송성욱법률사무소,055-644-9911 ,055-647-0011,[650-831] 경남 통영시 용남면 동달리 865 (경동빌딩 3층),song9911a@hanmail.net ,
51,이태우,이태우,李泰雨,1962.04.10,경남,사법시험 29회,한려 법무법인,055)266-­7979 ,055-266-­7978,[641-550] 경남 창원시 성산구 사파동 77(현승빌딩4층),twoo7979@hanmail.net ,
49,김광주,김광주,金光洲,1965.06.25,경남,사법시험 32회,변호사김광주법률사무소,055)648-­8703∼4 ,055-648­-8705,[650-831] 경남 통영시 용남면 동달안길 30,withjsam@naver.com  ,이혼 (2015-09-14);민사법 (2015-09-14)
48,이희용,이희용,李希庸,1963.12.02,경남,사법시험 29회,변호사이희용법률사무소,055)264­-4141∼3 ,055-264­-4143,[641-550] 경남 창원시 성산구 사파동 124-10(경희빌딩4층),lhy-lifelaw@hanmail.net ,
47,정용해,정용해,丁龍海,1960.09.10,경남,사법시험 29회,변호사정용해법률사무소,055-355-9100 ,055-353-9966,[627-130] 경남 밀양시 내이동 1523-20 (동화빌딩 3층),jyh7172@empal.com ,
46,이근후,이근후,李根厚,1954.01.20,경남,사법시험 25회,변호사이근후법률사무소,055)645-­3211 ,055-646­-2354,[650-831] 경남 통영시 용남면 동달리 992(4층),lawleekh@yahoo.co.kr ,
45,김헌규,김헌규,金憲圭,1961.03.07,경남,사법시험 28회,변호사김헌규법률사무소,"055-758-2111,2 ",055-758-2113,"[670-908] 경남 진주시 진양호로 298,3층(신안동)",lyrkhg@korea.com ,
44,조지현,조지현,曺志鉉,1965.03.01,경남,사법시험 31회,변호사조지현법률사무소,055-758-2242 ,055-755-9812,"[660-100] 경남 진주시 진양호로293번길 16-3,4층(신안동,성지빌딩)",200244jjh@naver.com ,
43,민태식,민태식,閔太植,1964.08.29,경남,사법시험 28회,내외 법무법인,055-289­-8898 ,055-289­-8895,[641-550] 경남 창원시 성산구 사파동 124-6,mints626@krpost.net ,
42,배종열,배종열,裵鍾烈,1962.04.06,경남,사법시험 31회,변호사배종열법률사무소,055-533-5511 ,055-533-8611,[635-801] 경남 창녕군 군청길 3(교리),bjy5511@naver.com ,
41,양임석,양임석,梁任錫,1955.02.20,경남,군법무관임용시험 4회,변호사양임석법률사무소,055-758-6200~1 ,055-758-6202,[660-907] 경남 진주시 진양호로313번길 5-1(신안동),lawyer1004@hanmail.net ,
39,최학세,최학세,崔鶴世,1961.03.07,경남,사법시험 30회,동서 법무법인,055)266­-4664∼7 ,055-266-­4667,[641-550] 경남 창원시 성산구 사파동 78(성은빌딩2층),hakschoi61@hanmail.net ,
36,변신규,변신규,卞辛圭,1961.12.21,경남,사법시험 27회,법무법인 김해앤세계,055-323-5670 ,055-323-5070,[621-010] 경남 김해시 부원동 620-3 (신협빌딩 5층),golf4195@kornet.net ,
35,이일구,이일구,李壹九,1959.05.01,경남,사법시험 29회,변호사이일구법률사무소,055-755-5575 ,055-755-3025,"[660-907] 경남 진주시 진양호로293번길 6-6,3층(신안동)",joulmum@hanmail.net ,
34,이기훈,이기훈,李基勳,1952.06.12,경남,사법시험 29회,한려 법무법인,055)643-­8801 ,055-643­-2028,[650-805] 경남 통영시 북신동 삼성생명빌딩 9층 , ,
33,이영인,이영인,李永仁,1960.11.10,경남,사법시험 25회,내외 법무법인,055)266-­6565 ,055-266­-6569,[641-550] 경남 창원시 성산구 사파동 124-6(내외법인5층),3698park@hanmail.net ,
31,조현종,조현종,曺賢鍾,1946.03.28,경남,군법무관임용시험 2회,경남 법무법인,055)266­-7177∼8 ,055-266­-7178,[641-550] 경남 창원시 성산구 사파동 124-1(경남법인3층),chohj-law@hanmail.net ,
30,김채영,김채영,金彩英,1953.10.01,경남,사법시험 28회,변호사김채영법률사무소,"055-759-0770,1 ",055-759-0772,"[52676] 경남 진주시 진양호로293번길 6-6,2층(신안동)",6756kcy@hanmail.net ,
29,김영덕,김영덕,金榮德,1953.01.28,경남,사법시험 28회,경남 법무법인,055-262-9900 ,055-262-9969,[641-827] 경남 창원시 성산구 사파동 124-6 (4층),kyd9900@hanmail.net ,
28,김희석,김희석,金熙錫,1959.05.25,경남,사법시험 25회,법무법인 청명,055-752-1190 ,055-752-1945,"[52676] 경남 진주시 진양호로 309-5, 2층 (신안동)",hsk0388@hanmail.net ,
26,주석환,주석환,朱錫煥,1958.06.15,경남,사법시험 27회,변호사주석환법률사무소,055)648-7801，1821 ,055-648-1822,[650-831] 경남 통영시 용남면 동달리 992,jusky17@yahoo.co.kr ,
25,박순문,박순문,朴淳文,1956.05.20,경남,사법시험 27회,변호사박순문법률사무소,055-352-2007 ,055-353-4604,[627-130] 경남 밀양시 내이동 1523-11,psm2007@kornet.net ,
23,이상철,이상철,李相綴,1954.05.02,경남,사법시험 26회,변호사이상철법률사무소,055)943­-5636 ,055-943­-5675,[50129] 경남 거창군 거창읍 죽전길 24(상림리),lsclaw@naver.com ,
22,강재현,강재현,姜在炫,1960.07.26,경남,사법시험 26회,변호사강재현법률사무소,055)267­-5700∼2 ,055-267­-5703,[641-550] 경남 창원시 성산구 사파동 56블럭 1롯트(현승빌딩4층),Kangsam2000@hanmail.net ,
21,김용준,김용준,金容準,1960.09.06,경남,사법시험 25회,경남 법무법인,055-266-0532 ,055-266-0534,[641-827] 경남 창원시 성산구 사파동 124-1(경남법무법인건물 4층),kimyj-60@hanmail.net ,
20,강대승,강대승,姜大升,1953.07.09,경남,사법시험 26회,변호사강대승법률사무소,"055-755-0333,0555 ",055-758-0222,"[660-908] 경남 진주시 진양호로 302,4층(신안동,국민은행)",dskang6023@hanmail.net ,
19,문종규,문종규,文鍾奎,1957.11.07,경남,사법시험 26회,변호사문종규법률사무소,055-263-2420 ,055-282-5844,"[51447] 경남 창원시 성산구 동산로220번길 31 (사파동, 동남빌딩) 3층",narisus@naver.com ,
18,이민영,이민영,李敏榮,1948.10.26,경남,사법시험 25회,창원 법무법인,055)266­-3747∼9 ,055-282­-9456,[641-550] 경남 창원시 성산구 사파동 84-1(가야빌딩301),leemin266@yahoo.co.kr ,
17,이재경,이재경,李宰卿,1949.05.03,경남,군법무관임용시험 2회,변호사이재경법률사무소,055)266­-7447 ,055-266-­8833,[641-550] 경남 창원시 성산구 사파동 77(현승빌딩2층) 202호,leej202@hanmail.net ,
16,이병옥,이병옥,李秉玉,1947.11.24,경남,군법무관임용시험 2회,변호사이병옥법률사무소,055-753-3232 ,055-753-4232,"[660-100] 경남 진주시 진양호로293번길 16-3,3층(신안동,성지빌딩)",lightsam@hanmail.net ,
15,김귀건,김귀건,金貴健,1950.04.16,경남,사법시험 24회,한려 법무법인,055-645-7768 ,055-643-2028,[650-831] 경남 통영시 용남면 동달리 865 (경동빌딩 2층), ,
14,김기한,김기한,金基漢,1949.01.30,경남,사법시험 23회,법무법인 서경,055-753-2622 ,055-761-3724,"[660-908] 경남 진주시 진양호로 302,5층(신안동)", ,
13,김종철,김종철,金鍾哲,1938.09.23,경남,사법시험 13회,변호사김종철법률사무소,055)266­-2300∼2 ,055-261­-3138,[641-550] 경남 창원시 성산구 사파동 124-10(경희빌딩3층),kimjc3138@chollian.net ,
12,오성률,오성률,吳成律,1941.09.12,경남,사법시험 13회,내외 법무법인,055)266­-8811∼2 ,055-266-­8813,[641-550] 경남 창원시 성산구 사파동 124-6,oh26681@hanmail.net ,
9,정인석,정인석,鄭仁錫,1944.08.01,경남,군법무관임용시험 1회,법무법인 서경,055-753-2622 ,055-761-3724,"[660-908] 경남 진주시 진양호로 302,5층(신안동)",insuak@korea.com ,
8,김익하,김익하,金益河,1941.08.20,경남,군법무관임용시험 1회,변호사김익하법률사무소,055-266­-1212∼3 ,055-266­-1213,[641-550] 경남 창원시 성산구 사파동 124-7(은하빌딩2층), ,
5,조성래,조성래,趙誠來,1941.10.24,경남,사법시험 8회,변호사조성래법률사무소,-- ,055-635-7609,[53254] 경남 거제시 계룡로 172 (고현동) 1층, ,
4,김영구,김영구,金榮九,1939.02.15,경남,사법시험 8회,법무법인 세원,055-274-3211 ,055-274-3213,"[642-826] 경남 창원시 성산구 창이대로689번길 8,601호, 602호(사파동,동양빌딩), 창이대로 689번길10,401호(사파동,성은빌딩)",09kim6666@hanmail.net ,
