번호,이름(목록),이름(상세),이름(한자),생년월일,소속회,자격시험,사무소명,사무실전화,사무실팩스,사무실주소,이메일,전문분야
158,박주호,박주호,朴周鎬,1982.08.20,대구,변호사시험 5회,변호사박주호법률사무소,070-7209-6360 ,070-7209-6338,[39518] 경북 김천시 삼락동 1253 2층,leftmylife@hanmail.net ,
157,우성훈,우성훈,禹成勳,,,변호사시험 6회,변호사우성훈법률사무소,054-241-9977 ,054-241-9978,[37729] 경북 포항시 북구 삼호로 7 (덕산동) 2층, ,
156,이슬아,이슬아,李슬아,,대구,,법무법인 혜성,054-242-2977 ,054-242-9910,"[37579] 경북 포항시 북구 신덕로 277 (장성동, 율정빌딩) 103호",leesa_law@nate.com ,
155,정재훈,정재훈,丁哉熏,,대구,,변호사정재훈법률사무소,054-475-0093 ,054-475-0094,[39431] 경북 구미시 인동가산로 11 (황상동) 순현빌딩 3층,smartdog285@gmail.com ,
154,김동창,김동창,金東唱,1983.01.20,대구,변호사시험 5회,변호사김동창법률사무소,054-777-7472 ,054-777-7473,[38153] 경북 경주시 화랑로 124-1 (황오동) 3층 ,kdch0605@naver.com ,
153,강윤석,강윤석,姜允惜,1985.05.25,대구,변호사시험 5회,변호사강윤석법률사무소,0544545939 ,0544545989,[39279] 경북 구미시 송정대로 108 (송정동) 한라하우젠트몰 202호,jsmsarty@hanmail.net ,
152,백승빈,백승빈,白昇斌,1983.10.28,대구,사법시험 55회,변호사백승빈법률사무소,054-791-8845 ,054-791-8846,[40223] 경북 울릉군 울릉읍 도동길 152 (도동리),abaoaku@hanmail.net ,
151,기윤석,기윤석,奇玧錫,1984.02.22,대구,변호사시험 4회,변호사기윤석법률사무소,070-7209-6360 ,070-7209-6338,"[39518] 경북 김천시 삼락동 1253 (2층) , 국선전담변호사 사무실",krizer@hanmail.net ,
150,백선경,백선경,白善景,1977.04.23,대구,변호사시험 4회,변호사백선경법률사무소,054-624-0076 ,054-624-0078,"[38145] 경북 경주시 중앙로 53 (동부동, 세종빌딩) 3층",majubomlaw@hanmail.net ,
148,오재민,오재민,吳在敏,1983.10.01,대구,변호사시험 4회,변호사오재민법률사무소,054-249-7010 ,054-249-7020,[37572] 경북 포항시 북구 법원로 177 (양덕동) 포항법조빌딩 202호,ohjaemin@gmail.com ,
147,유선재,유선재,柳善在,1982.03.20,대구,변호사시험 4회,변호사유선재법률사무소,053-850-8537 ,053-850-8558,"[38470] 경북 경산시 진량읍 공단6로 77 (신상리, 에스엘주 진량공장) 전략기획팀",ryusj@slworld.com ,
145,배아영,배아영,裵娥瑛,1986.02.15,대구,변호사시험 4회,법무법인 혜성,054-242-2977 ,054-242-9910,"[37579] 경북 포항시 북구 신덕로 277 (장성동, 율정빌딩) 103호",ayounglaw@nate.com ,
144,김승범,김승범,金乘範,1978.11.08,대구,변호사시험 4회,법무법인 유능,054-443-2001 ,054-443-5504,"[39210] 경북 구미시 봉곡로 94, 3층(봉곡동, 상원빌딩)",sbjunk@hanmail.net ,
143,김수민,김수민,金受玟,1979.07.18,대구,변호사시험 4회,변호사김수민법률사무소,"053-816-4422,1 ",053-816-4423,"[38632] 경북 경산시 원효로 32, 102호(중방동)",lily1998@daum.net ,
142,이장혁,이장혁,李章赫,1974.12.04,대구,사법시험 45회,변호사이장혁법률사무소,054-255-9559 ,054-255-9339,"[791-270] 경북 포항시 북구 법원로 162,501호(양덕동,석계빌딩)",ljhjustice@naver.com ,
141,이정길,이정길,李廷吉,1981.06.13,대구,변호사시험 3회,법무법인 우리하나로,054-457-2626 ,054-457-2696,"[730-914] 경북 구미시 송원동로 7,3층(송정동,용은빌딩)",spdust@gmail.com ,
140,권오인,권오인,權俉仁,1976.12.04,대구,변호사시험 3회,변호사권오인법률사무소, ,,[36751] 경북 안동시 강남3길 39 (정하동) 110호,gonoin@nate.com ,
139,한창희,한창희,韓昌喜,1987.01.21,대구,변호사시험 3회,변호사한창희법률사무소,054-279-7735 ,054-279-7111,"[37866] 경북 포항시 남구 대송로83번길 61 (장흥동, (주)포스코플랜텍)",chhan0121@naver.com ,
138,손명제,손명제,孫明弟,1981.06.06,대구,변호사시험 3회,변호사손명제법률사무소,054-834-2600 ,054-834-2608,"[769-803] 경북 의성군 의성읍 군청길 41,2층",shonmj@naver.com ,
137,안상원,안상원,安上元,1977.07.25,대구,사법시험 53회,변호사안상원법률사무소,054-834-0034 ,054-834-0035,[37337] 경북 의성군 의성읍 군청길 35 (중리리) 3층,tison21@hanmail.net ,
136,정휘연,정휘연,鄭輝燕,1973.02.19,대구,사법시험 47회,변호사정휘연법률사무소,054-439-1500 ,054-435-7722,"[740-200] 경북 김천시 물망골길 36,2층(삼락동)",hyjeing@naver.com ,
135,강영상,강영상,姜永相,1979.07.28,대구,변호사시험 3회,변호사강영상법률사무소,053-811-3538 ,053-812-3537,[38618] 경북 경산시 원효로 1 (중방동) 3층,kys3538@gmail.com ,
134,김승한,김승한,金昇漢,1984.05.25,대구,변호사시험 3회,법무법인 율성,054-555-2050 ,054-555-2051,"[36981] 경북 문경시 당교로 233 , 205호(모전동)",door2sh@naver.com ,
133,박기준,박기준,朴基晙,1981.02.26,대구,변호사시험 3회,변호사박기준법률사무소,054-253-3001 ,054-253-3006,[37572] 경북 포항시 북구 법원로 179 (양덕동) 대유빌딩1층(변호사 류홍섭 법률사무소),nfil@naver.com ,
131,서영규,서영규,徐永圭,1972.09.09,대구,변호사시험 3회,변호사서영규법률사무소,054-734-4730 ,054-734-5730,[766-816] 경북 영덕군 영덕읍 경동로 8347,captain092@hanmail.net ,
129,최한나,최한나,崔한나,1981.04.22,대구,변호사시험 2회,변호사최한나법률사무소,054-274-5250 ,054-274-5251,[37771] 경북 포항시 남구 희망대로 711 (상도동) 2층,sinceapril@hanmail.net ,
128,김지혜,김지혜,金智惠,1982.12.24,대구,변호사시험 2회,변호사김지혜법률사무소,054-857-3001 ,,[36751] 경북 안동시 강남5길 20-26 (정하동) ,jihaeeve@hanmail.net ,
127,김세영,김세영,金世映,1983.08.14,대구,변호사시험 2회,변호사김세영법률사무소,054-475-0093 ,--,[39431] 경북 구미시 인동가산로 11 (황상동) 3층,foseyo@naver.com ,
126,장세훈,장세훈,張世訓,1974.06.07,대구,군법무관임용시험 16회,법무법인 포인,054-241-1117 ,054-241-1118,"[37572] 경북 포항시 북구 법원로 162, 403호 (양덕동, 석계빌딩)",shjiaw1@gmail.com ,
125,최병규,최병규,崔棅圭,1983.08.16,대구,변호사시험 2회,변호사최병규법률사무소,054-475-0093 ,054-475-0094,[39431] 경북 구미시 인동가산로 11 (황상동) 3층 변호사 강주오 법률사무소,unbosom@naver.com ,
124,김세라,김세라,金세라,1982.08.08,대구,변호사시험 2회,변호사김세라법률사무소,054-251-3546 ,054-255-3546,"[37572] 경북 포항시 북구 법원로 177 (양덕동) 302호(양덕동,포항법조빌딩)",yessrkim@gmail.com ,
123,정효민,정효민,鄭孝敏,1978.02.16,대구,변호사시험 2회,변호사정효민법률사무소,054-244-2011 ,054-244-3534,[791-851] 경북 포항시 장성동 1494-5,truelawk@naver.com ,
122,남광진,남광진,南光鎭,1985.01.28,대구,변호사시험 2회,변호사남광진법률사무소,-- ,--,[37160] 경북 상주시 북천로 17 (만산동) 1층,gagurom@nate.com ,
121,곽은정,곽은정,郭殷禎,1984.04.02,대구,사법시험 52회,변호사곽은정법률사무소,054-534-7784 ,054-534-7781,[37160] 경북 상주시 북천로 17-7 (만산동) 성덕빌딩 104호,zzangu777@hanmail.net ,
119,송선아,송선아,宋宣兒,1982.01.08,대구,사법시험 52회,법무법인 반석,054-856-2288 ,054-855-3727,"[36751] 경북 안동시 강남5길 20-26 , 4층(정하동, 부성빌딩)",zeze1019@naver.com ,
117,김대현,김대현,金大絃,1973.12.27,대구,변호사시험 1회,법무법인 우성,054-536-6321 ,054-536-8741,[37216] 경북 상주시 상산로 211-41 (남성동),kimdaehyun73@daum.net ,
116,예현지,예현지,芮弦志,1984.03.28,대구,사법시험 51회,변호사예현지법률사무소, ,,"[791-270] 경북 포항시 북구 법원로 180,302호(양덕동)",blueblood78@hanmail.net ,
115,윤정배,윤정배,尹丁培,1984.09.21,대구,변호사시험 1회,변호사윤정배법률사무소,054-255-5030 ,054-255-5031,"[37572] 경북 포항시 북구 법원로 179, 1층(양덕동, 대유빌딩)",nevershowned@naver.com ,
114,육심원,육심원,陸心源,1984.03.18,대구,변호사시험 1회,법률사무소 새움,054-457-4114 ,054-457-7070,[730-090] 경북 구미시 송정동 33-9(3층),coldcoin6@daum.net ,
113,윤자빈,윤자빈,尹慈彬,1979.12.15,대구,변호사시험 1회,변호사윤자빈법률사무소,054-534-7911 ,054-532-7922,"[742-260] 경북 상주시 북천로 17-7,304호(만산동,성덕빌딩)",bins99@hanmail.net ,
112,이동민,이동민,李東珉,1984.12.19,대구,변호사시험 1회,변호사이동민법률사무소,054-334-2013 ,054-336-2013,[770-010] 경북 영천시 창구동 142-2,mlb012@naver.com ,
111,백지은,백지은,白知銀,1984.07.22,대구,변호사시험 1회,변호사백지은법률사무소,054-476-6330 ,054-476-6331,[39185] 경북 구미시 산호대로31길 3 (옥계동) 401호,mystrato@hanmail.net ,
110,강주오,강주오,姜柱伍,1981.02.01,대구,변호사시험 1회,변호사강주오법률사무소, ,,"[730-932] 경북 구미시 인동가산로 11,3층(황상동,순현빌딩)",en99@naver.com ,
109,이정협,이정협,李柾協,1978.04.17,대구,사법시험 51회,변호사이정협법률사무소,054-231-0036 ,054-231-0039,[791-270] 경북 포항시 북구 양덕동 668-3(석계빌딩3층),axbycz21@nate.com ,
108,이승현,이승현,李昇昡,1980.06.11,대구,사법시험 51회,변호사이승현법률사무소,054-290-0114 ,054-292-3417,[37918] 경북 포항시 남구 신항로 110 (청림동),gkrtnf@hanmail.net ,
107,이헌영,이헌영,李憲永,1969.07.24,대구,사법시험 51회,변호사이헌영법률사무소,053-801-4421~2 ,053-801-4423,"[712-190] 경북 경산시 박물관로1길 4-7,102호,103호(사동)",lhy0905@hanmail.net ,
106,홍승현,홍승현,洪承賢,1970.01.29,대구,사법시험 39회,변호사홍승현법률사무소,054-252-4455~6 ,054-252-4457,[791-260] 경북 포항시 북구 장성동 1494-5(율정빌딩603호),hsh00077@naver.com ,
105,윤주민,윤주민,尹柱閔,1975.03.03,대구,사법시험 50회,변호사윤주민법률사무소,054-455-0990 ,054-456-0990,"[730-915] 경북 구미시 송정대로 48,3층(송정동)",jm0303@hanmail.net ,
104,하은수,하은수,河銀秀,1963.01.07,대구,사법시험 31회,법무법인 혜성,054-242-2977 ,054-242-9910,"[791-851] 경북 포항시 북구 신덕로 277,103호(장성동,율정빌딩)",eunsu_ha@naver.com ,
103,손병희,손병희,孫炳熙,1975.07.28,대구,사법시험 49회,법무법인 신촌,054-536-7700 ,054-531-2992,[742-260] 경북 상주시 만산동 695-1(성덕빌딩201호),twiti00@hanmail.net ,
102,김석기,김석기,金石基,1980.09.29,대구,사법시험 49회,변호사김석기법률사무소,054-479-8502 ,054-479-5059,"[39388] 경북 구미시 3공단3로 302, 사무동 2층(임수동, 삼성전자2공장)",spoldol@naver.com ,
101,엄종규,엄종규,嚴鍾圭,1962.05.15,대구,사법시험 32회,변호사엄종규법률사무소,"054-232-6101~2, 054-254-7300~1 ",054-232-6103,"[791-851] 경북 포항시 북구 신덕로 277,301호(장성동, 율정빌딩)",jongyu62@hanmail.net ,
100,정화성,정화성,鄭和性,,대구,사법시험 48회,변호사정화성법률사무소,054-243-8451 ,054-243-8450,[791-260] 경북 포항시 북구 장성동 1370-5(법조빌딩2층),lffj79@hanmail.net ,
99,류호대,류호대,柳浩大,1976.06.07,대구,사법시험 48회,변호사류호대법률사무소,054-255-6644 ,054-255-6464,[791-260] 경북 포항시 북구 장성동 1370-4(자유빌딩5층),ryugum@hanmail.net ,
98,이정환,이정환,李正煥,1973.11.27,대구,사법시험 48회,변호사이정환법률사무소,054-249-0500 ,,[791-270] 경북 포항시 북구 양덕동 668-3(석계빌딩203호),jhlee5157@hanmail.net ,
97,이시환,이시환,李時煥,1953.02.17,대구,사법시험 24회,변호사이시환법률사무소,054-272-0027 ,054-272-0042,[790-310] 경북 포항시 남구 대잠동 999 (대이동우체국2층),leebeumsa3344@yahoo.co.kr ,
96,김상태,김상태,金相泰,1972.03.14,대구,사법시험 38회,변호사김상태법률사무소,"054-232-6101~2, 054-254-7300~1 ",054-232-6103,"[791-851] 경북 포항시 북구 신덕로 277,301호(장성동, 율정빌딩)",isgoodlawyer@hanmail.net ,
95,김민정,김민정,金玟廷,1979.07.06,대구,사법시험 47회,변호사김민정법률사무소,054-604-1366 ,054-604-1367,[730-809] 경북 구미시 봉곡동 362-12(3층),gasalaw@naver.com ,이혼 (2016-03-07)
94,정우형,정우형,鄭祐炯,1964.10.29,대구,사법시험 47회,변호사정우형법률사무소,054-743-4700 ,054-743-4702,[780-040] 경북 경주시 동부동 141 (3층),jwhlaw@naver.com ,
93,남태욱,남태욱,南泰旭,1974.05.26,대구,사법시험 46회,변호사남태욱법률사무소,054-254-9300 ,054-254-9302,[791-270] 경북 포항시 북구 양덕동 668-3(402호),taeukn@naver.com ,
92,안원식,안원식,安源植,1961.07.21,대구,사법시험 26회,변호사안원식법률사무소,054-841-8600 ,054-841-8613,[760-400] 경북 안동시 정하동 242-6(108호),ahnpro1@yahoo.co.kr ,
91,김형규,김형규,金亨奎,1969.04.20,대구,사법시험 45회,변호사김형규법률사무소,054-441-0079 ,054-441-0618,[730-200] 경북 구미시 봉곡동 377-3 (세림빌딩 3층),khg6969@hanmail.net ,
90,박라영,박라영,朴羅英,1976.01.16,대구,사법시험 44회,법무법인 동행,054-749-2255 ,054-749-2252,[780-040] 경북 경주시 동부동 133-16,layoung1976@naver.com ,
89,최구열,최구열,崔求烈,1971.09.04,대구,군법무관임용시험 11회,변호사최구열법률사무소,054-253-7800 ,054-253-7802,[791-020] 경북 포항시 북구 덕산동 128-3,cgy7800@naver.com ,
88,원창선,원창선,元昌善,1973.03.08,대구,사법시험 44회,법무법인 포항종합,054-251-2211 ,054-251-2213,"[37572] 경북 포항시 북구 법원로 179 , 4층(양덕동, 대유빌딩)",wonch1@hanmail.net ,이혼 (2013-03-25);부동산 (2013-03-25)
87,유능종,유능종,劉能鍾,1965.12.14,대구,사법시험 40회,법무법인 유능,"054-443-2001,2006 ",054-443-5504,[730-809] 경북 구미시 봉곡동 377-1 (상원빌딩 3층),visionynj@hanmail.net ,
86,김상목,김상목,金相穆,1971.07.31,대구,사법시험 43회,변호사김상목법률사무소,054-774-4141~3 ,054-774-4114,[780-040] 경북 경주시 동부동 133-31 ,varian07@yahoo.co.kr ,
85,최원호,최원호,崔原豪,1972.01.11,대구,사법시험 43회,법무법인 동해,054-773-0013 ,054-775-9442,[780-040] 경북 경주시 동부동 133-34 (2층),cwonho72@hanmail.net ,
84,이성수,이성수,李聖洙,1975.09.20,대구,사법시험 43회,변호사이성수법률사무소,054-456-1717 ,054-453-2336,[730-090] 경북 구미시 송정동 35-2 (3층),lss2335@hanmail.net ,
83,이상규,이상규,李相奎,1971.06.22,대구,사법시험 43회,변호사이상규법률사무소,054-443-1565 ,054-443-1563,[730-200] 경북 구미시 봉곡동 426-1 (나동3층),nasky1@naver.com ,
82,곽정환,곽정환,郭正煥,1968.01.19,대구,사법시험 43회,법무법인 혜성,054-772-0202 ,054-772-8123,[780-040] 경북 경주시 동부동 133-11,law9310@hanmail.net ,
81,김정욱,김정욱,金正彧,1974.03.14,대구,사법시험 43회,변호사김정욱법률사무소,054-251-0101 ,054-246-9912,[791-010] 경북 포항시 북구 신흥동 861-1 (2층),kjw2510101@hanmail.net ,
80,이재경,이재경,李載璟,1971.01.21,대구,사법시험 43회,법무법인 리더스,054-334-8700 ,054-334-8700,"[770-010] 경북 영천시 천문로 343,2층(창구동)",law-psh@hanmail.net ,
79,금정호,금정호,琴正鎬,1974.09.21,대구,사법시험 43회,변호사금정호법률사무소,054-841-3500 ,054-841-3504,[760-400] 경북 안동시 정하동 242-6 (104호),freetig7@hanmail.net ,
78,윤상홍,윤상홍,尹相弘,1963.11.23,대구,사법시험 32회,법무법인 혜성,054-254-0077 ,054-254-0079,[791-260] 경북 포항시 북구 장성동 6블럭5롯트 (율정빌딩504호),sanghong@chol.com ,
77,황재선,황재선,黃在璇,1968.03.27,대구,사법시험 42회,변호사황재선법률사무소,054-855-9894 ,054-854-9894,[760-400] 경북 안동시 정하동 244-2(법조타운빌딩1층),lawyerhjs@korea.com ,
76,김판묵,김판묵,金板默,1968.01.13,대구,사법시험 42회,법무법인 우리하나로,054-457-2626 ,054-457-2696,[730-914] 경북 구미시 송정동 58 (용은빌딩3층),pmkim114@nate.com ,
75,김제식,김제식,金濟植,1959.12.17,대구,사법시험 25회,변호사김제식법률사무소,054-253-4500~1 ,054-253-4502,[791-260] 경북 포항시 북구 장성동 서지구 6블럭5롯트 1494-5(율정빌딩4층505호),kimlawyers@hanmail.net ,
73,권영국,권영국,權英國,1963.08.15,대구,사법시험 41회,변호사권영국법률사무소,054-777-7472 ,054-777-7473,[38153] 경북 경주시 화랑로 124-1 (황오동) 3층 ,person20@hanmail.net ,
72,서한규,서한규,徐漢圭,1961.07.02,대구,사법시험 36회,법무법인 창공,054-455-8900 ,054-455-0044,"[39280] 경북 구미시 송정대로 95, 4층 (송정동, 매일신문사)",seohangyu88@gmail.com ,
71,박재우,박재우,朴宰佑,1970.09.25,대구,사법시험 35회,변호사박재우법률사무소,054-439-8866 ,054-439-8867,[39518] 경북 김천시 삼락택지길 57 (삼락동) 1층 ,parkjw5150@hanmir.com ,
70,성기섭,성기섭,成基燮,1970.11.01,대구,사법시험 40회,법무법인 경북삼일,054-453-7700 ,054-454-8802,[740-200] 경북 김천시 삼락동 1261,lawsarang@hanmail.net ,
69,박재범,박재범,朴宰範,1967.07.23,대구,사법시험 40회,법무법인 포항종합,054-748-­8866 ,054-748­-8876,[780-040] 경북 경주시 동부동 133-25,jb0723@hanmail.net ,
68,곽용석,곽용석,郭容碩,1964.09.25,대구,사법시험 39회,법무법인 청우,054-242-3700 ,054-242-3701,"[791-270] 경북 포항시 법원로 179,3층(양덕동,대유빌딩)",ysk@cwlex.com ,
67,서안교,서안교,徐安敎,1958.04.25,대구,사법시험 39회,변호사서안교법률사무소,054-437­5700~1 ,054-437­-5702,[740-200] 경북 김천시 삼락1동 1241,sage8116@hanmail.net ,
66,고지환,고지환,高芝煥,1961.02.25,대구,사법시험 39회,변호사고지환법률사무소,054-536-5733 ,054-536-5734,[742-260] 경북 상주시 만산동 695-1 (성덕빌딩 301호),jhkoh123@hanmail.net ,
65,류홍섭,류홍섭,柳洪燮,1959.04.01,대구,사법시험 27회,변호사류홍섭법률사무소,054-253-3001 ,054-253-3006,"[37572] 경북 포항시 북구 법원로 179, 1층(양덕동, 대유빌딩)",loveth2222@gmail.com ,
64,문도인,문도인,文道寅,1962.03.26,대구,군법무관임용시험 8회,법무법인 청우,054-242-3700 ,054-242-3701,"[791-270] 경북 포항시 북구 법원로 179,3층(양덕동,대유빌딩)",moondoin@cwlex.com ,
63,김병두,김병두,金炳斗,1961.01.24,대구,사법시험 38회,변호사김병두법률사무소,054-841-0330 ,054-841-5335,[760-400] 경북 안동시 정하동 244-2 (법조타운 2층),battledu@hanmail.net ,
62,이병길,이병길,李炳佶,1964.03.13,대구,사법시험 36회,변호사이병길법률사무소,054-457-8800 ,054-456-2800,[730-200] 경북 구미시 봉곡동 378-7 (봉곡프라자빌딩 3층),agoodlee@naver.com ,
61,최정식,최정식,崔正植,1962.08.11,대구,사법시험 38회,법무법인 동해,054-775-­9443~4 ,054-775-­9442,[780-040] 경북 경주시 동부동 133-34(화성빌딩2층),bestcjs@hanmail.net ,
60,신학수,신학수,申鶴壽,1958.03.04,대구,사법시험 38회,변호사신학수법률사무소,054-734-6767 ,054-734-6768,[766-804] 경북 영덕군 영덕읍 덕곡리 264-6,hs6767@hanmail.net ,
58,이상호,이상호,李相昊,1962.01.28,대구,사법시험 27회,변호사이상호법률사무소,054-855-5701 ,054-854-5701,"[760-400] 경북 안동시 강남5길 20-20,101호(정하동)",lshlaw2003@hanmail.net ,
57,변범식,변범식,卞範植,1967.07.03,경남,사법시험 37회,변호사변범식법률사무소,055)945-­2033~4 ,055-945­-2004,[670-807] 경북 거창군 거창읍 상림리 14-8,bsbarim@hanmail.net ,
56,이용락,이용락,李容洛,1963.03.10,대구,사법시험 37회,법무법인 동해,054-252-3200 ,054-252-3700,"[37572] 경북 포항시 북구 법원로 177 , 501호(양덕동, 포항법조빌딩)",leeyrlaw@hanmail.net ,
55,성상희,성상희,成相熙,1964.04.26,대구,사법시험 37회,법무법인 우리하나로,054-457-2626 ,054-457-2696,"[730-914] 경북 구미시 송원동로 7,301호(송정동,용은개발)",hanalaw03@hanmail.net ,
54,정용찬,정용찬,鄭容璨,1967.12.15,대구,사법시험 37회,변호사정용찬법률사무소,054-251-0066 ,054-251-0068,[791-260] 경북 포항시 북구 장성동 1370-4 (자유빌딩 1층),jungjc66@hanmail.net ,이혼 (2013-07-01);부동산 (2013-07-01)
53,임영수,임영수,林永秀,1963.05.17,대구,사법시험 37회,변호사임영수법률사무소,054-437­-1515~7 ,054-437-­1518,[740-200] 경북 김천시 삼락동 1239,i999i@hanmail.net ,
52,박주용,박주용,朴柱用,1964.08.13,대구,사법시험 33회,법무법인 송정, ,,[740-200] 경북 김천시 삼락택지길 63 ,ppp4400@naver.com ,
51,권문상,권문상,權文相,1964.06.30,경남,사법시험 36회,변호사권문상법률사무소,055-945­-2333 ,055-945­-2322,[670-806] 경북 거창군 거창읍 상림리 14-7(2층),k3579@daum.net ,
50,정연구,정연구,鄭演九,1961.10.05,대구,사법시험 36회,법무법인 경북삼일,054-536­-2525 ,054-535-­7159,[742-260] 경북 상주시 만산동 744-2(2층),jyk797931@hanmail.net ,
49,권기준,권기준,權奇俊,1961.07.13,대구,사법시험 36회,변호사권기준법률사무소,054-856-7373~5 ,054-856-7376,[760-400] 경북 안동시 정하동 244-1 (부성빌딩 3층),junkik@nate.com ,
48,정종복,정종복,鄭鍾福,1950.07.14,대구,사법시험 25회,변호사정종복법률사무소,054-773-1313 ,054-773-0084,"[38145] 경북 경주시 중앙로 53 , 4층 (동부동, 세종빌딩)",jjb4141@hanmail.net ,
47,박진호,박진호,朴軫晧,1965.01.05,대구,사법시험 34회,변호사박진호법률사무소,054-734-4730 ,054-734-5730,[36427] 경북 영덕군 영덕읍 경동로 8347 (화개리 225) ,jhpipo@paran.com ,
46,전정호,전정호,全定鎬,1956.10.27,대구,군법무관임용시험 3회,변호사전정호법률사무소,053-811-4515 ,053-811-4516,[38583] 경북 경산시 박물관로1길 6 (사동) 재경빌딩 204호,kamjuho@hanmail.net ,
45,김태하,김태하,金泰河,1958.03.10,대구,사법시험 26회,법무법인 동서남북,054-771-8581 ,054-773-8581,[780-040] 경북 경주시 동부동 133-23 (2층),taeha56@hanmail.net ,
44,노태형,노태형,盧泰亨,1962.06.08,대구,사법시험 34회,변호사노태형법률사무소,054-249-9100 ,054-249-9102,"[791-270] 경북 포항시 법원로 162,303호(양덕동,석계빌딩)",lawyer-nth@hanmail.net ,
43,유중근,유중근,兪重根,1962.09.25,대구,사법시험 34회,변호사유중근법률사무소,054-252-4200 ,054-251-0400,[791-260] 경북 포항시 북구 장성동 1497-10 (홍익빌딩 2층),lawyer-yoo@hanmail.net ,
42,권영법,권영법,權寧法,1965.05.08,대구,사법시험 31회,변호사권영법률사무소,054-856-4086-8 ,054-856-4089,[760-400] 경북 안동시 정하동 251-1 (1층),gunlaw@chol.com ,
41,김순갑,김순갑,金順甲,1948.04.02,대구,사법시험 21회,변호사김순갑법률사무소,054-783-0008 ,054-783-0004,"[767-801] 경북 울진군 울진읍 읍내로 70,2층202호",lawyer7790@hanmail.net ,
40,배용재,배용재,裵龍在,1956.03.22,대구,사법시험 21회,변호사배용재법률사무소,"054-244-2011,2 ",054-244-3534,[791-260] 경북 포항시 북구 장성동 1494-5 (율정빌딩 304호),atny0bae@hanmail.net ,
38,공봉학,공봉학,孔鳳鶴,1964.10.10,대구,사법시험 30회,변호사공봉학법률사무소,054-252-2001 ,054-252-0233,"[791-270] 경북 포항시 북구 법원로 180,202호(양덕동,태성빌딩)",kbh2621@naver.com ,
37,김용수,김용수,金容守,1959.10.10,대구,사법시험 33회,변호사김용수법률사무소,054-859-2623 ,054-859-2625,[760-400] 경북 안동시 정하동 244-1 (부성빌딩 201호),kyo2624@hanmail.net ,
35,민덕기,민덕기,閔悳基,1961.09.04,대구,사법시험 32회,변호사민덕기법률사무소,054-841-7200 ,,[760-400] 경북 안동시 정하동 242-6(105호),mlawyer@hanmail.net ,
34,김만수,김만수,金萬守,1958.08.08,대구,사법시험 32회,변호사김만수법률사무소,054-232-6101~2 ,054-232-6103,"[791-260] 경북 포항시 북구 장성동 1494-5(율정빌딩504호,305호)", ,
33,이수환,이수환,李樹煥,1958.05.11,대구,사법시험 32회,법무법인 청우,054-242-3700 ,054-242-3701,"[791-270] 경북 포항시 북구 법원로 179,3층(양덕동,대유빌딩)",lsh@cwlex.com ,
32,이동권,이동권,李東權,1948.11.05,대구,사법시험 24회,변호사이동권법률사무소,054-242-6262 ,054-242-6667,[791-260] 경북 포항시 북구 장성동 1370-5,leedk6262@hanmail.net ,
31,서병길,서병길,徐炳吉,1960.01.02,대구,사법시험 28회,변호사서병길법률사무소,054-9800~1 ,054-748-9802,"[38154] 경북 경주시 화랑로 94,2층(동부동,수성빌딩)",thron1@hanmail.net ,
30,조현국,조현국,趙顯國,1962.03.06,대구,사법시험 26회,변호사조현국법률사무소,054-439-­1755~6 ,054-434­-1755,[740-200] 경북 김천시 삼락동 1242,jhklaw@lycos.co.kr ,
29,추순호,추순호,秋舜鎬,1956.12.26,대구,군법무관임용시험 4회,법무법인 가야종합법률사무소,054-439-­1317 ,054-439-­1319,[740-200] 경북 김천시 삼락동 1261,chsh1980@hanmail.net ,
28,황우하,황우하,黃宇河,1955.02.18,대구,사법시험 30회,변호사황우하법률사무소,054-749-­2001 ,054-749-­2900,[706-010] 경북 경주시 동부동 133-34(화성빌딩3층),lawh2000@hanmail.net ,
27,신용길,신용길,申容吉,1961.03.18,대구,사법시험 26회,변호사신용길법률사무소,"054-734-4730,1 ",054-734-5730,[766-816] 경북 영덕군 영덕읍 화개리 225, ,
26,이상욱,이상욱,李相郁,1957.06.15,대구,사법시험 30회,변호사이상욱법률사무소,054-532-6700 ,054-536-4488,[742-260] 경북 상주시 만산동 695-1 (성덕빌딩 2층),sangwlee2002@yahoo.co.kr ,
24,김희철,김희철,金熙哲,1962.08.04,대구,사법시험 30회,법무법인 경북삼일,054-443-7404 ,054-443-7406,[730-912] 경북 구미시 송정동 34-3,hicheol@chollian.com ,
23,김희수,김희수,金熙洙,1960.02.17,대구,사법시험 30회,변호사김희수법률사무소,054-859-0710-1 ,054-858-9336,[760-400] 경북 안동시 정하동 242-5,khs89000@hanmail.net ,
22,이인기,이인기,李仁基,1953.02.26,대구,사법시험 24회,변호사이인기법률사무소,-- ,--,[39894] 경북 칠곡군 왜관읍 중앙로9길 6 (왜관 리),7882032@hanmail.net ,
20,권영준,권영준,權寧俊,1955.05.22,대구,사법시험 29회,변호사권영준법률사무소,054-246-3500 ,054-246-3502,[37729] 경북 포항시 북구 삼호로 7-8 (덕산동) 2층,kyj-pohang@hanmail.net ,
19,박재태,박재태,朴宰台,1961.08.01,대구,사법시험 26회,법무법인 포항종합,054-251-3377 ,054-251-3379,"[37572] 경북 포항시 북구 법원로 179 , 4층(양덕동, 대유빌딩)",lawyerpark16@hanmail.net ,
18,이동규,이동규,李東圭,1954.01.15,대구,사법시험 29회,경북 법무법인,054-853­-5060~5 ,054-853­-5066,[760-050] 경북 안동시 동부동 75-6,ldk540@yahoo.co.kr ,
15,김동호,김동호,金東浩,1954.02.27,대구,사법시험 29회,법무법인 새대구,054-833-­8900 ,054-833­-8903,[769-803] 경북 의성군 의성읍 중리리 768-14,lawkims53@gmail.com ,
14,김주락,김주락,金周珞,1954.10.30,대구,사법시험 29회,변호사김주락법률사무소,054-273-­5544~2 ,054-283­-2232,[790-192] 경북 포항시 남구 해도2동 171-18(협력회관2층),kjuraggi@hanmail.net ,
13,김연증,김연증,金年增,1964.01.27,대구,사법시험 28회,변호사김연증법률사무소,054-231-5123 ,054-231-6122,[791-260] 경북 포항시 북구 장성동 1494-5 (율정빌딩 104호),headhankim@hanmail.net ,
12,백영기,백영기,白暎基,1960.01.16,대구,사법시험 28회,법무법인 경북삼일,054-443-7404 ,054-443-7406,[730-090] 경북 구미시 송정동 34-3,boreesoo2000@yahoo.co.kr ,
11,김용대,김용대,金容大,1960.07.26,대구,사법시험 26회,변호사김용대법률사무소,054-433-­8100~1 ,054-433­-8102,[740-200] 경북 김천시 삼락동 1252(1층),attydk@hanmail.net ,
10,이인구,이인구,李仁龜,1957.09.15,대구,사법시험 23회,법무법인 포항종합법률사무소,054-433­-6001~2 ,054-433-­6003,[740-200] 경북 김천시 삼락동 1239(2층),lawig@hanmail.net ,
9,서동택,서동택,徐同澤,1954.08.30,대구,사법시험 27회,변호사서동택법률사무소,054-246-3040 ,054-246-3041,[37572] 경북 포항시 북구 장량중앙로 52 (양덕동) 3층 304호,sdt5222@hanmail.net ,
8,권태형,권태형,權泰衡,1961.06.24,대구,사법시험 27회,법무법인 우리하나로,054-457-2626 ,054-457-2696,[730-090] 경북 구미시 송정동 58(용은개발 801호),hanalaw01@hanmail.net ,
7,권헌서,권헌서,權憲緖,1954.03.15,대구,사법시험 26회,경북 법무법인,054-853-­5060~5 ,054-853­-5066,[760-050] 경북 안동시 동부동 75-6(한양빌딩1층),doyose333@hanmail.net ,
6,이종덕,이종덕,李鍾德,1950.11.30,대구,사법시험 26회,변호사이종덕법률사무소,054-434-2975 ,054-432-2975,[740-200] 경북 김천시 삼락동 1242,ljd2975@hanmail.net ,
5,김세충,김세충,金世忠,1954.01.12,대구,사법시험 26회,경북 법무법인,054-853-­5060~5 ,054-853­-5066,[760-050] 경북 안동시 동부동 75-6(한양빌딩1층),yeoifund@naver.com ,
4,이상익,이상익,李相益,1954.10.15,대구,사법시험 25회,변호사이상익법률사무소,054-744-7300 ,054-744-7340,[780-040] 경북 경주시 동부동 133 -31,sunmoon0101@hanmail.net ,
3,정연경,정연경,鄭然慶,1953.06.29,대구,사법시험 25회,변호사정연경법률사무소,054-742-­9222~3 ,054-742-­9223,[780-040] 경북 경주시 동부동 141,ykjeong@daegubar.or.kr ,
2,정경수,정경수,鄭景秀,1949.02.06,대구,사법시험 25회,변호사정경수법률사무소,054-432-5756 ,054-430-­3365,[740-200] 경북 김천시 삼락동 1253,lawjks@hanmail.net ,
