번호,이름(목록),이름(상세),이름(한자),생년월일,소속회,자격시험,사무소명,사무실전화,사무실팩스,사무실주소,이메일,전문분야
171,이자연,이자연,李慈娟,1980.02.01,강원,변호사시험 1회,변호사이자연법률사무소,070-8244-4307 ,--,[24372] 강원 춘천시 공지로 293 (효자동) 화남빌딩 4층(국선전담실),springinme@naver.com ,
172,조재일,조재일,趙在一,1987.05.07,강원,변호사시험 6회,변호사조재일법률사무소,033-813-3700 ,033-813-3703,"[26392] 강원 원주시 능라동길 61 (무실동, 정한타워) 606호",jesingee@gmail.com ,
171,박영재,박영재,朴永宰,1985.05.26,강원,변호사시험 6회,법무법인 원주,033-742-5225 ,033-743-5248,[26392] 강원 원주시 능라동길 63 (무실동) 2층,predator6@hanmail.net ,
170,박민지,박민지,朴敏志,1990.12.15,강원,변호사시험 6회,법무법인 율곡,033-743-5455 ,033-743-1670,"[26478] 강원 원주시 무실새골길 2 (무실동, 저스티스빌딩) 2층",pmj535251@nate.com ,
169,홍소현,홍소현,洪沼賢,1981.03.16,강원,변호사시험 6회,변호사홍소현법률사무소,033-641-7465 ,033-647-7467,[25504] 강원 강릉시 강릉대로 181 (교동) 3층,poena81@naver.com ,
168,정희재,정희재,丁喜才,1983.11.20,강원,변호사시험 6회,변호사정희재법률사무소,033-645-6911 ,033-645-6965,[25538] 강원 강릉시 임영로 115 (성내동) 3층 ,rainmaker112@naver.com ,
167,김확중,김확중,金확중,1985.01.29,강원,변호사시험 3회,법무법인(유한)동헌,033-645-4880 ,033-645-4882,[25464] 강원 강릉시 운정길11번길 18 (난곡동) ,hwackjung@gmail.com ,
166,남다운,남다운,南다운,,강원,변호사시험 6회,변호사남다운법률사무소,033-742-3114 ,070-4170-4091,"[26478] 강원 원주시 무실새골길 16 (무실동, 정법빌딩) 201호",down9012@naver.com ,
165,강대규,강대규,姜大奎,1985.12.05,강원,변호사시험 6회,변호사강대규법률사무소,033-241-9900 ,033-241-9905,"[24372] 강원 춘천시 공지로 293 (효자동, 화남빌딩) 1층",fighterkdk@naver.com ,
164,유지호,유지호,柳志昊,1982.06.07,강원,변호사시험 6회,유지승 법률사무소,033-745-5376 ,033-745-5370,"[26478] 강원 원주시 무실새골길 2 (무실동, 저스티스빌딩) 4층 401호",ugo82@naver.com ,
162,최지호,최지호,崔智鎬,1980.08.24,강원,,법무법인 위,033-748-6000 ,,"[26393] 강원 원주시 시청로 160-1 (무실동, 노블인갤러리) 4층",jiho0824@naver.com ,
161,박광원,박광원,朴光源,1984.09.25,강원,변호사시험 6회,, ,,"[26478] 강원 원주시 무실새골길 14 (무실동, 법조빌딩) 3층",moniter001@gmail.com ,
160,박연주,박연주,朴年姝,1989.12.11,강원,사법시험 54회,변호사박연주법률사무소,033-647-1969 ,033-647-1968,[25464] 강원 강릉시 운정길11번길 18 (난곡동) 3층,joo1713@nate.com ,
159,박지영,박지영,朴志映,1985.06.14,강원,변호사시험 5회,변호사박지영법률사무소,033-743-5455 ,033-743-1670,[26478] 강원 원주시 무실새골길 2 (무실동) 저스티스빌딩 2층,jyjy1406@gmail.com ,
157,이재형,이재형,李宰炯,1984.08.15,강원,변호사시험 5회,법무법인 율곡,033-645-6911 ,033-645-6965,[25538] 강원 강릉시 임영로 115 (성내동) 3층,jdboys@naver.com ,
156,김성훈,김성훈,金成勳,1986.02.23,강원,변호사시험 2회,변호사김성훈법률사무소,033-743-8787 ,033-743-8809,[26392] 강원 원주시 능라동길 59 (무실동) 정한프라자 507호(무실동),sionehane@naver.com ,
155,김기동,김기동,金琦東,1984.08.30,강원,변호사시험 2회,법무법인 위, ,,"[26393] 강원 원주시 시청로 160-1,401호(무실동,노블인갤러리빌딩)",katze84@hanmail.net ,
153,이광재,이광재,李珖宰,1980.03.22,강원,변호사시험 5회,법무법인 위,033-748-6000 ,033-748-6200,[26393] 강원 원주시 시청로 160-1 (무실동) 401호(무실동 노블인갤러리),ermoney@naver.com ,
152,길세철,길세철,吉世哲,1980.06.06,강원,변호사시험 5회,변호사길세철법률사무소,033-769-9368 ,033-769-9379,"[26466] 강원 원주시 혁신로 22 (반곡동, 국립공원관리공단) 6층 기획재정처",rungsc@naver.com ,
151,김기일,김기일,金基日,1975.10.27,강원,변호사시험 4회,법무법인 위,033-748-6000 ,033-748-6200,"[26393] 강원 원주시 시청로 160-1 (무실동,노블인갤러리) 401호",kirii@daum.net ,
150,정대현,정대현,鄭大鉉,1975.05.28,강원,변호사시험 1회,변호사정대현법률사무소,033-818-9356 ,033-818-9357,"[24372] 강원 춘천시 공지로 289, 3층(효자동,대양빌딩) ",weeds10003@hotmail.com ,
148,정지욱,정지욱,鄭智旭,1983.02.26,강원,변호사시험 4회,법무법인 원주,033-743-5225 ,033-743-5248,"[26392] 강원 원주시 능라동길 63, 203호(무실동)",wonju5225@hanmail.net ,
146,서승완,서승완,徐承完,1983.05.20,강원,변호사시험 4회,변호사서승완법률사무소,033-254-4368 ,033-256-4368,"[24372] 강원 춘천시 공지로 293, 6층 (효자동, 화남빌딩) ",wany1983@naver.com ,
145,이지언,이지언,李知彦,1985.09.01,강원,사법시험 54회,공동법률사무소 묵호,033-533-0901 ,033-533-0902,"[25759] 강원 동해시 천곡로 71, 8층 (천곡동, 흥국생명빌딩)",mukholee1@gmail.com ,
144,김민수,김민수,金敏守,1984.07.10,강원,변호사시험 4회,,033-738-3183 ,033-738-3883,"[26464] 강원 원주시 세계로 10 (반곡동, 한국관광공사) 법무팀",kms1248@hanmail.net ,
143,이현동,이현동,李炫東,1983.03.02,강원,변호사시험 4회,변호사이현동법률사무소,033-734-9734 ,033-734-9735,"[26478] 강원 원주시 무실새골길 14, 4층(무실동, 법조빌딩)",hdlee0302@gmail.com ,
142,손도영,손도영,孫途英,1988.02.26,강원,변호사시험 4회,법무법인 일헌,033-747-8050~2 ,033-747-8053,"[26478] 강원 원주시 무실새골길 14,3층(무실동,법조빌딩)",tpuusdy@naver.com ,
141,한세민,한세민,韓世玟,1987.03.24,강원,변호사시험 4회,법무법인 일헌,033-747-8050~2 ,033-747-8053,"[26478] 강원 원주시 무실새골길 14, 3층(무실동)",1323semin@naver.com ,
140,김정선,김정선,金姃宣,,강원,사법시험 54회,변호사김정선법률사무소,070-8244-4308 ,033-241-4308,[24372] 강원 춘천시 공지로 293 (효자동) 화남빌딩 4층,90277073@hanmail.net ,
139,강정문,강정문,姜晸文,1981.01.14,강원,사법시험 54회,변호사강정문법률사무소,033-264-9052 ,033-264-9053,[24376] 강원 춘천시 남춘로 36 (효자동) 6층,kjmig12@hanmail.net ,
138,전홍록,전홍록,全洪錄,1984.10.02,강원,사법시험 54회,법무법인 치악종합법률사무소,"033-744-2488,745-2488 ",033-746-1531,"[220-150] 강원 원주시 무실동 1811-3, 3층",studyhard1002@hanmail.net ,
136,노진호,노진호,盧振昊,1972.02.03,강원,변호사시험 3회,변호사노진호법률사무소,033-734-9736 ,033-734-9735,[26478] 강원 원주시 무실새골길 14 (무실동) 법조빌딩 4층 401호,liberjin@hanmail.net ,
134,안지연,안지연,安智娟,1988.02.03,강원,변호사시험 3회,변호사안지연법률사무소,033-254-4368 ,033-256-4368,"[200-953] 강원 춘천시 공지로 293,6층(효자동,화남빌딩)",wkdsudus@naver.com ,
133,박재영,박재영,朴載永,1980.06.17,강원,변호사시험 3회,법무법인 충정,033-655-1600 ,033-655-1616,"[210-923] 강원 강릉시 강릉대로 189,2층(교동,어촌빌딩)",ahoy12@hanmail.net ,
131,정명순,정명순,鄭明順,1967.05.02,강원,변호사시험 3회,변호사정명순법률사무소,033-731-1482 ,,"[220-150] 강원 원주시 무실동 1811-4,201호(법조빌딩)",jmsoon1@hanmail.net ,
129,조윤아,조윤아,趙允娿,1985.01.25,강원,변호사시험 3회,법무법인 서하,033-635-2868 ,033-631-2862,"[217-809] 강원 속초시 법대로 4,2층(동명동,유광빌딩)",lawyuna@naver.com ,
128,박순애,박순애,朴順愛,1976.09.09,강원,사법시험 53회,변호사박순애법률사무소,033-242-7720 ,033-243-7730,"[24373] 강원 춘천시 공지로 279, 1층(효자동)",peacepsa@hanmail.net ,가사법 (2017-07-31);민사법 (2017-07-31)
127,강상용,강상용,姜相鎔,1983.05.27,강원,사법시험 50회,변호사강상용법률사무소,033-251-8301 ,,"[200-953] 강원 춘천시 공지로 293,3층(효자동,화남빌딩),대한법률구조공단",kangsy@me.com ,
126,이용재,이용재,李庸在,1986.11.11,강원,사법시험 50회,변호사이용재법률사무소,070-8892-1030 ,070-8879-0103,"[220-938] 강원 원주시 천사로 61,2층(단계동)",hdan031@gmail.com ,
125,김혜란,김혜란,金惠蘭,1976.05.25,강원,사법시험 45회,법무법인 일헌,033-747-8050 ,033-747-8053,"[220-150] 강원 원주시 무실새골길 14,3층(무실동,법조빌딩)",lawjegal@naver.com ,형사법 (2015-06-08);가사법 (2015-06-08)
124,김지영,김지영,金芝英,1984.10.04,강원,사법시험 53회,변호사김지영법률사무소,033-635-0088 ,033-635-0086,[24822] 강원 속초시 법대로 13 (동명동) 4층,zhiying104@gmail.com ,
123,이소정,이소정,李素禎,1978.02.20,강원,변호사시험 2회,변호사이소정법률사무소,033-733-2205 ,033-733-2208,"[220-956] 강원 원주시 일산로 23,3층(일산동,감리회관)",thwjd200000@naver.com ,
122,심지현,심지현,沈智賢,1978.06.21,강원,사법시험 53회,법무법인 충정,033-655-1600 ,033-655-1616,"[210-923] 강원 강릉시 강릉대로 189,2층(교동)",shim-jihyun@hanmail.net ,
121,류재율,류재율,柳在律,1978.01.28,강원,변호사시험 2회,법무법인 코러스,033-576-0416 ,033-576-0418,"[25920] 강원 삼척시 중앙로 181, 2층 (남양동)",yoojaeyool@daum.net ,
120,심재범,심재범,沈載凡,1974.05.21,강원,변호사시험 2회,합동법률사무소 청암,033-641-3358 ,033-641-3365,[210-360] 강원 강릉시 난곡동 116-5(1층),jae0521@chol.com ,
119,박찬성,박찬성,朴贊晟,1982.01.07,강원,변호사시험 2회,변호사박찬성법률사무소,033-251-8448 ,033-251-8446,"[200-953] 강원 춘천시 남춘로 47,4층(효자동,덕호빌딩)",polics82@snu.ac.kr ,
118,임소진,임소진,林昭珍,1975.06.13,강원,변호사시험 2회,변호사임소진법률사무소,033-733-2224 ,033-745-2225,[220-150] 강원 원주시 무실동 1811-1(저스티스I빌딩301호) ,maritwin@naver.com ,
116,김승식,김승식,金承湜,1978.06.17,강원,변호사시험 2회,합동법률사무소 청암,033-641-3358 ,033-641-3365,[210-360] 강원 강릉시 난곡동 116-5(율전빌딩1층),kimthn79@hanmail.net ,
115,김희수,김희수,金熙洙,1981.07.06,강원,사법시험 52회,변호사김희수법률사무소,070-8244-4310 ,033-241-4308,"[24372] 강원 춘천시 공지로 293 (효자동, 화남빌딩) 4층",pgoin.hope@gmail.com ,
114,홍남희,홍남희,洪南姬,1977.05.13,강원,변호사시험 1회,법무법인 코러스,033-576-0416 ,033-576-0418,"[25920] 강원 삼척시 중앙로 181, 2층 (남양동)",halo4071@hanmail.net ,
113,최정경,최정경,崔正敬,1978.02.13,강원,사법시험 50회,변호사최정경법률사무소,033-642-6248 ,033-642-6249,[210-330] 강원 강릉시 죽헌동 293-3(우성빌딩1층),scenerychoi@hanmail.net ,
112,한혜정,한혜정,韓惠楨,1981.10.21,강원,사법시험 51회,법무법인 다헌,033-253-4300 ,033-253-4302,[24372] 강원 춘천시 공지로 293 (효자동) 5층(효자동 화남빌딩),hye.j.han1021@gmail.com ,
111,유지승,유지승,柳志昇,1982.06.07,강원,변호사시험 1회,유지승 법률사무소,033-745-5376 ,033-745-5370,"[220-150] 강원 원주시 무실새골길 2,401호(무실동,저스티스1빌딩)",willow0542@naver.com ,
110,홍성길,홍성길,洪性吉,1984.01.03,강원,변호사시험 1회,변호사홍성길법률사무소,033-244-6800 ,033-244-9338,[200-952] 강원 춘천시 효자2동 709(대양빌딩3층),jshsk2@naver.com ,
109,나연찬,나연찬,羅煉贊,1981.03.11,강원,사법시험 48회,변호사나연찬법률사무소,033-647-0090 ,033-647-0097,[210-100] 강원 강릉시 교동 1892-5(FCC빌딩3층),sotonglaw@naver.com ,
108,김형석,김형석,金亨錫,1982.09.23,강원,사법시험 47회,변호사김형석법률사무소,033-257-4566 ,033-257-4504,[200-092] 강원 춘천시 효자2동 309-1,seoki0923@naver.com ,
107,박신제,박신제,朴信帝,1982.11.03,강원,변호사시험 1회,변호사박신제법률사무소,070-4820-6687 ,,[200-943] 강원 춘천시 퇴계동 1192-2,sharp@hanmail.net ,
106,임송재,임송재,任宋宰,1979.06.11,강원,변호사시험 1회,변호사임송재법률사무소, ,,[200-943] 강원 춘천시 퇴계동 1192-2,jeislove@hanmail.net ,
105,서현우,서현우,徐賢㥥,1982.08.28,강원,사법시험 51회,변호사서현우법률사무소,033-637-1133 ,033-637-7733,[24823] 강원 속초시 장안로 29 (동명동) 4층,yicka@naver.com ,
104,허종영,허종영,許倧寧,1981.11.20,강원,변호사시험 1회,변호사허종영법률사무소,033-244-9113 ,033-244-9114,[200-931] 강원 춘천시 공지로 289(대양빌딩2층),jyheo00@naver.com ,
103,김하늬,김하늬,金하늬,1986.09.15,강원,변호사시험 1회,법무법인 서하,033-635-2868 ,033-631-2862,"[217-809] 강원 속초시 법대로(동명동,유광빌딩) 4,2층",jolaw1211@hanmail.net ,
102,조근호,조근호,趙根浩,1983.09.06,강원,변호사시험 1회,법무법인 서하,033-635-2868 ,033-631-2862,"[217-702] 강원 속초시 법대로(동명동,유광빌딩) 4,2층",jolaw1211@hanmail.net ,
101,이재원,이재원,李在元,1974.01.02,강원,사법시험 43회,변호사이재원법률사무소,033-648-5159 ,033-648-5158,"[210-050] 강원 강릉시 금성로61번길 7(성남동,강보빌딩3층)",waytojw@hanmail.net ,
100,김대일,김대일,金大一,1980.02.10,강원,사법시험 51회,변호사김대일법률사무소,070-8244-4307~9 ,033-241-4308,[200-092] 강원 춘천시 효자2동 709-10,lawkapbr@naver.com ,
99,권이중,권이중,權二重,1972.11.19,강원,사법시험 51회,변호사권이중법률사무소,033-745-1693 ,033-746-1693,"[220-150] 강원 원주시 무실새골길16,301호305호 (무실동,정법프라자)",kjudge@naver.com ,
98,김윤경,김윤경,金潤景,1968.02.19,강원,사법시험 51회,변호사김윤경법률사무소,033-644-4300 ,033-644-4307,[210-100] 강원 강릉시 교동 광장로90(FCC빌딩5층),kyg1921@daum.net ,
97,김진상,김진상,金晋相,1975.09.02,강원,사법시험 50회,공증인가 춘천합동,033-242-4313 ,033-242-4318,"[200-092] 강원 춘천시 공지로 289,4층 (효자동,대양빌딩)",js_0401@naver.com ,
96,김미환,김미환,金美煥,1978.07.10,강원,사법시험 49회,변호사김미환법률사무소,033-745-0012 ,033-902-9889,"[26478] 강원 원주시 무실새골길 16 (무실동) 103, 104호",lawmh@naver.com ,
95,백현영,백현영,白賢英,1981.03.13,강원,사법시험 48회,변호사백현영법률사무소,033-733-0880 ,033-733-0220,"[220-150] 강원 원주시 만대로 53,202호(무실동,경남빌딩)",98meteor12@naver.com ,
94,이화영,이화영,李和永,1979.04.08,강원,사법시험 49회,변호사이화영법률사무소,033-746-6655 ,070-4170-4091,[220-150] 강원 원주시 무실동 1811-5(정법프라자201호),youring8820@hanmail.net ,
93,제갈철,제갈철,諸葛澈,1975.08.15,강원,사법시험 49회,법무법인 일헌,033-747-8050 ,033-747-8053,"[26478] 강원 원주시 무실새골길 14, 3층(무실동, 법조빌딩)",cj@jegalco.com ,부동산 (2015-10-26);도산 (2018-04-02)
92,정별님,정별님,鄭별님,1979.09.05,강원,사법시험 48회,변호사정별님법률사무소,033-242-2700 ,033-242-2705,"[200-953] 강원 춘천시 공지로 293,1층(효자동,화남빌딩)",mistar@hanmail.net ,
91,최정선,최정선,崔貞善,1983.05.13,강원,사법시험 48회,변호사최정선법률사무소, ,,"[24372] 강원 춘천시 공지로 297,2층(효자동)",flowering1@hanmail.net ,
89,안현희,안현희,安賢熙,1978.03.29,강원,사법시험 48회,변호사안현희법률사무소,033-733--0880 ,033-733-0220,[220-150] 강원 원주시 무실동 1720-1(경남빌딩202호),bass0329@nate.com ,
88,김헌우,김헌우,金憲佑,1976.01.08,강원,사법시험 47회,변호사김헌우법률사무소, ,,[210-360] 강원 강릉시 난곡동 116-5(율전빌딩3층),heonwookim@gmail.com ,
87,정원선,정원선,鄭媛先,1974.10.15,강원,사법시험 47회,변호사정원선법률사무소,033-655-2846 ,033-655-2847,[210-101] 강원 강릉시 교1동 1005-4 (진명빌딩 2층),smch1998@hanmail.net ,
86,구현모,구현모,具賢模,1972.04.03,강원,사법시험 42회,법무법인 다헌,033-253-4300 ,033-253-4302,"[200-953] 강원 춘천시 공지로 293,5층(효자동,화남빌딩)",hmk8207@naver.com ,
85,민세영,민세영,閔世英,1976.06.21,강원,사법시험 47회,변호사민세영법률사무소,033-253-7088 ,033-253-7087,[24372] 강원 춘천시 공지로 295 (효자동) 2층,syminlawyer@naver.com ,
84,홍석헌,홍석헌,洪錫憲,1974.07.31,강원,사법시험 44회,변호사홍석헌법률사무소,033-742-2281 ,033-744-2281,[26392] 강원 원주시 능라동길 65 (무실동) 휴먼타워 504호,summermt@daum.net ,
83,최윤환,최윤환,崔允歡,1968.05.01,강원,사법시험 46회,변호사최윤환법률사무소,033-747-8872 ,033-746-6855,[220-150] 강원 원주시 무실동 1811-3(보성빌딩102호),choiyh0501@hanmail.net ,
82,임미선,임미선,任美善,1978.05.21,강원,사법시험 47회,변호사임미선법률사무소,033-264-8005 ,033-264-4005,[200-090] 강원 춘천시 효자동 360-1 (1층),queen-9@daum.net ,
81,진옥동,진옥동,陳玉桐,1974.04.24,강원,사법시험 43회,법무법인 다헌,033-253-4300 ,033-253-4302,[200-092] 강원 춘천시 공지로 293(화남빌딩5층),wine1974@hanmail.net ,
80,최유덕,최유덕,崔釉悳,1974.09.02,강원,사법시험 46회,법무법인 아시아,033-731-7030 ,033-731-4080,[220-030] 강원 원주시 학성동 1040-3,cydsnu@hanmail.net ,
79,김창규,김창규,金彰圭,1973.01.12,강원,사법시험 46회,법무법인 승정, ,,"[26392] 강원 원주시 능라동길 65 , 502호(무실동, 휴먼타워)",hyunmoosan@naver.com ,
78,김기현,김기현,金起眩,,강원,사법시험 46회,변호사김기현법률사무소,033-813-3700 ,033-813-3703,[26392] 강원 원주시 능라동길 61 (무실동) 6층 606호,khk@lawkhk.com ,
77,김용진,김용진,金龍鎭,1974.05.15,강원,사법시험 42회,변호사김용진법률사무소,033-241-9511 ,033-242-9511,[200-953] 강원 춘천시 효자2동 709-10(화남빌딩2층),mirae-law1@daum.net ,
76,이현석,이현석,李弦錫,1972.07.08,강원,사법시험 45회,변호사이현석법률사무소,033-920-3033 ,033-920-3036,"[210-360] 강원 강릉시 운정길11번길 18,4층(난곡동,율전빌딩)",hyunseuk@hanmail.net ,
75,이동규,이동규,李東奎,1975.11.27,강원,사법시험 45회,변호사이동규법률사무소,033-733-7003 ,033-731-6002,"[220-150] 강원 원주시 능라동길 61,409호(무실동)",vivace737@naver.com ,
74,윤재경,윤재경,尹在慶,1969.04.15,강원,사법시험 45회,법무법인 다헌,033-253-4300 ,033-253-4302,[200-953] 강원 춘천시 공지로 293(화남빌딩5층),jkyun6@naver.com ,
73,박성용,박성용,朴盛庸,1967.12.02,강원,군법무관임용시험 11회,법무법인 자산,033-532-1808 ,033-532-1809,"[25769] 강원 동해시 천곡로 86, 3층 302호 (천곡동, 동진빌딩)",blue86psy@hanmail.net ,
72,김시진,김시진,金時振,1955.05.29,강원,사법시험 24회,변호사김시진법률사무소,"033-253-1570,1 ",033-253-1572,[200-092] 강원 춘천시 효자2동 709-10 (화남빌딩 2층),mama730@naver.com ,
71,이창복,이창복,李昌福,1954.10.18,강원,사법시험 24회,변호사이창복법률사무소,"033-744-1880,2880 ",033-744-3880,[220-150] 강원 원주시 무실동 1811-3 (보성빌딩4층),cbl9061@hanmail.net ,
70,김수부,김수부,金秀富,1973.02.25,강원,사법시험 44회,변호사김수부법률사무소,033-641-4477 ,033-641-6007,[210-330] 강원 강릉시 죽헌동 293-3 (3층),yogilaw@hanmail.net ,
69,이재구,이재구,李在求,1968.08.05,강원,사법시험 32회,법무법인 위,033-748-6000 ,033-748-6200,[220-150] 강원 원주시 무실동 1822-1(노블인갤러리401호),daju6100@daum.net ,
68,최문수,최문수,崔文洙,1962.11.05,강원,사법시험 44회,변호사최문수법률사무소,033-735-0505 ,033-735-0533,[220-150] 강원 원주시 무실동 1811-1(저스티스빌딩1층),lawyercms@hanmail.net ,
67,원길연,원길연,元吉淵,1966.12.24,강원,사법시험 40회,변호사원길연법률사무소,033-748-8800 ,033-748-8803,[220-030] 강원 원주시 학성동 1049-6,wgywsy@hanmail.net ,
66,홍영표,홍영표,洪榮杓,1972.08.06,강원,사법시험 42회,변호사홍영표법률사무소,033-655-0060 ,033-655-0036,[210-090] 강원 강릉시 옥천동 163-1 (화신전기 3층),helpmelawyer@naver.com ,도산 (2015-02-16)
65,이종필,이종필,李鍾必,1965.11.19,강원,사법시험 43회,변호사이종필법률사무소,033-252-6308 ,033-252-6306,[200-092] 강원 춘천시 효자2동 709 (대양빌딩 2층),hanarmjp@hanmail.net ,
64,김태연,김태연,金泰延,1967.01.03,강원,사법시험 43회,변호사김태연법률사무소,033-375-5600 ,033-375-5300,[230-805] 강원 영월군 영월읍 영흥리 859- 25,fairkimty@yahoo.com ,
63,김규수,김규수,金圭守,1965.12.08,강원,사법시험 43회,변호사김규수법률사무소,033-646-4781 ,033-646-4786,[210-923] 강원 강릉시 교1동 860-26,reinkind@hanmail.net ,
62,윤영수,윤영수,尹英洙,1972.10.08,강원,사법시험 42회,변호사윤영수법률사무소,033-253-5764 ,033-257-5764,"[200-953] 강원 춘천시 남춘로61번길 5,201호(효자동)",yys5764@gmail.com ,
61,김재성,김재성,金在星,1968.08.15,강원,사법시험 42회,변호사김재성법률사무소,033-374-7024 ,033-374-7026,[230-805] 강원 영월군 영월읍 영흥리 859-24,tbkjs@naver.com ,
60,박형수,박형수,朴炯洙,1965.01.28,강원,사법시험 42회,변호사박형수법률사무소,033-633-3635 ,033-631-0444,"[217-809] 강원 속초시 장안로 25,2층(동명동,신광빌딩)",parkfy96@naver.com ,
59,권성중,권성중,權成重,1969.12.12,강원,사법시험 42회,변호사권성중법률사무소,033-744-5833 ,033-744-5834,"[26478] 강원 원주시 무실새골길 14 (무실동, 법조빌딩) 101, 102호",kwoncci@freechal.com ,
58,박영화,박영화,朴永化,1959.09.04,강원,사법시험 23회,법무법인 충정,033-655-1600 ,033-655-1616,[210-101] 강원 강릉시 교1동 860-26 (어촌빌딩 2층),yhpark@lawhs.net ,
57,안준호,안준호,安準鎬,1972.08.08,강원,사법시험 38회,변호사안준호법률사무소,033-242-3641 ,033-242-3644,[200-092] 강원 춘천시 효자2동 709 (대양빌딩 2층),juno99law@naver.com ,
56,홍지훈,홍지훈,洪志勳,1954.02.10,강원,사법시험 23회,변호사홍지훈법률사무소,033-641-7465 ,033-641-7467,[210-923] 강원 강릉시 교1동 865-4 (3층),hjh-1954@hanmail.net ,
55,허남정,허남정,許南程,1966.05.21,강원,군법무관임용시험 9회,변호사허남정법률사무소,033-257­-9300 ,033-257­-9330,[200-953] 강원 춘천시 효자2동 709-10(화남빌딩2층),lawhuh@nate.com ,
54,정방수,정방수,鄭芳秀,1973.01.27,강원,사법시험 40회,변호사정방수법률사무소,033-633-­7766 ,033-633­-0707,[217-809] 강원 속초시 동명동 450-112,tasa21@naver.com ,
53,이홍열,이홍열,李鴻烈,1962.08.06,강원,사법시험 40회,공증인가 춘천합동,"033-242-5481, 2 ",033-242-5486,"[24372] 강원 춘천시 공지로 289 , 4층(효자동, 대양빌딩)",reehy62@naver.com ,
52,조영삼,조영삼,曺永三,1961.05.17,강원,사법시험 34회,변호사조영삼법률사무소,033-643-0312 ,033-643-0503,[210-090] 강원 강릉시 옥천동 173(성호빌딩5층),par-birdy@hanmail.net ,
50,김주택,김주택,金周澤,1965.03.17,강원,사법시험 32회,법무법인 원주,033-742-5225 ,033-743-5248,[220-150] 강원 원주시 무실동 1857-2(법조타워203호),kjthey@naver.com ,
49,정용상,정용상,程湧湘,1957.03.06,강원,사법시험 23회,변호사정용상법률사무소,033-375-0400 ,033-375-0403,[230-805] 강원 영월군 영월읍 영흥리 863,lawjung033@hanmail.net ,
48,이재성,이재성,李在星,1959.05.02,강원,사법시험 31회,변호사이재성법률사무소,033-257-­9414 ,033-257­-9434,[200-953] 강원 춘천시 효자2동 709(대양빌딩5층),jsnlee@naver.com ,
46,정지웅,정지웅,鄭志雄,1968.12.07,강원,사법시험 38회,변호사정지웅법률사무소,033-744-4038 ,033-744-4039,[220-150] 강원 원주시 무실동 1811-2 (저스티스빌딩2층),wjd-wldnd@hanmail.net ,
45,김선홍,김선홍,金善弘,1963.03.05,강원,군법무관임용시험 7회,법무법인 율곡,033-743-5455 ,033-743-1670,"[220-150] 강원 원주시 무실새골길2 ,2층(무실동,저스티스빌딩)",hong2370@hanmail.net ,
44,황동규,황동규,黃東圭,1965.10.29,강원,사법시험 36회,법무법인 율곡,033-645-­6911~3 ,033-645-­6965,[210-040] 강원 강릉시 성내동 21,bamgol22@hanmail.net ,
43,송영철,송영철,宋永喆,1961.05.22,강원,사법시험 30회,법무법인(유한)동헌,"033-645-4880,1 ",033-645-4882,[210-360] 강원 강릉시 난곡동 116-5 (율전빌딩 2층),pine.pharos@gmail.com ,
41,윤정수,윤정수,尹正洙,1964.12.16,강원,사법시험 29회,변호사윤정수법률사무소,033-732-5566 ,033-732-7007,"[220-150] 강원 원주시 무실새골길16,3층(무실동) ",hs1592@hanmail.net ,
40,최승걸,최승걸,崔乘杰,1958.04.04,강원,군법무관임용시험 6회,변호사최승걸법률사무소,033-244-3100 ,033-242-4018,[200-190] 강원 춘천시 온의동 영서로 2303(성일빌딩6층),woogalaw@naver.com ,
39,김철수,김철수,金哲洙,1960.06.16,강원,사법시험 34회,변호사김철수법률사무소,033-244-6800 ,033-244-9338,[200-953] 강원 춘천시 공지로 289(대양빌딩),charlse2006@naver.com ,
38,박동수,박동수,朴東秀,1958.01.24,강원,사법시험 34회,변호사박동수법률사무소,033-743-8787 ,033-743-8809,"[220-150] 강원 원주시 능라동길 59,507호(무실동,정한프라자)",pdslaw@naver.com ,
37,고광록,고광록,高光록,1961.09.24,강원,사법시험 34회,법무법인 율곡,033-645-­6911~3 ,033-645­-6965,[210-040] 강원 강릉시 성내동 21,bamgol22@hanmail.net ,
36,김은호,김은호,金恩豪,1962.09.19,강원,사법시험 30회,변호사김은호법률사무소,033-645-9977 ,033-645-1704,[210-360] 강원 강릉시 난곡동 116-4,keh0379@naver.com ,
34,정영수,정영수,鄭永洙,1960.03.15,강원,사법시험 32회,법무법인 서울다솔,033-646-­7700，7712 ,033-646­-7713,[210-923] 강원 강릉시 교1동 1006-6,sgsksu0911@naver.com ,
33,안봉진,안봉진,安奉振,1961.05.19,강원,사법시험 32회,공증인가 춘천합동,"033-242-4315,6 ",033-242­-4318,[200-953] 강원 춘천시 효자2동 709(대양빌딩4층),bjahn1@hanmail.net ,
32,백성용,백성용,白性龍,1963.01.14,강원,사법시험 29회,법무법인 치악종합법률사무소,033-744-2488 ,033-746-1531,"[220-150] 강원 원주시 무실동 1811-3(2,3층)",sybaek0114@hanmail.net ,
31,이주해,이주해,李周海,1960.11.27,강원,사법시험 29회,변호사이주해법률사무소,033-647­-7770∼1 ,033-642-­7770,[210-923] 강원 강릉시 교1동 860-26(시가빌딩4층),ljooh1127@hanmail.net ,
30,김희근,김희근,金熙根,1953.08.28,강원,사법시험 20회,변호사김희근법률사무소,033-635-0087-8 ,033-635-0086,[217-809] 강원 속초시 동명동 280-2(동명빌딩 3층),lawkhk@hanmail.net ,
29,박호서,박호서,朴虎緖,1954.08.03,강원,군법무관임용시험 4회,변호사박호서법률사무소,033-251-­8447∼8 ,033-251-­8446,[200-953] 강원 춘천시 효자2동 712-11(덕호빌딩4층),hsp1006@yahoo.co.kr ,
28,김용학,김용학,金龍學,1956.10.20,강원,군법무관임용시험 4회,법무법인 한사랑,033-374-­0330∼2 ,033-374­-0333,[230-805] 강원 영월군 영월읍 영흥7리 846-3,typjkyh@hanmail.net ,
27,김문성,김문성,金文成,1959.04.11,강원,군법무관임용시험 4회,법무법인 치악종합법률사무소,033-744-2488 ,033-746-1531,"[220-150] 강원 원주시 무실동 1811-3 (2,3층)",mskim411@naver.com ,
26,박형일,박형일,朴炯日,1957.01.22,강원,사법시험 23회,법무법인 새빌,033-257-­4502∼3 ,033-257-­4504,[200-948] 강원 춘천시 효자2동 309-1,hipark57@naver.com ,
25,이종식,이종식,李鍾植,1960.12.25,강원,사법시험 30회,변호사이종식법률사무소,033-636-­6231 ,033-636­-6232,[217-809] 강원 속초시 동명동 466-58,cjj1643@naver.com ,
24,고용균,고용균,高用均,1947.12.03,강원,사법시험 30회,변호사고용균법률사무소,033-374-­2557 ,033-374-­5784,[230-805] 강원 영월군 영월읍 영흥7리 840-6,kohyk4192@hanmail.net ,
23,권태형,권태형,權泰亨,1959.09.03,강원,사법시험 26회,변호사권태형법률사무소,033-643-3123 ,033-6423-6482,[210-330] 강원 강릉시 죽헌동 920(에코피아빌딩4층),kth6880@naver.com ,
22,이호조,이호조,李昊祚,1954.07.05,강원,사법시험 24회,변호사이호조법률사무소,"033-251-0558,0559 ",033-252-0558,"[200-953] 강원 춘천시 공지로 293,6층(효자동,화남빌딩)",shimpyong@hanmail.net ,
21,노재환,노재환,盧載煥,1951.07.01,강원,사법시험 29회,변호사노재환법률사무소,033-264-­4437∼8 ,033-264­-4434,[200-953] 강원 춘천시 효자2동 360-8(태성빌딩4층),bsyoon23@nate.com ,
20,한준희,한준희,韓準熙,1951.07.24,강원,사법시험 29회,변호사한준희법률사무소,033-631-­7200∼1 ,033-632­-6781,[217-810] 강원 속초시 동명동 458-10,wkddmsaldid@hanmail.net ,
19,류지한,류지한,柳志漢,,강원,사법시험 24회,변호사류지한법률사무소,"033-255-5601,2 ",033-241-3919,[24371] 강원 춘천시 공지로 319-9 (효자동),raw5601@hanmail.net ,
18,안성일,안성일,安聖一,,강원,사법시험 27회,변호사안성일법률사무소,033-643-4460 ,033-645-7248,[210-330] 강원 강릉시 죽헌동 920 (에코피아빌딩 4층),siahn111@hanmail.net ,
16,박수복,박수복,朴壽福,1957.01.07,강원,사법시험 24회,법무법인 이도,"033-254-2500,264-5115 ",033-264-7117,[200-953] 강원 춘천시 효자2동 360-1 (2층),psb6116@naver.com ,
15,김정삼,김정삼,金正三,1952.03.03,강원,사법시험 26회,법무법인 치악종합법률사무소,033-745-2488 ,033-746-1531,[26478] 강원 원주시 무실새골길 12 (무실동) 보성빌딩 2층, ,
14,이택수,이택수,李宅洙,1953.12.29,강원,사법시험 25회,변호사이택수법률사무소,033-254-­4368 ,033-256-­4368,[200-953] 강원 춘천시 효자2동 709-10(화남빌딩6층),taek12292000@naver.com ,
13,강신원,강신원,姜信源,1953.01.14,강원,사법시험 25회,변호사강신원법률사무소,033-648-4422 ,033-646-1056,[25516] 강원 강릉시 교동광장로 90 (교동) fcc 빌딩,kang6484422@naver.com ,
12,박우순,박우순,朴宇淳,1950.09.15,강원,사법시험 25회,변호사박우순법률사무소,033-744-7600 ,033-746-8811,[220-963] 강원 원주시 학성1동 1040-3,oosun0507@naver.com ,
11,박영식,박영식,朴英植,1943.11.25,강원,군법무관임용시험 2회,변호사박영식법률사무소,033-643-­0847∼8 ,033-643-­0848,[210-070] 강원 강릉시 용강동 2-1,pyslo@naver.com ,
10,조동용,조동용,趙東龍,1952.06.26,강원,사법시험 24회,법무법인 서하,033-635-2868 ,033-631-2862,[217-702] 강원 속초시 법대로4 (동명동),jolaw1211@hanmail.net ,
9,최병영,최병영,崔秉永,1950.05.01,강원,군법무관임용시험 2회,변호사최병영법률사무소,033-463-3377 ,033-463-3373,"[252-806] 강원 인제군 인제읍 비봉로 28,2층(성지빌딩)",lawyer0055@hanmail.net ,
8,오시열,오시열,吳時列,1956.06.01,강원,사법시험 24회,변호사오시열법률사무소,033-745-5421~3 ,033-745-1002,[220-150] 강원 원주시 무실동 1807-9,os0471@naver.com ,
7,이두환,이두환,李斗煥,1944.02.28,강원,사법시험 13회,변호사이두환법률사무소,033-633-5559 ,033-633-3353,[217-020] 강원 속초시 동명동 450-376,duhwanl1@naver.com ,
6,박성덕,박성덕,朴聖悳,1954.10.15,강원,사법시험 21회,법무법인 중추,033-534-0882 ,033-534-0883,[240-010] 강원 동해시 천곡동 847(동진빌딩303호),sdp54@naver.com ,
5,김양일,김양일,金洋一,1941.04.10,강원,사법시험 8회,변호사김양일법률사무소,033-635-1384 ,033-635-1378,[217-804] 강원 속초시 교동 737-7(아남프라자 905호),kyi12345@hotmail.com ,
4,이관형,이관형,李官炯,1938.04.03,강원,사법시험 8회,법무법인 율곡,033-645-­6911~3 ,033-645-­6965,[210-040] 강원 강릉시 성내동 21,bamgol22@hanmail.net ,
2,김종식,김종식,金鍾植,1942.04.29,강원,사법시험 8회,공증인가 춘천합동,033-242-4317 ,033-242-­4318,[200-953] 강원 춘천시 효자2동 709(대양빌딩4층), ,
