번호,이름(목록),이름(상세),이름(한자),생년월일,소속회,자격시험,사무소명,사무실전화,사무실팩스,사무실주소,이메일,전문분야
409,김선남,김선남,金善南,1980.04.20,광주,사법시험 57회,법무법인 맥,062-226-5112~4 ,062-226-5118,[61445] 광주 동구 동명로 106(지산동),sunnam80@daum.net ,
408,박강회,박강회,朴康會,1964.07.05,광주,사법시험 31회,변호사박강회법률사무소,062-228-3500 ,062-228-3501,[61445] 광주 동구 동명로 106 (지산동) 3층,kanghoipark@naver.com ,
407,강청일,강청일,姜淸日,1989.02.17,광주,사법시험 57회,,062-228-3500 ,062-228-3501,[61445] 광주 동구 동명로 106 (지산동) 3층,rkdcjddlfwkd@daum.net ,
406,김주현,김주현,金胄賢,1982.04.14,광주,사법시험 57회,변호사김주현법률사무소,062-222-5050 ,062-222-9400,"[501-838] 광주 동구 지산로73,5층 (지산동,동명빌딩)",jhkim1750@gmail.com ,
405,주세형,주세형,朱世炯,1989.09.26,광주,변호사시험 6회,변호사주세형법률사무소,062-227-8662 ,062-228-8662,[61444] 광주 동구 준법로 10 (지산동) 3층,sh21century@hanmail.net ,
404,김현수,김현수,金賢竪,1987.02.20,광주,변호사시험 6회,변호사김현수법률사무소,062-227-7223 ,062-227-7224,"[61441] 광주 동구 지산로 70 (지산동, 동산빌딩) 1층",soiroo@naver.com ,
403,최기영,최기영,崔起榮,1975.04.07,광주,변호사시험 6회,공동법률사무소 천지합동,062-228-8660 ,062-228-8990,"[61445] 광주 동구 지산로 63 (지산동, 요천빌딩) 4층",namoolaw@naver.com ,
402,이명기,이명기,李明基,1978.10.01,광주,변호사시험 6회,법무법인 이십일세기종합법률사무소,062-224-0004 ,062-224-0005,"[61440] 광주 동구 동명로 101-1 (지산동,광주지방변호사회관) 4, 5층",lawmance@hanmail.net ,
401,박심미,박심미,朴心美,,광주,,,062-227-7223 ,062-227-7224,"[61441] 광주 동구 지산로 70 (지산동, 동산빌딩) 1층",shimmee0817@hanmail.net ,
400,손민정,손민정,孫旼廷,1983.01.31,광주,변호사시험 6회,법무법인 태평,062-229-8300 ,062-229-8301,"[61445] 광주 동구 동명로 102 (지산동) 3,4층",smj_smj@nate.com ,
399,서명기,서명기,徐銘基,1984.02.20,광주,변호사시험 6회,법무법인 태평,062-229-8300 ,062-229-8301,"[61445] 광주 동구 동명로 102 (지산동) 3, 4층",se2da84@gmail.com ,
398,강정훈,강정훈,姜政勳,1986.01.21,광주,변호사시험 6회,변호사강정훈법률사무소,062-232-2991 ,062-232-2994,[61441] 광주 동구 지산로 74-4 (지산동) 3층,dknight01@naver.com ,
397,김대성,김대성,金大成,1976.11.26,광주,변호사시험 6회,변호사김대성법률사무소,062-222-5205 ,062-222-5207,"[61445] 광주 동구 지산로63번길 3 (지산동, 요천빌딩) 3층",daesung703@hanmail.net ,
396,고혜주,고혜주,高惠珠,1987.05.29,광주,변호사시험 6회,변호사고혜주법률사무소,062-226-0031 ,062-226-5936,"[61637] 광주 남구 중앙로 87 (서동, 케이비씨광주방송) 11층",gpwngpwn22@naver.com ,
395,정한결,정한결,鄭한결,1987.10.19,광주,변호사시험 6회,변호사정한결법률사무소,062-233-9988 ,062-225-8941,[61445] 광주 동구 지산로 75 (지산동) ,kandsmin@hanmail.net ,
394,박정준,박정준,朴檉濬,1987.09.06,광주,변호사시험 6회,법무법인 서석,062-226-7400/1 ,"062-225-5310,5365",[501-150] 광주 동구 지산동 715-2 (법조타운 206호),jjpark06@naver.com ,
393,김주형,김주형,金柱亨,1976.07.07,광주,변호사시험 4회,법무법인 강율,062-229-6600 ,062-229-6603,"[61444] 광주 동구 준법로 6 , 2층(지산동)",kjuhyung@hanmail.net ,
391,김록영,김록영,金錄永,1974.02.11,광주,변호사시험 6회,변호사김록영법률사무소,062-223-7881 ,062-223-7888,[61441] 광주 동구 밤실로 19 (지산동) 2층,lawyoungkim@naver.com ,
390,조가연,조가연,趙佳娟,1990.02.24,광주,변호사시험 6회,변호사조가연법률사무소,062-229-0001 ,062-269-0004,"[61441] 광주 동구 지산로 70 (지산동, 동산빌딩) 3층",gayeanjo@naver.com ,
389,정성희,정성희,鄭聖熹,1986.02.28,광주,변호사시험 6회,법무법인(유한)바른길,062-381-0050 ,062-381-0260,"[502-827] 광주 서구 상무중앙로80 ,1층(치평동,전문건설회관)",shjung2017@gmail.com ,
388,최상철,최상철,崔相㬚,1988.11.06,광주,변호사시험 6회,법무법인(유한)바른길,062-381-0050 ,062-381-0260,"[61949] 광주 서구 상무중앙로 80 (치평동, 전문건설회관) 1층",dreamofstory@hanmail.net ,
387,양동성,양동성,梁東城,1972.08.09,광주,변호사시험 6회,변호사양동성법률사무소,062-222-0550 ,062-222-6272,[61440] 광주 동구 필문대로 213-1 (지산동) 2~3층,yang1905@hanmail.net ,
386,문병욱,문병욱,文秉煜,1988.06.23,광주,변호사시험 6회,법무법인 형제,062-233-8500 ,062-232-3200,"[61440] 광주 동구 동명로 107 (지산동, 금강빌딩) 4층 401호",moombam@naver.com ,
385,김용표,김용표,金容杓,1980.05.28,광주,변호사시험 6회,법무법인 뿌리,062-232-8583 ,062-232-8584,"[61445] 광주 동구 동명로 110 (지산동, 법조타운) 409호",scloud7@daum.net ,
384,김현도,김현도,金賢到,1982.03.22,광주,변호사시험 6회,법무법인 산,062-232-0003 ,062-232-1004,"[61441] 광주 동구 지산로 74-8,3층(지산동,심산빌딩)",great8221@nate.com ,
383,김성익,김성익,金星益,1988.11.07,광주,변호사시험 6회,법무법인 감동으로,062-223-0500 ,062-226-0500,"[61440] 광주 동구 동명로 107, 201호, 301호 (지산동, 금강빌딩)",ksi3198@hanmail.net ,
382,이강재,이강재,李剛載,1988.03.25,광주,변호사시험 6회,변호사이강재법률사무소,062-236-1200 ,062-236-1210,"[61445] 광주 동구 동명로 110 (지산동, 법조타운) ",lkj5612@naver.com ,
381,김승만,김승만,金昇萬,1988.01.22,광주,변호사시험 6회,법무법인 에이프로,062-222-0011 ,062-222-0013,"[61441] 광주 동구 지산로 74-8,4층(지산동,심산빌딩)",friendksm@hanmail.net ,
380,노준선,노준선,魯埈銑,1987.11.13,광주,변호사시험 6회,법무법인 법가,062-233-8070 ,062-224-3388,[61441] 광주 동구 지산로78번길 7 (지산동) ,lawyernoh@naver.com ,
379,박은상,박은상,朴垠相,1971.01.06,광주,사법시험 56회,법무법인 한경,062-449-4747 ,062-449-4748,"[61441] 광주 동구 지산로 88-1, 3층 (지산동)",cheetaa@daum.net ,
378,손진홍,손진홍,孫振鴻,1967.03.03,광주,사법시험 37회,변호사손진홍법률사무소,062-719-3115 ,062-719-3116,[61440] 광주 동구 동명로 109 (지산동) 신영빌딩 3층 변호사 손진홍 법률사무소,sonda33@naver.com ,
377,김문기,김문기,金文基,1980.10.24,광주,사법시험 56회,변호사김문기법률사무소,062-372-9686 ,062-372-9686,"[61101] 광주 북구 서강로 150 (운암동, 남양휴튼) 106동 302호",kunimi24@naver.com ,
376,윤형주,윤형주,尹炯珠,1982.09.20,광주,변호사시험 5회,변호사윤형주법률사무소,062-227-8662 ,062-228-8662,[61444] 광주 동구 준법로 10 (지산동) 3층,snowbolero@gmail.com ,
375,정성엽,정성엽,鄭聖燁,1982.10.12,광주,변호사시험 5회,법무법인 법승,062-719-4066 ,062-719-4068,[61440] 광주 동구 지산로 85 (지산동),jjddjsy@naver.com ,
374,김형주,김형주,金亨柱,1982.01.28,광주,변호사시험 5회,변호사김형주법률사무소,062-369-0688 ,062-369-0685,"[61961] 광주 서구 치평동 1306-4, 애니빌딩 2층",bootput2001@naver.com ,
373,김현재,김현재,金炫在,1978.02.15,광주,변호사시험 5회,법무법인 감동으로,062-223-0500 ,062-226-0500,"[61440] 광주 동구 동명로 107, 201호, 301호 (지산동, 금강빌딩)",xyzhj@naver.com ,
372,고주은,고주은,高主恩,1987.01.15,광주,변호사시험 5회,변호사고주은법률사무소,062-229-5022 ,062-229-5024,"[61947] 광주 서구 상무연하로 112 (치평동, 제갈량빌딩) B동 302호",kkomangine@naver.com ,
371,정세훈,정세훈,鄭世勳,1986.02.13,광주,변호사시험 2회,법무법인(유한)바른길,062-381-0050 ,062-381-0260,"[502-827] 광주 서구 상무중앙로80 ,1층(치평동,전문건설회관)",shjeongnj@daum.net ,
370,손성훈,손성훈,孫晟熏,1987.03.01,광주,변호사시험 5회,변호사손성훈법률사무소,062-223-7337 ,062-223-8181,[61445] 광주 동구 동명로 92 (지산동) 3층,lawson38@naver.com ,
369,이광원,이광원,李光原,1976.05.20,광주,변호사시험 5회,변호사이광원법률사무소,062-231-2300 ,062-228-2500,[61445] 광주 동구 동명로 106-2 (지산동) 2층,dazy222@hanmail.net ,
368,김춘호,김춘호,金椿浩,1982.10.31,광주,변호사시험 5회,공익변호사와 함께하는 동행,062-351-0518 ,062-443-2015,"[61910] 광주 서구 상무버들로40번길 18 , 상가동 2층 205호(유촌동, 상무버들마을1주공아파트)",hardlykchzw@hanmail.net ,
366,김석윤,김석윤,金錫允,1980.07.26,광주,변호사시험 5회,법무법인 이우스,062-236-3101 ,062-223-1472,[61440] 광주 동구 동명로 99 (지산동 ),seogyoon@naver.com ,
365,백준홍,백준홍,白準弘,1981.04.11,광주,변호사시험 5회,변호사백준홍법률사무소,062-224-7749 ,062-224-7747,[61440] 광주 동구 동명로 105 (지산동) 2층,hs100jh@hanmail.net ,
364,봉세환,봉세환,奉世煥,1982.06.19,광주,변호사시험 5회,법무법인 이우스,062-233-1600 ,062-223-1472,[61440] 광주 동구 동명로 99 (지산동),bonggreat@naver.com ,
363,남도현,남도현,南道鉉,1988.02.24,광주,변호사시험 5회,법무법인 맥,062-229-0300 ,062-229-0303,[61445] 광주 동구 동명로 106 (지산동) 4층,dh198@hanmail.net ,
362,선유주,선유주,宣柔朱,1990.04.28,광주,변호사시험 5회,법무법인 산,062-232-0003 ,062-232-1004,[61441] 광주 동구 지산로 74-8 (지산동) 심산빌딩 3층,uzooable@gmail.com ,
360,황용하,황용하,黃龍夏,1988.07.09,광주,변호사시험 5회,법무법인 태평,062-229-8300 ,062-229-8301,"[61445] 광주 동구 동명로 102 (지산동) 3,4층",yongha10@nate.com ,
359,김지연,김지연,金志涓,1987.06.03,광주,변호사시험 5회,공동법률사무소 미래, ,,[61440] 광주 동구 동명로 109-2 (지산동),chrofild@naver.com ,
358,강성문,강성문,姜成文,1983.07.14,광주,변호사시험 5회,변호사강성문법률사무소,062-223-7337 ,062-223-8181,[61445] 광주 동구 동명로 92 (지산동) 3층,ohifh12@gmail.com ,
357,이용화,이용화,李庸和,1986.11.11,광주,변호사시험 5회,법무법인 공감,062-222-5050 ,062-222-9400,"[501-838] 광주 동구 지산로73,5층 (지산동,동명빌딩)",yong.riders@gmail.com ,
356,박수영,박수영,朴修瑩,1988.08.12,광주,변호사시험 5회,법무법인(유한)바른길,062-232-0050 ,--,[61440] 광주 동구 동명로 101-1 (지산동),stienway@naver.com ,
355,김수지,김수지,金秀智,1988.02.18,광주,변호사시험 5회,법무법인 감동으로,062-223-0500 ,062-226-0500,"[61440] 광주 동구 동명로 107, 201호, 301호 (지산동, 금강빌딩)",myversion01@naver.com ,
354,이민지,이민지,李旼智,1985.01.16,광주,변호사시험 5회,변호사이민지법률사무소,062-229-0001 ,062-269-0004,[61441] 광주 동구 지산로 70 (지산동) 동산빌딩 3층,minjee2013@naver.com ,
353,오은송,오은송,吳銀頌,1988.12.31,광주,변호사시험 5회,법무법인 법가,062-233-8070 ,062-224-3388,[61441] 광주 동구 지산로78번길 7 (지산동),dmsthd1231@gmail.com ,
352,송희호,송희호,宋熙鎬,1959.03.28,광주,사법시험 32회,변호사송희호법률사무소,062-231-2300 ,062-228-2500,"[61445] 광주 동구 동명로 106-2, 2층(지산동)",sunsong21@gmail.com ,
351,고영석,고영석,高永錫,1970.06.12,광주,사법시험 43회,법무법인 이우스,062-233-1600 ,062-225-7800,[61440] 광주 동구 동명로 99(지산동) ,modern9743@hanmail.net ,
349,하재욱,하재욱,河在郁,1972.07.22,광주,사법시험 40회,변호사하재욱법률사무소,062-223-7337 ,062-223-8181,"[61445] 광주 동구 동명로 92 , 3층(지산동)",hayandorl@gmail.com ,
348,송기석,송기석,宋基錫,1963.10.28,광주,사법시험 35회,법무법인 감동으로,062-227-8500 ,062-227-8400,"[61440] 광주 동구 동명로 107, 201호, 301호 (지산동, 금강빌딩)", ,
347,조형래,조형래,趙炯來,1987.02.24,광주,변호사시험 4회,법무법인 법승,062-719-4066 ,062-719-4068,[61440] 광주 동구 지산로 85 (지산동),hyoungray@hanmail.net ,
346,박현웅,박현웅,朴炫雄,1987.01.24,광주,변호사시험 4회,변호사박현웅법률사무소,062-227-6200 ,062-233-0099,[61444] 광주 동구 지산로 62-2 (지산동),tswoong@naver.com ,
345,정찬욱,정찬욱,丁燦旭,1985.06.27,광주,변호사시험 4회,법무법인 맥,062-226-5112~4 ,062-226-5118,[61445] 광주 동구 동명로 106(지산동),intellpo125@naver.com ,
344,한창주,한창주,韓昌周,1982.10.22,광주,변호사시험 4회,변호사한창주법률사무소,062-606-1014 ,062-606-1099,[61219] 광주 북구 서암대로 205(중흥동),hanc100@hanmail.net ,
343,김나윤,김나윤,金拏潤,1971.12.15,광주,변호사시험 4회,변호사김나윤법률사무소,062-227-0888 ,062-227-0889,[61445] 광주 동구 동명로 108 (지산동) 2층,nayunking@naver.com ,
342,안샘물,안샘물,安샘물,1982.06.24,광주,변호사시험 1회,변호사안샘물법률사무소,070-5070-1122 ,062-251-5524,"[61949] 광주 서구 상무중앙로72번길 3 (치평동, 화신빌딩2) 2층",lawyersam2012@gmail.com ,
341,류리,류리,柳리,1987.03.15,광주,변호사시험 4회,법무법인 민,062-233-7900 ,062-223-7901,"[61441] 광주 동구 준법로 1 , 3층(지산동)",butabout@naver.com ,
340,나은정,나은정,羅恩貞,1988.12.13,광주,변호사시험 4회,변호사나은정법률사무소,062-232-0050 ,062-232-1305,"[61440] 광주 동구 동명로 101-1, 2층(지산동, 변호사회관)",nejd13@naver.com ,
339,장효인,장효인,張孝仁,1989.07.11,광주,변호사시험 4회,변호사장효인법률사무소,062-375-9111 ,062-376-9111,[61969] 광주 서구 상무대로 935 (쌍촌동) 2층,lawyerhi2204@gmail.com ,
338,김종귀,김종귀,金鍾貴,1965.03.31,광주,변호사시험 4회,송훈 공동법률사무소,062-227-8662 ,062-228-8662,"[61444] 광주 동구 준법로 10, 3층(지산동)",jonggwi21@hanmail.net ,
337,최명수,최명수,崔明洙,1974.09.20,광주,변호사시험 4회,변호사최명수법률사무소,062-223-7705 ,062-223-7703,"[61445] 광주 동구 동명로 110 (지산동, 법조타운) 315호",9374cms@hanmail.net ,
336,김경은,김경은,金敬恩,1980.04.28,광주,변호사시험 4회,변호사김경은법률사무소,062-234-0119 ,062-234-5119,[61444] 광주 동구 준법로 12 (지산동) 3층,kke2kke@naver.com ,
334,박규연,박규연,朴圭涓,1987.02.23,광주,변호사시험 4회,변호사박규연법률사무소,062-226-0031 ,062-226-5936,"[61637] 광주 남구 중앙로 87 (서동, 케이비씨광주방송) 11층",rogerskypark@gmail.com ,
333,김형렬,김형렬,金炯烈,1965.05.02,광주,사법시험 35회,변호사김형렬법률사무소,062-227-0600 ,062-227-0601,[501-838] 광주 동구 지산로 73(지산동),usi004@naver.com ,
332,이대규,이대규,李大揆,1961.01.07,광주,변호사시험 4회,변호사이대규법률사무소,062-714-2525 ,062-714-2526,"[61440] 광주 동구 동명로 101-1,301호(지산동,광주지방변호사회관)",bitgol@yahoo.co.kr ,
331,이고은,이고은,李高恩,1988.01.23,광주,변호사시험 4회,법무법인 무등,062-226-7900 ,062-226-7901,"[61445] 광주 동구 동명로 106-2 , 3층, 4층(지산동)",ke880123@hanmail.net ,
330,홍지은,홍지은,洪知恩,1981.01.07,광주,변호사시험 4회,법무법인 지음,062-227-2227 ,062-227-1113,[61445] 광주 동구 동명로 110 법조타운 203호,nanjo1981@gmail.com ,
329,한아름,한아름,韓아름,1986.09.09,광주,변호사시험 4회,변호사한아름법률사무소,062-719-3115 ,062-719-3116,[61440] 광주 동구 동명로 109 (지산동) 신영빌딩 3층,arumming@hanmail.net ,
328,천나리,천나리,千나리,1982.04.27,광주,변호사시험 4회,법무법인 감동으로,062-223-0500 ,062-226-0500,"[61440] 광주 동구 동명로 107, 201호, 301호 (지산동, 금강빌딩)",paris198204@hanmail.net ,
327,백동근,백동근,白東根,1984.07.31,광주,변호사시험 4회,법무법인 뿌리,062-232-8583 ,062-232-8584,"[61445] 광주 동구 동명로 110, 409호(지산동, 법조타운)",neobdg@hanmail.net ,
326,강서준,강서준,姜舒竣,1980.12.12,광주,변호사시험 4회,강문 공동법률사무소,062-236-2224 ,062-236-2225,"[61441] 광주 동구 지산로 70, (지산동, 동산빌딩)",lawyergd@naver.com ,
325,오광표,오광표,吳光杓,1980.02.10,광주,변호사시험 4회,공동법률사무소 미래, ,,[61440] 광주 동구 동명로 109-2 (지산동),lacrima7@hanmail.net ,
324,정철진,정철진,鄭哲辰,1976.02.01,광주,변호사시험 4회,변호사정철진법률사무소,062-375-9111 ,062-376-9111,[61969] 광주 서구 상무대로 935 (쌍촌동) 2층,heishonest@naver.com ,
323,문창민,문창민,文暢敏,1982.03.30,광주,변호사시험 4회,강문 공동법률사무소,062-236-2224 ,062-236-2225,"[61441] 광주 동구 지산로 70, (지산동, 동산빌딩)",lawmcm@hanmail.net ,
322,이원택,이원택,李原宅,1977.04.30,광주,변호사시험 4회,법률사무소 이해,062-229-7500 ,062-229-7007,"[61441] 광주 동구 지산로 74-8,401호(지산동,심산빌딩)",sisyphus002@daum.net ,
321,박생환,박생환,朴生煥,1976.02.18,광주,변호사시험 4회,공동법률사무소 미래, ,,[61440] 광주 동구 동명로 109-2 (지산동),hikaru25@hanmail.net ,
320,조선희,조선희,趙善姬,1978.08.09,광주,변호사시험 4회,변호사조선희법률사무소,062-234-7417 ,062-234-7418,"[61440] 광주 동구 동명로 107 (지산동, 금강빌딩) 4층",78chosh@hanmail.net ,
318,박철,박철,朴哲,1977.09.02,광주,변호사시험 4회,법무법인 법가,062-233-8070 ,062-224-3388,[501-150] 광주 동구 지산동 342-12,pcgranfa@hanmail.net ,
317,장은백,장은백,張銀柏,1978.08.12,광주,변호사시험 4회,법무법인 이우스,062-233-1600 ,062-233-1472,[61440] 광주 동구 동명로 99 (지산동),airjack1@naver.com ,
316,조한진,조한진,趙漢鎭,1981.08.15,광주,변호사시험 4회,변호사조한진법률사무소,-- ,--,"[61003] 광주 북구 추암로 249 (월출동, 테크노파크) 광주이노비즈센터 906호",pen815@naver.com ,
315,류노엘,류노엘,柳노엘,1983.11.08,광주,변호사시험 4회,법무법인 맥,062-226-5112~4 ,062-226-5118,[61445] 광주 동구 동명로 106(지산동) ,noelryou@gmail.com ,
314,강기원,강기원,姜起遠,1981.12.14,광주,변호사시험 4회,법률사무소 시원,062-229-0001 ,062-269-0004,"[61441] 광주 동구 지산로 70,3층(지산동,동산빌딩)",dasol1032@hanmail.net ,
313,신유리,신유리,申有利,1984.02.12,광주,변호사시험 2회,변호사신유리법률사무소, ,,"[501-838] 광주 동구 동명로 110,508호(지산동,법조타운)",yulbong84@naver.com ,
312,조인형,조인형,趙仁衡,1965.01.14,광주,사법시험 33회,변호사조인형법률사무소, ,,[501-838] 광주 동구 지산로73번길 동명빌딩 3층,dohole2742@naver.com ,
310,장정희,장정희,張正熙,1968.09.16,광주,사법시험 38회,법무법인 감동으로,062-223-0500 ,062-226-0500,"[61440] 광주 동구 동명로 107, 201호, 301호 (지산동, 금강빌딩)",jangdog2@naver.com ,
309,곽민섭,곽민섭,郭珉燮,1965.12.23,광주,사법시험 37회,변호사곽민섭법률사무소,062-228-2266 ,062-228-2267,"[501-838] 광주 동구 지산로 70,401호(지산동,동산빌딩)",gms2266@naver.com ,
308,한종수,한종수,韓宗秀,1974.05.25,광주,사법시험 54회,변호사한종수법률사무소,062-222-2015 ,062-223-2015,"[501-838] 광주 동구 준법로 3-10,2층(지산동,신세계빌딩)",hjs267@hanmail.net ,
307,장병우,장병우,張秉佑,1954.09.15,광주,사법시험 24회,법무법인 시율,062-236-5333 ,062-236-5336,"[61445] 광주 동구 지산로 73 (지산동) 402호, 403호(지산동)",bwjang2015@daum.net ,
306,김정훈,김정훈,金正勳,1977.09.26,광주,변호사시험 3회,변호사김정훈법률사무소,062-714-2114 ,062-714-2333,"[61441] 광주 동구 밤실로 19, 3층(지산동, 크라운빌딩)",helplaw22@gmail.com ,
305,양한열,양한열,梁漢烈,1982.05.31,광주,변호사시험 3회,법무법인(유한)바른길,062-232-0050 ,062-232-1305,"[501-838] 광주 동명로 101-1, 1층,2층(지산동,광주지방변호사회관)",yanglaw2014@naver.com ,
303,최목,최목,崔睦,1984.11.13,광주,변호사시험 3회,법무법인 이십일세기종합법률사무소,062-227-3001 ,062-227-3055,"[501-838] 광주 동구 동명로 101-1,4층(지산동,광주지방변호사회관)",kissprimero@naver.com ,
302,기효진,기효진,奇孝珍,1983.09.10,광주,변호사시험 3회,법무법인 형제,062-233-8500 ,062-232-3200,"[501-838] 광주 동구 동명로107,401호 (지산동,금강빌딩)",metis0910@naver.com ,
301,김일희,김일희,金一熙,1979.11.30,광주,변호사시험 1회,공동법률사무소 나루,062-223-9900 ,062-223-9922,"[61440] 광주 동구 지산로 85, 2층 (지산동, 서동빌딩)",kim1hee@naver.com ,
299,최상현,최상현,崔湘玄,1979.05.29,광주,변호사시험 3회,변호사최상현법률사무소,062-234-7000 ,062-234-2277,"[61445] 광주 동구 지산로 69, 2층(지산동)",choishman@gmail.com ,
298,정경준,정경준,鄭京俊,1984.02.24,광주,변호사시험 1회,온리 법률사무소,062-226-0031 ,062-226-5936,"[61637] 광주 남구 중앙로 87 , 11층(서동, kbc광주방송)",lawyer@gmail.com ,
297,김효관,김효관,金孝官,1978.01.30,광주,변호사시험 3회,변호사김효관법률사무소,062-710-5375 ,062-710-5376,[61440] 광주 동구 동명로 11 1 (지산동),lex5375@hanmail.net ,
296,김현무,김현무,金炫武,1971.09.28,광주,변호사시험 3회,변호사김현무법률사무소,062-229-3900 ,062-229-3901,"[61441] 광주 동구 밤실로 19, 4층(지산동, 크라운빌딩)",khm5potato@hanmail.net ,
295,고영현,고영현,高永賢,1981.02.16,광주,변호사시험 3회,,062-229-3900 ,062-229-3901,"[61441] 광주 동구 밤실로 19 (지산동, 크라운빌딩 )",cat017@hanmail.net ,
294,박철민,박철민,朴哲民,1981.05.28,광주,변호사시험 3회,법률사무소 양현,062-225-2233 ,062-226-3311,"[61441] 광주 동구 지산로 70 (지산동, 2층)",realstory00@gmail.com ,
293,오현석,오현석,吳泫錫,1977.06.28,광주,변호사시험 3회,변호사오현석법률사무소,062-233-3322 ,062-233-3321,[61445] 광주 동구 동명로 114 (지산동) 3층,gallag77@naver.com ,
292,오대한,오대한,吳大韓,1981.01.27,광주,변호사시험 3회,변호사오대한법률사무소,062-714-1242 ,062-714-1252,[61443] 광주 동구 밤실로 20-1(지산동),willy27@naver.com ,민사법 (2017-12-04)
291,정은혜,정은혜,鄭恩惠,1984.03.09,광주,변호사시험 3회,법무법인 맥,062-226-5112~4 ,062-226-5118,[61445] 광주 동구 동명로 106(지산동),rjeh1234@hanmail.net ,
290,이현경,이현경,李賢璟,1986.12.19,광주,변호사시험 3회,변호사이현경법률사무소,062-719-1071 ,062-719-1072,"[502-153] 광주 서구 회재로 774,2층(매월동)",hhkk2014@naver.com ,
289,이상엽,이상엽,李相燁,1979.04.07,광주,변호사시험 3회,변호사이상엽법률사무소,062-229-3007 ,062-229-3008,[61441] 광주 동구 지산로 74-8 (지산동) 202호(광주고등법원국선전담변호사사무실),llicasr@daum.net ,
288,오두일,오두일,吳鋀一,1980.12.28,광주,변호사시험 3회,변호사 추동기·오두일 법률사무소,062-232-0082 ,062-232-0155,"[61445] 광주 동구 동명로 110.405호(지산동,법조타운)",duily5212@hanmail.net ,
287,정다은,정다은,鄭다은,1986.09.18,광주,변호사시험 3회,법무법인 산,062-232-0003 ,062-232-1004,"[61441] 광주 동구 지산로 74-8,3층(지산동,심산빌딩)",dada-2204@hanmail.net ,
286,서명심,서명심,徐明心,1973.08.26,광주,변호사시험 3회,변호사서명심법률사무소,062-227-7223 ,062-227-7224,"[501-838] 광주 동구 지산로 70,1층2호(지산동)",ddochisms@naver.com ,
285,신현웅,신현웅,申賢雄,1980.01.06,광주,사법시험 53회,변호사신현웅법률사무소,062-608-0346 ,062-608-0349,"[500-863] 광주 북구 금재로 30,5층(유동,금강빌딩)",likeblast@naver.com ,
284,이정훈,이정훈,李政勳,1984.01.25,광주,사법시험 53회,정진 공동법률사무소,062-224-0085 ,062-716-0086,"[61445] 광주 동구 지산로 73, 501호(지산동, 동명빌딩)",luckyljh@hanmail.net ,
283,김상헌,김상헌,金相憲,1975.04.20,광주,변호사시험 1회,변호사김상헌법률사무소,062-418-8817 ,062-232-8290,"[501-150] 광주 동구 지산로 110,508호(지산동,법조타운)",bunko12@hanmail.net ,
281,이광재,이광재,李光宰,1970.02.27,광주,변호사시험 1회,법률사무소 이해,062-229-7500 ,062-229-7007,"[61441] 광주 동구 지산로 74-8,401호(지산동,심산빌딩)",mr_kjlee@daum.net ,
279,안순례,안순례,安順禮,1982.11.21,광주,사법시험 53회,법무법인 정훈,062-228-7878 ,062-228-7879,"[61445] 광주 동구 지산로63번길 3, 2층(지산동, 요천법조빌딩)",153023293asl@hanmail.net ,
278,강신중,강신중,姜信仲,1961.12.23,광주,사법시험 28회,법무법인 강율,062-229-6600~2 ,062-229-6603,"[501-836] 광주 동구 준법로 6,2층(지산동)",ksjlaw@naver.com ,
277,문방진,문방진,文汸鎭,1968.03.28,광주,사법시험 36회,법무법인 맥,062-226-5112~4 ,062-226-5118,[61445] 광주 동구 동명로 106(지산동),mudeong@naver.com ,
276,최용석,최용석,崔容碩,1977.04.08,광주,사법시험 53회,법무법인 로컴,062-236-0001 ,062-236-2803,[501-150] 광주 동구 지산동 708-33,mirstone21@hanmail.net ,
275,송길용,송길용,宋吉龍,1966.12.05,광주,사법시험 30회,법무법인 태평,062-229-8300 ,062-229-8301,"[61445] 광주 동구 동명로 102 , 3층, 4층(지산동)",ryongsk@hanmail.net ,
274,강남석,강남석,姜男錫,1976.02.05,광주,사법시험 46회,변호사강남석법률사무소,062-232-3836 ,062-232-3837,[61441] 광주 동구 준법로 1 (지산동) 4층,leiter1@naver.com ,
273,정훈재,정훈재,鄭訓在,1976.01.15,광주,변호사시험 2회,변호사정훈재법률사무소,062-264-7735 ,062-264-7732,[61445] 광주 동구 동명로 114 (지산동) 4층, ,
270,이형두,이형두,李炯斗,1980.11.11,광주,변호사시험 2회,변호사이형두법률사무소,062-226-1114 ,062-226-1115,"[61445] 광주 동구 동명로 110 (지산동, 법조타운) 416호",aimaker@naver.com ,
269,문영곤,문영곤,文煐坤,1984.03.27,광주,변호사시험 2회,변호사문영곤법률사무소,062-227-7788 ,062-227-7784,"[61445] 광주 동구 동명로 110,512호(지산동,법조타운)",statesman21c@hanmail.net ,
268,강부원,강부원,姜富元,1974.05.28,광주,변호사시험 2회,서강 공동법률사무소,062-228-9600 ,062-228-9601,"[61445] 광주 동구 지산로 63, 4층 (지산동)",kbw9379@naver.com ,
267,이건호,이건호,李建昊,1978.11.10,광주,변호사시험 2회,변호사이건호법률사무소,062-225-5042 ,062-225-5044,"[61445] 광주 동구 동명로 110 (지산동, 법조타운) 504호",kunho1978@gmail.com ,
266,송창운,송창운,宋昶抎,1978.11.09,광주,변호사시험 2회,무진 공동 법률사무소,062-222-2100 ,062-223-2101,"[61441] 광주 동구 지산로 74-8 , 501호(지산동, 심산빌딩)",margel154@naver.com ,
265,윤진희,윤진희,尹珍熙,1982.03.16,광주,변호사시험 2회,변호사윤진희법률사무소,062-418-4667 ,062-232-8290,"[501-838] 광주 동구 동명로 110,508호(지산동,법조빌딩)",youlawyer@naver.com ,
264,서상엽,서상엽,徐相葉,1980.10.30,광주,변호사시험 2회,변호사서상엽법률사무소,062-447-3002 ,062-232-8290,"[501-838] 광주 동구 동명로 110,508호(지산동,법조타운)",yupsuh@gmail.com ,
263,김기호,김기호,金琪虎,1978.10.18,광주,변호사시험 2회,변호사김기호법률사무소,062-716-8290 ,062-232-8290,"[61445] 광주 동구 동명로 110 (지산동, 법조타운) 508호",lawmate4u@naver.com ,
262,박동하,박동하,朴東河,1973.10.19,광주,변호사시험 2회,변호사박동하법률사무소,062-444-0040 ,062-444-0043,"[502-779] 광주 서구 시청로96번길 15,101호102호(치평동,로잔티움파크)",g4440040@naver.com ,
261,이은실,이은실,李恩實,1987.07.30,광주,변호사시험 2회,법무법인 지산,062-223-6300 ,062-375-6308,[502-828] 광주 서구 상무대로 759(치평동),lesil@jisanlawfirm.com ,
260,정창웅,정창웅,鄭昶雄,1982.12.24,광주,사법시험 51회,변호사정창웅법률사무소,062-224-0012 ,062-224-0013,"[61445] 광주 동구 동명로 106-2,5층(지산동,법연빌딩)",lawjcw@nate.com ,
259,이수학,이수학,李秀鶴,1968.11.27,광주,변호사시험 2회,변호사이수학법률사무소,062-223-9999 ,062-224-9998,[501-150] 광주 동구 지산동 373-8(2층),law2239999@naver.com ,
258,노지연,노지연,魯枝鍊,1982.03.30,광주,변호사시험 2회,변호사노지연법률사무소,062-385-8502 ,062-385-8503,"[61946] 광주 서구 시청로96번길 15 (치평동, 로잔티움파크) 112호",noji0330@gmail.com ,가사법 (2017-12-04)
257,임지훈,임지훈,林志勳,1978.09.26,광주,사법시험 52회,변호사임지훈법률사무소,062-224-8100 ,062-224-8101,[61444] 광주 동구 준법로 12 (지산동) 2층,boro78@naver.com ,
256,노신욱,노신욱,盧信煜,1984.10.01,광주,변호사시험 2회,변호사노신욱법률사무소,062-227-0600 ,062-227-0601,"[61445] 광주 동구 지산로 73 , 203호(지산동, 동명빌딩)",lawnsw1001@gmail.com ,
254,정준호,정준호,鄭俊鎬,1980.05.03,광주,사법시험 49회,법무법인 평우,062-234-4100 ,062-234-4109,"[61440] 광주 동구 동명로 109 , 2층(지산동)",jhj@hanbl.co.kr ,
253,이종완,이종완,李宗完,1981.11.24,광주,사법시험 49회,변호사이종완법률사무소, ,,"[501-838] 광주 동구 동명로 108, 1층(지산동)",daehanjungang@gmail.com ,건설법 (2016-11-28)
252,이봉수,이봉수,李峰秀,1983.02.16,광주,사법시험 52회,변호사이봉수법률사무소,062-229-7893 ,062-229-7894,[61445] 광주 동구 동명로 108 (지산동) 대한중앙빌딩 3층,lawlbs@hanmail.net ,
251,김준성,김준성,金俊成,1970.06.25,광주,사법시험 39회,변호사김준성법률사무소,062-233-3030 ,062-232-0015,[501-838] 광주 동구 지산동 714-20(광주지방변호사회관3층303호),lawsense@hanmail.net ,
250,신광섭,신광섭,申光燮,1972.05.15,광주,사법시험 52회,법무법인 맥,062-226-5112~4 ,062-226-5118,[61445] 광주 동구 동명로 106(지산동),sks4811@naver.com ,
249,최경욱,최경욱,崔京旭,1978.11.28,광주,사법시험 52회,변호사최경욱법률사무소,"062-233-0311,2 ",062-233-0313,"[61441] 광주 동구 지산로78번길 5-1, 4층(지산동)",myrivers@naver.com ,
248,최형주,최형주,崔亨朱,1978.10.14,광주,사법시험 52회,변호사최형주법률사무소,062-229-5022 ,062-229-5024,"[61947] 광주 서구 상무연하로 112 (치평동, 제갈량빌딩) B동 302호",chjlawyer@naver.com ,
247,노로,노로,盧爐,1968.06.03,광주,사법시험 39회,법무법인 맥,062-229-0300 ,062-229-0303,[61445] 광주 동구 동명로 106(지산동) ,conana007@hanmail.net ,
246,이새라,이새라,李새라,1980.02.16,광주,변호사시험 1회,법무법인 안양,062-226-0889 ,062-226-5453,[501-150] 광주 동구 지산동 718-9,saeradd@hanmail.net ,
244,김성진,김성진,金成珍,1981.01.30,광주,변호사시험 1회,법무법인 여는,"062-527-2005,3005 ",062-527-2006,"[506-303] 광주 광산구 앰코로 35,3층(쌍암동,폭스존)",sjin0100@hanmail.net ,
243,김민지,김민지,金玟址,1984.07.01,광주,변호사시험 1회,정진 공동법률사무소,062-224-0085 ,062-716-0086,"[61445] 광주 동구 지산로 73, 501호(지산동, 동명빌딩)",woorinee@naver.com ,
241,박주영,박주영,朴奏泳,1981.10.05,광주,변호사시험 1회,변호사박주영법률사무소,062-229-3007 ,062-229-3008,[61441] 광주 동구 지산로 74-8 (지산동) 202호,jju-1005@nate.com ,
240,양은숙,양은숙,梁恩淑,1980.01.20,광주,사법시험 51회,변호사양은숙법률사무소,062-225-2023 ,062-225-2024,[61441] 광주 동구 지산로78번길 3 (지산동) 2층,withwn7@naver.com ,이혼 (2016-02-11)
239,김세련,김세련,金洗蓮,,광주,변호사시험 1회,변호사김세련법률사무소,062-239-6265 ,062-239-6299,[501-811] 광주 동구 대인동 7-12 (광주은행본점빌딩),kurumsai@hanmail.net ,
238,이동기,이동기,李東畿,1982.07.29,광주,사법시험 51회,변호사이동기법률사무소, ,,"[61445] 광주 동구 동명로 110,414호(지산동,법조타운)",elicxa@hanmail.net ,
237,주명희,주명희,朱明姬,1969.10.01,광주,변호사시험 1회,변호사주명희법률사무소,-- ,--,"[62389] 광주 광산구 어등대로647번길 32 (소촌동, 송광파크맨션) 201동 1110호",mychu2001@naver.com ,
236,최종명,최종명,崔鐘明,1982.09.10,광주,변호사시험 1회,변호사최종명법률사무소,010-4759-0723 ,050-4416-0723,"[61445] 광주 동구 동명로 110 (지산동, 법조타운) 416호",goodshape@naver.com ,
235,송수아,송수아,宋秀娥,1979.01.07,광주,사법시험 51회,법무법인 민주로,"062-225-3341,2 ",062-225-3343,"[61440] 광주 동구 동명로 107,202호(지산동)",shring012@hanmail.net ,
234,임정훈,임정훈,林正勳,1977.12.26,광주,변호사시험 1회,법률사무소 人(인),062-229-1727 ,062-229-1728,"[501-150] 광주 동구 지산로 70,2층(지산동)",ijunghun95@gmail.com ,
233,정우중,정우중,鄭祐仲,1981.07.28,광주,변호사시험 1회,변호사정우중법률사무소,062-229-1727 ,062-229-1728,[61441] 광주 동구 지산로 70 (지산동) 2층,jeong0728@gmail.com ,
232,김경욱,김경욱,金敬旭,1983.10.24,광주,변호사시험 1회,변호사김경욱법률사무소,062-719-3311 ,062-719-3312,"[61440] 광주 동구 동명로 109 (지산동, 신영빌딩) 1층",myliszt7@hanmail.net ,
231,송지현,송지현,宋知炫,1961.04.11,광주,변호사시험 1회,변호사송지현법률사무소,062-222-8825 ,062-222-8827,"[61947] 광주 서구 상무연하로 112 (치평동, 제갈량빌딩) 제B동 109호",8825song@naver.com ,이혼 (2015-06-29)
230,김민표,김민표,金珉杓,1979.03.19,광주,변호사시험 1회,법률사무소 人(인),062-229-1727 ,062-229-1728,"[501-838] 광주 동구 지산로 70,2층(지산동)",kimmp319@gmail.com ,
228,박충배,박충배,朴忠培,1979.09.25,광주,변호사시험 1회,서강 공동법률사무소,062-228-9600 ,062-228-9601,"[61445] 광주 동구 지산로 63, 4층 (지산동)",lawpark79@hanmail.net ,
227,김철수,김철수,金哲秀,1977.10.20,광주,변호사시험 1회,법무법인 시율,062-233-7701 ,062-233-7708,"[61445] 광주 동구 지산로 73 (지산동) 402호, 403호(지산동)",kimcheolsu@daum.net ,
226,차현영,차현영,車炫咏,1981.09.18,광주,변호사시험 1회,법무법인 맥,062-229-1111 ,062-229-1122,[61445] 광주 동구 동명로 106(지산동),cha918@hanmail.net ,
224,이성숙,이성숙,李成淑,1979.10.29,광주,변호사시험 1회,변호사이성숙법률사무소,062-714-1649 ,062-714-1648,[61441] 광주 동구 준법로 31 (지산동 ) 2층,hanle79@naver.com ,
223,황준홍,황준홍,黃濬弘,1981.01.18,광주,사법시험 51회,변호사황준홍법률사무소,062-418-4103 ,062-236-4103,"[61441] 광주 동구 밤실로 21 , 2층(지산동)",genie4103@hanmail.net ,형사법 (2016-03-21)
222,정문수,정문수,鄭文秀,1968.08.12,광주,사법시험 39회,법무법인 소리,062-224-5550~2 ,062-224-5558,"[501-838] 광주 동구 동명로 110,509호(지산동,법조타운)",suaabba@hanmail.net ,
221,박연재,박연재,朴連在,1952.04.06,광주,사법시험 49회,변호사박연재법률사무소,062-236-1919 ,062-236-1717,[501-150] 광주 동구 지산동 373-6(4층),parkyj@kbs.co.kr ,
220,이재강,이재강,李載康,1958.03.21,광주,사법시험 28회,변호사이재강법률사무소,062-236-1200 ,062-236-1210,[501-150] 광주 동구 지산동 715-2(법조타운201호),jklee9264@hanmail.net ,
219,박구용,박구용,朴久用,1979.11.13,광주,사법시험 51회,법무법인 정훈,062-228-7878 ,062-228-7879,"[61445] 광주 동구 지산로63번길 3,2층(지산동,요천빌딩)",ppp8902@hanmail.net ,
218,김정우,김정우,金正宇,1978.01.05,광주,사법시험 51회,법무법인 민주로,"062-225-3341,2 ",062-225-3343,"[61440] 광주 동구 동명로 107,202호(지산동)",lawpass96@hanmail.net ,
217,최대연,최대연,崔대연,1981.06.13,광주,사법시험 51회,변호사최대연법률사무소,062-222-5511 ,062-222-5515,[501-150] 광주 동구 동명로 110(지산동),eodus211@naver.com ,
216,문종욱,문종욱,文鍾郁,1980.08.23,광주,사법시험 51회,변호사문종욱법률사무소,062-236-0153 ,062-236-0154,"[501-838] 광주 동구 동명로 102,2층(지산동,두암빌딩)",mlancer@hanmail.net ,
215,임형모,임형모,任亨模,1972.02.16,광주,사법시험 51회,"변호사 임형모, 김동관 공동법률사무소","062-224-8806,7 ",062-224-8803,"[61441] 광주 동구 준법로 5 , 2층(지산동)",hammerhouse@hanmail.net ,
214,김동관,김동관,金東冠,1974.08.08,광주,사법시험 51회,"변호사 임형모, 김동관 공동법률사무소","062-224-8806,7 ",062-224-8803,"[61441] 광주 동구 준법로 5 , 2층(지산동)",kwan2001@hanmail.net ,
213,권오성,권오성,權五星,1974.10.02,광주,사법시험 43회,법무법인 맥,062-226-5112~4 ,062-226-5118,[61445] 광주 동구 동명로 106(지산동),ohsungkk@gmail.com ,
212,김진상,김진상,金鎭相,1948.07.19,광주,사법시험 26회,법무법인 서석,062-226-7400 ,062-225-5310,[501-150] 광주 동구 지산동 715-2(법조타운206호), ,
210,김재현,김재현,金宰賢,1980.06.25,광주,사법시험 47회,법률사무소 양현,062-225-2233 ,062-226-3311,"[61441] 광주 동구 지산로 70 (지산동, 2층)",80president@daum.net ,가사법 (2014-12-29)
208,김자경,김자경,金子庚,1982.03.21,광주,사법시험 50회,변호사김자경법률사무소,062-418-4103 ,062-236-4103,[61441] 광주 동구 밤실로 21 (지산동) 2층,200012205@hanmail.net ,형사법 (2016-03-21)
207,조재건,조재건,曺在巾,1965.02.06,광주,사법시험 34회,법무법인 맥,062-226-5112~4 ,062-226-5118,[61445] 광주 동구 동명로 106(지산동),lawcho@hanmail.net ,
206,정갑주,정갑주,鄭甲柱,1954.12.31,광주,사법시험 19회,법무법인(유한)바른길,062-232-0050 ,062-232-1305,"[501-838] 광주 동구 동명로 101-1,2층(지산동,변호사회관)",ckjcrt@naver.com ,
205,김도근,김도근,金度槿,1972.10.17,광주,사법시험 36회,변호사김도근법률사무소,062-227-6200 ,062-233-0099,"[61444] 광주 동구 지산로 62-2,2층(지산동)",kdk123456@nate.com ,
204,김병하,김병하,金丙夏,1957.10.09,광주,사법시험 25회,변호사김병하법률사무소,062-236-0046 ,062-225-5959,[501-150] 광주 동구 지산동 708-33(로컴빌딩2층),kbhlaw2011@naver.com ,
203,서애련,서애련,徐愛蓮,1974.07.14,광주,사법시험 40회,법무법인 이우스,062-233-1600 ,062-225-7800,[501-838] 광주 동구 동명로 99(지산동),sal0714@hanmail.net ,
202,서성일,서성일,徐聖一,1970.03.29,광주,사법시험 50회,법무법인 민주로,062-228-7878 ,062-228-7879,"[61440] 광주 동구 동명로 107,202호(지산동)",law2011@hanmail.net ,
201,김영신,김영신,金英信,1978.12.09,광주,사법시험 49회,변호사김영신법률사무소,062-223-8609 ,062-223-8608,[61440] 광주 동구 동명로 105 (지산동) 2층,yskim-law@naver.com ,
200,최지현,최지현,崔智賢,1972.08.10,광주,사법시험 49회,변호사최지현법률사무소,062-385-1472 ,062-385-1478,"[61946] 광주 서구 시청로96번길 12 (치평동, 골든빌오피스텔) 101-B",springlory@hanmail.net ,가사법 (2017-11-06)
199,이병주,이병주,李炳柱,1970.09.27,광주,사법시험 41회,법무법인 이우스,062-233-1600 ,062-225-7800,[501-838] 광주 동구 동명로 99(지산동),lawyerlee@hanmail.net ,
198,구길선,구길선,具吉善,1961.09.02,광주,사법시험 25회,변호사구길선법률사무소,062-222-5205 ,062-222-5207,[501-150] 광주 동구 지산동 434-2 (요천법조타운 3층),jkskoo@naver.com ,
197,지미경,지미경,池美京,1973.10.25,광주,사법시험 49회,변호사지미경법률사무소,062-234-0991 ,062-234-0992,"[501-836] 광주 동구 준법로 10-1,2층(지산동)",cmk0991@naver.com ,
196,전호천,전호천,田浩千,1962.02.03,광주,사법시험 28회,변호사전호천법률사무소,062-229-1126 ,062-229-1127,"[61445] 광주 동구 지산로 73 (지산동, 동명빌딩) 108호",hcjeon1000@naver.com ,
195,김대희,김대희,金大熙,1982.01.19,광주,사법시험 49회,공동법률사무소 형통,062-382-9779 ,062-382-9776,[61946] 광주 서구 시청로96번길 15(치평동),kaiser0119@hanmail.net ,
194,김관재,김관재,金琯在,1953.07.13,광주,사법시험 17회,법률사무소 시원,062-229-0001 ,062-269-0004,"[61441] 광주 동구 지산로 70,3층(지산동,동산빌딩)",0001kkj@naver.com ,
193,김혜민,김혜민,金慧敏,1983.03.03,광주,사법시험 49회,공동법률사무소 형통,062-382-9779 ,062-382-9776,[502-779] 광주 서구 치평동 1206-3 (로잔티움파크1층105호) ,heimin33@naver.com ,이혼 (2014-05-26)
192,서종표,서종표,徐宗杓,1973.06.08,광주,사법시험 49회,법무법인 21세기종합법률사무소,062-224-0004 ,062-224-0005,[501-150] 광주 동구 지산동 714-20 (변호사회관 5층),sjongp@hanmail.net ,
191,김지현,김지현,金智炫,1975.05.19,광주,사법시험 49회,"변호사 정인기, 김지현 법률사무소",062-224-6688 ,062-227-9200,"[501-835] 광주 동구 지산로 74-8(지산동,심산빌딩2층)",elihoo75@naver.com ,
190,최창배,최창배,崔倉培,1967.06.03,광주,사법시험 49회,법무법인 로컴,062-232-2213 ,062-236-2803,[501-150] 광주 동구 지산동 708-33,pdrccb@hanmail.net ,
189,서지훈,서지훈,徐智勳,1974.10.31,광주,사법시험 49회,법무법인 소리, ,,"[61947] 광주 서구 상무연하로 112, B동 604호 (치평동, 제갈량빌딩)",jihoon8459@naver.com ,가사법 (2017-10-11);형사법 (2017-11-06)
188,유종민,유종민,劉宗珉,1974.07.11,광주,사법시험 49회,변호사유종민법률사무소,062-232-3121 ,062-232-3122,[501-150] 광주 동구 지산2동 708-30 (2층),min9090ok@hanmail.net ,
187,정인기,정인기,程仁基,1972.01.07,광주,사법시험 49회,"변호사 정인기, 김지현 법률사무소",062-224-6688 ,062-227-9200,"[501-835] 광주 동구 지산로 74-8,2층(지산동,심산빌딩)",issd2020@hanmail.net ,
185,오세욱,오세욱,吳世旭,1954.12.11,광주,사법시험 18회,법무법인 이우스,062-233-1600 ,062-225-7800,[501-838] 광주 동구 동명로 99(지산동),lawyeroso1@gmail.com ,
184,이소아,이소아,李昭芽,1978.11.29,광주,사법시험 48회,공익변호사와 함께하는 동행,062-351-0518 ,062-443-2015,"[61910] 광주 서구 상무버들로40번길 18 (유촌동, 상무버들마을1주공아파트) 2층, 205호",soahlee11010@gmail.com ,
183,김하중,김하중,金夏中,1960.06.20,광주,사법시험 29회,변호사김하중법률사무소,062-375-0008 ,062-236-0419,[61441] 광주 동구 준법로 25 (지산동) 5층,midsum60@naver.com ,
182,조영희,조영희,曺英姬,1976.03.04,광주,사법시험 48회,변호사조영희법률사무소,062-233-3333 ,062-233-3332,"[61445] 광주 동구 동명로 110 (지산동, 법조타운) 3층 313호",juris02j@naver.com ,
181,김용일,김용일,金龍逸,1954.08.25,광주,사법시험 18회,법무법인(유한)바른길,062-232-0050 ,062-232-1305,"[501-838] 광주 동구 동명로 101-1,1/2층(지산동,변호사회관)",yikim825@barungil.co.kr ,
180,김정희,김정희,金正熙,1975.05.16,광주,사법시험 48회,법무법인 지음,062-227-2227 ,062-227-1113,[61445] 광주 동구 동명로 110 법조타운 203호,mch2227@naver.com ,
179,김대율,김대율,金大律,1969.10.27,광주,사법시험 48회,변호사김대율법률사무소,"062-233-6151,223-6151 ",062-233-6523,"[501-838] 광주 동구 지산로78번길 9,3층(지산동)",cosmmos@hanmail.net ,
177,한재덕,한재덕,韓載德,1975.05.16,광주,사법시험 47회,변호사한재덕법률사무소,062-228-9701 ,062-228-9702,[61445] 광주 동구 지산로 73 (지산동),klettern336@gmail.com ,
176,이관진,이관진,李官珍,1969.10.17,광주,사법시험 37회,법무법인 인,062-228-2800 ,062-228-2802,[501-150] 광주 동구 지산동 709-23(2층),romeo150@nate.com ,
175,배준영,배준영,裵峻英,1975.08.09,광주,사법시험 47회,변호사배준영법률사무소,062-222-2332 ,0504-019-1379,[61444] 광주 동구 준법로 28 (지산동) 2층,pma123@hanmail.net ,민사법 (2015-09-14)
174,최은식,최은식,崔銀植,1973.10.28,광주,사법시험 47회,변호사최은식법률사무소,062-224-6100 ,062-224-6104,[501-150] 광주 동구 지산동 719-51 (3층),kelsen4383@hanmail.net ,
173,김신원,김신원,金信源,1975.01.23,광주,사법시험 47회,변호사김신원법률사무소,062-226-0037 ,062-226-3443,[501-150] 광주 동구 지산동 708-30,wosu305@naver.com ,
172,김성철,김성철,金成喆,1974.11.09,광주,사법시험 47회,변호사김성철법률사무소,062-227-3732 ,062-227-3733,"[61441] 광주 동구 지산로78번길 5-1, 2층(지산동)",kscyg@naver.com ,
171,고운오,고운오,高雲吾,1971.09.13,광주,사법시험 47회,법무법인 무등,062-226-7900 ,062-226-7901,"[61445] 광주 동구 동명로 106-2 , 3층, 4층(지산동)",goabt@hanmail.net ,
170,김성연,김성연,金聖演,1972.01.02,광주,군법무관임용시험 17회,변호사김성연법률사무소,229-5075 ,02-229-5078,"[501-838] 광주 동구 지산로 74-8,201호(지산동,심산빌딩)",kimsy0102@naver.com ,
169,이본석,이본석,李本石,1971.07.02,광주,군법무관임용시험 15회,변호사이본석법률사무소,"062-228-0787,8 ",062-228-0789,[501-150] 광주 동구 지산동 714-73(3층),lbs0787@daum.net ,
168,김정완,김정완,金貞完,1967.11.15,광주,군법무관임용시험 12회,법무법인 새천년,062-222-0101 ,062-234-7337,[501-150] 광주 동구 지산동 708-10(2층),popo1967@hanmail.net ,이혼 (2012-05-07);손해배상 (2012-05-07)
167,최정익,최정익,崔正翼,1968.08.04,광주,군법무관임용시험 12회,변호사최정익법률사무소,062-233-2020 ,062-233-2025,[501-150] 광주 동구 지산동 709-15 (정암빌딩 4층),chacha1968@hanmail.net ,
164,김현도,김현도,金現濤,1968.09.10,광주,사법시험 38회,변호사김현도법률사무소,062-234-6700 ,062-234-6702,[501-150] 광주 동구 지산동 714-17 (금강빌딩 502호),hdlawoffice@daum.net ,
163,서정암,서정암,徐正岩,1962.05.27,광주,사법시험 36회,법무법인 맥,062-226-5112~4 ,062-226-5118,[61445] 광주 동구 동명로 106(지산동),ggoggo77@hanmail.net ,
162,박성찬,박성찬,朴盛燦,1967.01.03,광주,사법시험 46회,법무법인 로컴,062-714-1424 ,062-714-1423,[501-150] 광주 동구 지산동 708-33,sunuappa@naver.com ,
161,정광연,정광연,鄭光淵,1978.09.13,광주,사법시험 46회,법률사무소 공명,062-233-3119 ,062-233-3117,[501-150] 광주 동구 지산동 373-5 (4층),ullim2007@naver.com ,재개발·재건축 (2015-06-08)
160,박철,박철,朴哲,1973.02.06,광주,사법시험 46회,법무법인 민,062-233-7900 ,062-223-7901,"[61441] 광주 동구 준법로 1 , 3층(지산동)",chp92@naver.com ,
159,유재규,유재규,柳在圭,1975.10.30,광주,사법시험 46회,변호사유재규법률사무소,062-233-8585 ,062-234-6702,[501-150] 광주 동구 지산동 714-17 (금강빌딩 502호),happylawyer@naver.com ,
158,이현백,이현백,李賢白,1966.01.23,광주,사법시험 46회,공동법률사무소 나루,062-223-9900 ,062-223-9922,"[61440] 광주 동구 지산로 85, 2층 (지산동, 서동빌딩)",leehyb12@hanmail.net ,
157,김종엽,김종엽,金鍾燁,1968.07.11,광주,사법시험 38회,법무법인 산,062-232-0003 ,062-232-1004,"[501-838] 광주 동구 지산로(지산동,심산빌딩) 74-8,3층",lawyerkjy@hanmail.net ,
156,신문수,신문수,申玟秀,1950.02.18,광주,사법시험 15회,변호사신문수법률사무소,062-369-0688 ,062-369-0685,"[61961] 광주 서구 마륵로 122,2층(치평동,애니빌딩)", ,
154,천형욱,천형욱,千亨旭,1961.05.14,광주,사법시험 45회,변호사천형욱법률사무소,062-223-4200 ,062-223-4202,[501-839] 광주 동구 지산동 714-6,chun5151@naver.com ,
153,용응규,용응규,龍應圭,1966.11.13,광주,사법시험 30회,법무법인 민,062-233-7900 ,062-223-7901,"[61441] 광주 동구 준법로 1 , 3층(지산동)",yeg@lawmin.net ,
152,기세운,기세운,奇世運,1963.05.15,광주,사법시험 39회,법무법인 형제,062-233-8500 ,062-232-3200,[501-150] 광주 동구 지산동 714-17 (금강빌딩 401호),ksu8500@hanmail.net ,
151,박덕희,박덕희,朴德熙,1965.03.10,광주,사법시험 41회,법무법인 에이프로,"062-222-0011, 0012 ",062-222-0013,[501-150] 광주 동구 지산동 342-13 (심산빌딩 402호),duckheepark@hanmail.net ,
148,장경진,장경진,張暻鎭,1968.08.13,광주,사법시험 45회,법무법인 소리,062-224-5550~2 ,062-224-5558,"[501-838] 광주 동구 동명로 110,509호(지산동,법조타운)",janggj67@hanmail.net ,
147,심재훈,심재훈,沈在訓,1966.02.17,광주,사법시험 45회,변호사심재훈법률사무소,062-222-3800 ,062-222-3803,[501-150] 광주 동구 지산동 342-13 (삼산빌딩 502호),gks3quf@hanmail.net ,부동산 (2015-07-06);건설 (2015-07-06)
146,박승일,박승일,朴昇日,1969.03.17,광주,사법시험 45회,변호사박승일법률사무소,062-236-1112 ,062-236-0120,"[501-838] 광주 동구 동명로(지산동,변호사회관) 101-1,302호",kknooo@naver.com ,
145,박상훈,박상훈,朴相勳,1971.08.15,광주,사법시험 44회,변호사박상훈법률사무소,062-382-5501 ,062-381-5596,[61969] 광주 서구 상무대로 935 (쌍촌동) 1층,lawjudge6600@hanmail.net ,
144,윤철호,윤철호,尹哲浩,1963.11.30,광주,사법시험 45회,법무법인 맥,062-226-5112~4 ,062-226-5118,[61445] 광주 동구 동명로 106(지산동),gaia365@hanmail.net ,
143,최정희,최정희,崔正熙,1973.12.29,광주,사법시험 45회,변호사최정희법률사무소,062-236-0222 ,062-236-0608,"[61946] 광주 서구 시청로96번길 15 (치평동, 로잔티움파크) 101호",choi092@hanmail.net ,부동산 (2013-08-12);가사법 (2013-08-12)
142,정혁,정혁,丁赫,1973.10.24,광주,사법시험 45회,변호사정 혁법률사무소,062-228-5533 ,062-228-5537,[501-150] 광주 동구 지산동 714-6 (3층),wide93@hanmail.net ,
141,이상현,이상현,李尙玹,1973.10.10,광주,사법시험 44회,변호사이상현법률사무소,"062-714-1223,4,5 ",062-714-1226,[501-150] 광주 동구 지산동 714-71,isak71@hanmail.net ,이혼 (2015-09-14);손해배상 (2015-09-14)
140,송현중,송현중,宋玄仲,1967.08.23,광주,사법시험 45회,변호사송현중법률사무소,062-227-3344 ,062-227-3366,"[501-838] 광주 동구 지산로 82-1,3층(지산동)",ehrkeh38@naver.com ,금융 (2015-04-27)
139,최익석,최익석,崔益錫,1972.06.21,광주,사법시험 44회,변호사최익석법률사무소,062-224-0111 ,062-224-4111,[501-150] 광주 동구 지산동 342-13 (심산빌딩 303호),shodang0111@hanmail.net ,
138,신동호,신동호,申東浩,1964.03.07,광주,군법무관임용시험 11회,변호사신동호법률사무소,062-233-5050 ,062-233-5053,[501-150] 광주 동구 지산동 373-5 (5층),shindh111@hanmail.net ,
136,안현주,안현주,安賢周,1978.04.09,광주,사법시험 44회,변호사안현주법률사무소,062-373-1298 ,062-443-1298,"[61962] 광주 서구 상무중앙로 7 (치평동, 상무타워) 5층, 540-1호",ahn.hyunjoo@gmail.com ,
134,정영권,정영권,丁榮權,1971.08.01,광주,사법시험 44회,변호사정영권법률사무소,062-223-7373 ,062-223-7374,[501-150] 광주 동구 지산동 709-23 (2층),youngkaan@hanmail.net ,
133,임진석,임진석,林鎭石,1973.03.28,광주,사법시험 44회,법무법인 이인,062-233-2900 ,062-233-2902,[501-838] 광주 동구 지산동 714-17 (금강빌딩 501호),alice1328@hanmail.net ,
131,박창식,박창식,朴昌植,1970.04.10,광주,사법시험 44회,변호사박창식법률사무소,062-233-3112-3 ,062-233-3116,[501-150] 광주 동구 지산동 342-21,pchspjh@hanmail.net ,이혼 (2015-09-14);손해배상 (2015-09-14)
129,안재극,안재극,安在克,1956.04.04,광주,사법시험 23회,변호사안재극법률사무소,062-234-6500 ,062-234-6633,[501-150] 광주 동구 지산동 715-2 (법조타운 401호),ajklawyer@hanmail.net ,
128,김영길,김영길,金永吉,1968.02.01,광주,군법무관임용시험 10회,변호사김영길법률사무소,"062-227-9700,1 ",062-227-9703,[501-150] 광주 동구 지산동 709-18(2층),kimkil9700@naver.com ,
127,차명수,차명수,車明秀,1975.06.15,광주,사법시험 43회,법무법인 시율,062-233-7701 ,062-233-7708,"[61445] 광주 동구 지산로 73 (지산동) 402호, 403호(지산동)",onepower615@hanmail.net ,
126,김정현,김정현,金錠炫,1965.10.25,광주,사법시험 43회,변호사김정현법률사무소,062-222-0550 ,062-222-6272,"[501-838] 광주 동구 필문대로 213-1,2층(지산동)",borisukim@naver.com ,
125,이정학,이정학,李政學,1972.09.21,광주,사법시험 43회,변호사이정학법률사무소,062-236-0095 ,062-236-0760,"[61440] 광주 동구 동명로 115 , 3층(지산동)",goodlawyer33@naver.com ,
124,김용출,김용출,金龍出,1959.02.08,광주,사법시험 22회,변호사김용출법률사무소,062-228-2000 ,,[501-150] 광주 동구 지산동 714-17 (3층), ,
123,손창환,손창환,孫昌煥,1963.07.15,광주,사법시험 30회,법무법인 로컴,062-233-7500 ,,[501-150] 광주 동구 지산동 708 -33,lawyersch@hanmail.net ,
122,강성두,강성두,姜成斗,1969.06.02,광주,사법시험 43회,법무법인 이우스,062-233-1600 ,062-225-7800,[501-838] 광주 동구 동명로 99(지산동),sdwtour@naver.com ,
121,김세환,김세환,金世煥,1973.12.05,광주,사법시험 43회,변호사김세환법률사무소,062-228-9696 ,062-228-9393,"[501-838] 광주 동구 지산로78번길 9,2층(지산동,문전빌딩)",bsc332002@naver.com ,
120,김정호,김정호,金偵鎬,1973.11.23,광주,사법시험 43회,법무법인 이우스,062-233-1600 ,062-225-7800,[501-838] 광주 동구 동명로 99(지산동),kjh3151@hanmail.net ,
119,정상문,정상문,鄭尙文,1972.08.13,광주,사법시험 43회,변호사정상문법률사무소,"062-225-0505,0220 ",062-225-0277,"[61441] 광주 동구 밤실로 21, 2층(지산동)",afljsm@hanmail.net ,
118,김현,김현,金炫,1971.03.03,광주,사법시험 43회,변호사김 현법률사무소,062-232-2288 ,062-232-2284,[501-150] 광주 동구 지산동 714-17 (금강빌딩 402호),lawkh5030@hanmail.net ,
117,최정재,최정재,崔正在,1973.05.19,광주,사법시험 43회,변호사최정재법률사무소,062-236-0025 ,062-236-0027,[501-150] 광주 동구 지산동 373-8 (3층),chjj0519@hanmail.net ,
116,박홍기,박홍기,朴洪起,1968.04.15,광주,사법시험 43회,변호사박홍기법률사무소,062-228-0022~3 ,062-228-6080,[501-150] 광주 동구 지산동 709-18,phk0022@naver.com ,
115,박도하,박도하,朴到夏,1964.04.28,광주,사법시험 43회,변호사박도하법률사무소,062-233-7571 ,062-233-7574,[61441] 광주 동구 준법로25번길 16-3 (지산동) 1층,pdh3823@naver.com ,산재 (2015-02-16);노동법 (2015-02-16)
114,조기선,조기선,趙基善,1955.12.28,광주,사법시험 26회,변호사조기선법률사무소,062-232-6200 ,062-232-9888,"[501-838] 광주 동구 동명로 110,408호(지산동,법조타운)",choks55@hanmail.net ,
113,이기석,이기석,李基錫,1967.11.20,광주,군법무관임용시험 10회,변호사이기석법률사무소,062-227-3579 ,062-227-3580,[61441] 광주 동구 준법로 29 (지산동) 3층,qus3579@hanmail.net ,
112,심형섭,심형섭,沈亨燮,1966.01.20,광주,군법무관임용시험 10회,법무법인 승지,062-226-0031 ,062-226-5936,"[61637] 광주 남구 중앙로 87 , 11층(서동, KBC광주방송)",shs0031@gmail.com ,
111,김상훈,김상훈,金相訓,1971.06.06,광주,사법시험 39회,법무법인 빛고을종합,062-224-0001 ,062-224-0205,[501-150] 광주 동구 지산동 373-7 (5층),rnb0001@naver.com ,
110,문성탁,문성탁,文聖卓,1974.10.21,광주,사법시험 42회,법무법인 시율,062-233-7701 ,062-233-7708,"[61445] 광주 동구 지산로 73 (지산동) 402호, 403호(지산동)",mst1021@naver.com ,
109,이민아,이민아,李敏兒,1972.06.25,광주,사법시험 42회,법무법인 서석,062-226-7400 ,062-225-5310,[501-839] 광주 동구 지산동 715-2(법조타운206호),ley515@hanmail.net ,
108,진용태,진용태,陳庸泰,1968.08.13,광주,사법시험 42회,변호사진용태법률사무소,"062-226-2080,1 ",062-226-2084,[501-150] 광주 동구 지산동 709-15 (3층),senorjin@hanmail.net ,
107,이근우,이근우,李根雨,1957.01.26,광주,사법시험 23회,법무법인 로컴,062-236-2800 ,062-236-2803,[501-150] 광주 동구 지산동 708-33 (세광빌딩 2층),urignu@hanmail.net ,
106,추동기,추동기,秋東基,1972.07.06,광주,사법시험 42회,변호사 추동기·오두일 법률사무소,062-232-0082 ,062-232-0155,[501-150] 광주 동구 지산동 715-2 (법조타운 405호),law0082@gmail.com ,
105,임일도,임일도,任一道,1967.02.18,광주,사법시험 42회,변호사임일도법률사무소,062-234-8700 ,062-234-8702,"[61441] 광주 동구 준법로 31 (지산동) 3, 4층",ok2348700@hanmail.net ,
104,정미라,정미라,鄭美羅,1975.04.06,광주,사법시험 42회,변호사정미라법률사무소,062-223-7792 ,062-223-7793,"[61445] 광주 동구 동명로 110 (지산동, 법조타운) 402호",meeraa@dreamwiz.com ,
103,최국신,최국신,崔國信,1971.05.27,광주,사법시험 42회,법무법인 광주로펌, ,,[502-270] 광주 서구 치평동 1208(골드빌오피스텔 102호),gugshine@hanmail.net ,
101,전도영,전도영,全度泳,1939.02.18,광주,사법시험 8회,종합법률사무소 장원,062-224-3322 ,062-224-7378,"[501-838] 광주 동구 지산로78번길 11,2층(지산동)",jwlawfirm@hanmail.net ,
100,노영대,노영대,魯榮大,1954.09.08,광주,사법시험 23회,법무법인 법가,062-233-8070 ,062-224-3388,[501-150] 광주 동구 지산동 342-12,bubga8070@gmail.com ,
99,이한진,이한진,李漢鎭,1974.09.24,광주,사법시험 41회,법무법인 지산,062-223-6300 ,062-223-6303,[61961] 광주 서구 상무대로 759 (치평동),kopfer@hanmail.net ,
98,윤춘주,윤춘주,尹春周,1968.03.05,광주,사법시험 41회,법무법인 서석,062-226-7400 ,062-225-5310,[501-839] 광주 동구 지산동 715-2(법조타운206호),nicelawyer@paran.com ,
97,문정현,문정현,文正鉉,1960.07.11,광주,사법시험 33회,법무법인(유한)바른길,062-381-0050 ,062-381-0260,"[502-827] 광주 서구 상무중앙로(치평동,전문건설회관) 80,1층",jhmoon@barungil.co.kr ,
96,나재호,나재호,羅哉淏,1965.08.17,광주,군법무관임용시험 9회,변호사나재호법률사무소,062-224-7749 ,062-224-7747,[61440] 광주 동구 동명로 95 (지산동) (2층),pumpybear@naver.com ,
93,서일석,서일석,徐日錫,1966.11.20,광주,사법시험 40회,법무법인 21세기종합법률사무소,062-224-0004 ,062-224-0005,"[501-838] 광주 동구 동명로 101-1,4~5층(지산동,변호사회관)",einstein85@hanmail.net ,
92,김길수,김길수,金吉洙,1969.06.15,광주,사법시험 39회,변호사김길수법률사무소,062-236-2781 ,062-236-2784,[501-150] 광주 동구 지산동 714-1 (2층),sooahoon@hanmail.net ,
89,신광식,신광식,申光植,1965.05.15,광주,사법시험 39회,변호사신광식법률사무소,062-223-0231 ,062-224-0234,"[501-150] 광주 동구 지산로 63,2층(지산동,중암빌딩)",lawaskme@hanmail.net ,재개발·재건축 (2015-10-26)
88,김장생,김장생,金長生,1961.04.26,광주,사법시험 39회,변호사김장생법률사무소,062-233-­9988 ,062-225-­8941,[501-839] 광주 동구 지산동 715-40,lawyer119@hanmail.net ,
87,양시복,양시복,梁時福,1959.08.07,광주,사법시험 39회,변호사양시복법률사무소,062-233-3690 ,062-233-3692,[501-836] 광주 동구 지산동 342-25,ysbwannafly@hanmail.net ,
86,강동욱,강동욱,姜東旭,1961.10.25,광주,사법시험 39회,법률사무소 공명,062-233-3119 ,062-233-3117,"[501-150] 광주 동구 지산로78번길 1,4층(지산동)",ullimso@hanmail.net ,부동산 (2015-04-13)
84,김영권,김영권,金榮權,1952.04.27,광주,사법시험 30회,법무법인 지산,062-225-2900 ,062-223-6303,[502-270] 광주 서구 치평동 1310-22 (지산빌딩 1층),yk-kim2900@hanmail.net ,
83,정민수,정민수,鄭敏洙,1944.02.17,광주,사법시험 15회,법무법인 21세기종합법률사무소,062-224-0004 ,062-224-0005,[501-151] 광주 동구 지산1동 714-20 (변호사회관 5층), ,
82,이기연,이기연,李記演,1961.09.22,광주,군법무관임용시험 8회,변호사이기연법률사무소,"062-226-6755,6 ",062-226-6757,[501-152] 광주 동구 지산2동 708-34,lky6755@hanmail.net ,
81,오민근,오민근,吳旻根,1963.12.04,광주,군법무관임용시험 8회,변호사오민근법률사무소,062-222-6544 ,062-222-1269,"[501-835] 광주 동구 지산로(지산동) 72,3층",omk6544@hanmail.net ,
80,한상종,한상종,韓相鍾,1965.12.06,광주,사법시험 38회,법무법인(유한)바른길,062-381-0050 ,062-381-0240,"[502-827] 광주 서구 상무중앙로 80,1층(치평동,전문건설회관)",gnah@chollian.net ,
79,임선숙,임선숙,林仙淑,,,사법시험 38회,법무법인 이우스,062-233-1600 ,062-225-7800,[501-838] 광주 동구 동명로 99(지산동),sslim233@hanmail.net ,
78,이상갑,이상갑,李尙甲,1967.11.25,광주,사법시험 38회,법무법인 공감,062-222-5050 ,,"[501-838] 광주 동구 지산로 73(지산동,동명빌딩)",chunjee@unitel.co.kr ,
77,임태호,임태호,林台浩,1969.10.24,광주,사법시험 38회,공동법률사무소 천지합동,062)228-­8660 ,062-228­-8990,[501-838] 광주 동구 지산동 434-2(요천빌딩4층),taeniro@naver.com ,
76,정채웅,정채웅,鄭彩雄,1964.01.19,광주,사법시험 38회,공동법률사무소 천지합동,062-228-­8660 ,062-228­-8990,[501-838] 광주 동구 지산동 434-2(요천빌딩4층),jcolorman@hanmail.net ,
75,김전근,김전근,金銓根,1951.03.29,광주,사법시험 28회,법무법인 서석,062-226-­7400~1 ,062-225-­5310,[501-838] 광주 동구 지산동 715-2(법조타운206호),lawkjk@hanmail.net ,
74,나봉수,나봉수,羅丰洙,1959.11.25,광주,사법시험 37회,변호사나봉수법률사무소,062-226-­5868 ,062-226­-4748,[501-836] 광주 동구 지산동 373-9(3층), ,
73,신정식,신정식,申晶植,1940.09.03,광주,사법시험 16회,무진 공동 법률사무소,062-222-2100 ,062-223-2101,"[61441] 광주 동구 지산로 74-8 , 501호(지산동, 심산빌딩)",jsshin40@naver.com ,
72,곽준흠,곽준흠,郭準欽,1945.10.15,광주,사법시험 18회,변호사곽준흠법률사무소,062-226-­3356~7 ,062-226­-3358,[501-838] 광주 동구 지산동 433-3(중암빌딩3층), ,
71,박영국,박영국,朴榮局,1958.05.16,광주,군법무관임용시험 7회,공증인가 광주제일,062-226-5551~2 ,062-226-5565,[501-030] 광주 동구 대인동 156 (추선장학회관 3층),pyk5551@hanmail.net ,
70,최병근,최병근,崔炳根,1962.11.26,광주,사법시험 36회,법무법인 뿌리,"062-232-8580,8581,8583 ",062-232-8584,"[501-150] 광주 동구 동명로 110,409호(지산동,법조타운)",cbk8580@daum.net ,손해배상 (2015-10-26);건설 (2015-10-26)
68,이근우,이근우,李根宇,1942.02.05,광주,사법시험 14회,변호사이근우법률사무소,062-228-­0543 ,062-228­-0660,[501-836] 광주 동구 지산동 342-24,keunwool@chollian.net ,
67,최훈장,최훈장,崔勳長,1940.09.02,광주,사법시험 14회,법무법인 법가,062-233-8070 ,062-224-3388,[501-150] 광주 동구 지산동 342-12, ,
66,백형용,백형용,白形龍,1963.04.13,광주,사법시험 33회,법무법인 법가,062-233-5315 ,062-224-3388,[501-150] 광주 동구 지산동 342-12, ,
65,임찬욱,임찬욱,任贊旭,1955.02.06,광주,사법시험 23회,법무법인(유한)바른길,062-381-0050 ,062-381-0260,"[502-827] 광주 서구 상무중앙로80 ,1층(치평동,전문건설회관)",icu5426@hanmail.net ,
64,정규련,정규련,鄭圭鍊,1965.12.26,광주,사법시험 34회,법무법인 빛고을종합,062)234-­0180 ,062-234­-0803,[501-838] 광주 동구 지산동 373-7, ,
63,양경호,양경호,梁耿瑚,1959.12.20,광주,사법시험 34회,법무법인 민주로,"062-225-3341,2 ",062-225-3343,"[61440] 광주 동구 동명로 107,202호(지산동)",ykhlaw@hanmail.net ,
60,박철환,박철환,朴哲煥,1952.11.01,광주,사법시험 24회,종합법률사무소 장원,062-224-3322 ,062-224-7378,"[501-838] 광주 동구 지산로78번길 11,2층(지산동)",jwlawfirm@hanmail.net ,
58,김철,김철,金哲,1966.10.03,광주,사법시험 30회,법무법인 지산,062-385-6301 ,062-385-6129,[502-270] 광주 서구 치평동 1310-22 (5층),kmcl7@hanmail.net ,
57,이영창,이영창,李榮昶,1961.09.19,광주,사법시험 30회,변호사이영창법률사무소,062-225-0015 ,062-225-0016,[61441] 광주 동구 지산로78번길 5 (지산동) 4층,lyc60@hanmail.net ,
56,김균영,김균영,金均迎,1964.12.09,광주,사법시험 30회,법무법인 무등,062-226-7900 ,062-226-7901,"[61445] 광주 동구 동명로 106-2 , 3층, 4층(지산동)",myufo64@hanmail.net ,
55,서한기,서한기,徐漢基,1961.01.11,광주,사법시험 33회,법무법인 21세기종합법률사무소,062-227-3001 ,062-227-3055,[501-150] 광주 동구 지산동 714-20 (변호사회관5층),3009seo@hanmail.net ,
54,노강규,노강규,魯岡圭,1963.04.26,광주,사법시험 30회,변호사노강규법률사무소,062-226-0680 ,062-226-0681,[501-150] 광주 동구 지산동 714-43,ggnoh@hanmail.net ,
53,공재원,공재원,孔在元,1958.01.20,광주,사법시험 32회,변호사공재원법률사무소,062-223-­2100，2155 ,062-223­-2165,[501-837] 광주 동구 지산동 719-51(4층),kjwon2100@daum.net ,
52,이정희,이정희,李淨熙,1954.08.09,광주,사법시험 32회,변호사이정희법률사무소,062-228-5533 ,062-228-5537,[501-150] 광주 동구 지산동 714-6 (3층),lawljh@hanmail.net ,
51,박재우,박재우,朴宰佑,1955.09.02,광주,군법무관임용시험 5회,법무법인 21세기종합법률사무소,062-228-6250 ,062-228-6282,[501-150] 광주 동구 지산동 714-20(4층),pjw6250@hanmail.net ,
50,김천석,김천석,金千石,1949.12.02,광주,사법시험 23회,법무법인 로컴,062-234-6100 ,062-234-6103,[501-836] 광주 동구 준법로 25(지산동), ,
49,이건영,이건영,李建泳,1963.02.02,광주,사법시험 28회,변호사이건영법률사무소,062-226-2511 ,062-225-6348,[61445] 광주 동구 지산로 73 (지산동) 1층,elawyer@hanmail.net ,
48,이철원,이철원,李哲源,1958.07.14,광주,사법시험 31회,변호사이철원법률사무소,062-655-5404 ,062-655-5408,[503-310] 광주 남구 주월동 1157-22 (3층),chwonll@hanmail.net ,
46,유인상,유인상,柳寅相,1954.12.10,광주,사법시험 31회,법무법인 대양,062-233-0311 ,062-233-0313,"[501-150] 광주 동구 지산동 373-9 (4,5층)",yis0000@naver.com ,
41,기세룡,기세룡,奇世龍,1961.06.29,광주,사법시험 30회,법무법인 형제,062-233-8500 ,062-232-3200,[501-150] 광주 동구 지산동 714-17 (금강빌딩 401호),srkey@hanmail.net ,
40,김경석,김경석,金京錫,1960.07.02,광주,사법시험 30회,법무법인(유한)바른길,062-232-0050 ,062-232-1305,"[501-838] 광주 동명로 101-1, 1층,2층(지산동,광주지방변호사회관)",kimkyeongs@naver.com ,
39,강행옥,강행옥,姜幸玉,1961.09.07,광주,사법시험 26회,변호사강행옥법률사무소,062-226­-8880 ,062-226­-8980,[501-838] 광주 동구 지산동 373-6,moonkang61@hanmail.net ,
38,하승완,하승완,河昇完,1951.08.28,광주,사법시험 30회,변호사하승완법률사무소,062-233-2236 ,062-233-2258,[501-150] 광주 동구 지산동 715-2(법조타운402호),haasamo@naver.com ,
37,박도영,박도영,朴度泳,1950.05.15,광주,사법시험 21회,법무법인 서석,062-226-­7400~1 ,062-225­-5365,[501-836] 광주 동구 지산동 715-2(법조타운206호),park@lawko.co.kr ,
36,배재일,배재일,裵宰一,1955.08.17,광주,사법시험 29회,법무법인(유한)바른길,062-381-0050 ,062-381-0260,"[502-827] 광주 서구 상무중앙로80 ,1층(치평동,전문건설회관)",aalaw3511@gmail.com ,민사법 (2015-01-19);금융 (2015-01-19)
35,양차권,양차권,梁次權,1958.10.28,광주,사법시험 29회,법무법인 서석,062-226-­7400~1 ,062-225-­5365,[501-836] 광주 동구 지산동 715-2(법조타운206호), ,
34,차현국,차현국,車炫國,1962.05.15,광주,사법시험 29회,변호사차현국법률사무소,062-233-­2930~1 ,062-233-­2931,[501-838] 광주 동구 지산동 434-2(요천빌딩5층),seongan-cha@hanmail.net ,
33,송현규,송현규,宋炫圭,1957.04.10,광주,사법시험 29회,법무법인 빛고을종합,062)222-9880 ,234-0195,[501-150] 광주 동구 지산동 373-7 2층,gnosk@hanmail.net ,의료 (2016-02-11)
32,김재진,김재진,金在珍,1959.09.29,광주,사법시험 25회,법무법인 광주로펌,063-383-0889 ,063-382-0889,[502-270] 광주 서구 치평동 1208(골드빌오피스텔 102호),couleur2004@hanmail.net ,
30,조운식,조운식,趙雲植,1957.08.22,광주,사법시험 27회,변호사조운식법률사무소,062)222-­6401 ,062-224-­0854,[501-838] 광주 동구 지산동 373-5 지산빌딩 5층,j2226401@nate.com ,
29,국중돈,국중돈,鞠重敦,1959.08.24,광주,사법시험 27회,변호사국중돈법률사무소,062-222-­0377~8 ,062-222­-0785,[501-838] 광주 동구 지산동 373-5,jdkook824@hanmail.net ,
28,김나복,김나복,金羅福,1957.12.23,광주,사법시험 26회,공증인가 광주제일 합동,"062-232-­5909,5959 ",062-226­-1501,[501-811] 광주 동구 대인동 156(추선회관302호),nabogkim@naver.com ,
24,방영철,방영철,房永哲,1945.07.18,광주,사법시험 25회,법무법인 광주로펌,063-383-0889 ,063-382-0889,[502-270] 광주 서구 치평동 1208(골드빌오피스텔 102호), ,
23,김동재,김동재,金東宰,1950.06.23,광주,사법시험 25회,변호사김동재법률사무소,062-223-7881~2 ,062-223-7888,"[61441] 광주 동구 밤실로 19,2층(지산동)",pasan@hanmail.net ,
22,강창원,강창원,姜昶遠,1952.12.20,광주,사법시험 24회,변호사강창원법률사무소,062-232-­2991~2 ,062-232-­2991,[501-838] 광주 동구 지산동 379-14, ,
21,오수원,오수원,吳洙源,1954.03.05,광주,사법시험 24회,법무법인 무등,062-226-7900 ,062-226-7901,"[61445] 광주 동구 동명로 106-2 , 3층, 4층(지산동)",oswnl@hanmail.net ,
20,임원배,임원배,任源培,1944.05.04,광주,군법무관임용시험 2회,법무법인 서석,062-226-7400 ,062-225-5365,[501-150] 광주 동구 지산동 715-2(법조타운206호),owunbae@naver.com ,
17,문형철,문형철,文炯喆,1947.08.18,광주,군법무관임용시험 2회,법무법인 지산,062-385-6300 ,062-385-6303,[502-270] 광주 서구 치평동 1310-22,hcmoon@kornet.net ,
16,박석순,박석순,朴石淳,1952.11.25,광주,사법시험 23회,변호사박석순법률사무소,062)232­8116~7 ,062-228­3379,[501-836] 광주 동구 지산동 714-43,2283379@naver.com ,
15,김용채,김용채,金容采,1950.07.11,광주,사법시험 23회,법무법인 광주로펌, ,,[502-270] 광주 서구 치평동 1208(골드빌오피스텔 102호),yckimlaw@hanmail.net ,
11,김시경,김시경,金時景,1942.05.11,광주,군법무관임용시험 1회,법무법인 광주로펌,062-222-3839 ,062-382-0889,[502-270] 광주 서구 치평동 1208(골드오피스텔102호),kimsikyung@paran.com ,
9,정태세,정태세,鄭泰世,1949.01.05,광주,사법시험 14회,변호사정태세법률사무소,062-228-2211-3 ,062-228-2214,[501-150] 광주 동구 지산동 709-48 (3층),lkd30d@yahoo.co.kr ,
8,강신영,강신영,姜信英,1932.06.25,광주,고등고시 13회,공증인가 광주제일 합동,062-222-­3331 ,062-225­-6870,[501-811] 광주 동구 대인동 156(추선회관305호), ,
7,정병섭,정병섭,鄭秉燮,1938.02.13,광주,사법시험 2회,변호사정병섭법률사무소,062-227-9977 ,062-224-3388,[501-150] 광주 동구 지산동 342-12,stickajung@hanmail.net ,
2,권진욱,권진욱,權晋郁,1937.07.28,광주,고등고시 11회,법무법인 광주로펌,062-383-0889 ,062-382-0889,[502-270] 광주 서구 치평동 1208 (골든빌오피스텔 102호), ,
